symbol,direction,entry_time,entry_price,exit_time,exit_price,quantity,exit_reason,gross_pnl,costs,net_pnl,capital_after
NSE:MARUTI-EQ,long,2023-01-02T12:27:00+05:30,8420.5,2023-01-02T12:30:00+05:30,8403.659,5,stoploss,-84.205,109.589,-193.794,49806.206
NSE:SUNPHARMA-EQ,long,2023-01-02T12:24:00+05:30,998.6,2023-01-02T12:42:00+05:30,996.6028,50,stoploss,-99.86,121.1881,-221.0481,49778.9519
NSE:ICICIBANK-EQ,long,2023-01-02T12:27:00+05:30,903.9,2023-01-02T12:51:00+05:30,902.0922,55,stoploss,-99.429,120.8688,-220.2978,49779.7022
NSE:BAJFINANCE-EQ,long,2023-01-02T12:27:00+05:30,655.17,2023-01-02T13:03:00+05:30,657.7907,76,target,199.1717,121.2215,77.9502,50077.9502
NSE:LT-EQ,short,2023-01-02T12:42:00+05:30,2089.2,2023-01-02T13:09:00+05:30,2093.3784,23,stoploss,-96.1032,118.5472,-214.6504,49564.3015
NSE:KOTAKBANK-EQ,short,2023-01-02T13:03:00+05:30,365.01,2023-01-02T13:12:00+05:30,365.74,136,stoploss,-99.2827,120.9077,-220.1904,49857.7598
NSE:ASIANPAINT-EQ,long,2023-01-02T13:21:00+05:30,3047.3,2023-01-02T13:24:00+05:30,3041.2054,16,stoploss,-97.5136,119.4496,-216.9632,49640.7966
NSE:INFY-EQ,long,2023-01-02T12:27:00+05:30,1517.4,2023-01-02T13:27:00+05:30,1523.4696,32,target,194.2272,119.3839,74.8433,50074.8433
NSE:LT-EQ,long,2023-01-02T13:27:00+05:30,2091.25,2023-01-02T13:33:00+05:30,2087.0675,23,stoploss,-96.1975,118.4745,-214.672,49860.1713
NSE:AXISBANK-EQ,short,2023-01-02T12:30:00+05:30,937.75,2023-01-02T13:57:00+05:30,933.999,53,target,198.803,120.7896,78.0134,49884.2194
NSE:BAJFINANCE-EQ,long,2023-01-02T13:33:00+05:30,656.0,2023-01-02T13:57:00+05:30,654.688,76,stoploss,-99.712,121.0784,-220.7904,49639.3809
NSE:LT-EQ,short,2023-01-02T13:54:00+05:30,2085.6,2023-01-02T13:57:00+05:30,2089.7712,23,stoploss,-95.9376,118.4242,-214.3618,49645.8095
NSE:KOTAKBANK-EQ,short,2023-01-02T13:15:00+05:30,365.58,2023-01-02T14:15:00+05:30,364.1177,136,target,198.8755,120.8164,78.0591,49935.8189
NSE:RELIANCE-EQ,long,2023-01-02T13:18:00+05:30,1282.1,2023-01-02T14:15:00+05:30,1279.5358,38,stoploss,-97.4396,119.3948,-216.8344,49640.9254
NSE:INFY-EQ,long,2023-01-02T13:45:00+05:30,1522.7,2023-01-02T14:15:00+05:30,1519.6546,32,stoploss,-97.4528,119.4046,-216.8574,49643.314
NSE:TCS-EQ,long,2023-01-02T12:24:00+05:30,3252.55,2023-01-02T14:18:00+05:30,3246.0449,15,stoploss,-97.5765,119.4962,-217.0727,49782.9273
NSE:WIPRO-EQ,long,2023-01-02T13:18:00+05:30,196.25,2023-01-02T14:18:00+05:30,195.8575,254,stoploss,-99.695,121.0658,-220.7608,49636.999
NSE:SBIN-EQ,short,2023-01-02T12:30:00+05:30,614.0,2023-01-02T14:30:00+05:30,611.544,81,target,198.936,120.8388,78.0972,49884.3032
NSE:ICICIBANK-EQ,short,2023-01-02T13:51:00+05:30,901.6,2023-01-02T14:45:00+05:30,903.4032,55,stoploss,-99.176,120.8284,-220.0044,49640.1669
NSE:TITAN-EQ,short,2023-01-02T13:51:00+05:30,2565.85,2023-01-02T14:45:00+05:30,2570.9817,19,stoploss,-97.5023,119.5859,-217.0882,49643.0831
NSE:HDFCBANK-EQ,short,2023-01-02T12:33:00+05:30,814.98,2023-01-02T15:15:00+05:30,815.1,61,time_exit,-7.32,120.9515,-128.2715,49677.9345
NSE:MARUTI-EQ,short,2023-01-02T12:42:00+05:30,8405.0,2023-01-02T15:15:00+05:30,8403.3,5,time_exit,8.5,109.5348,-101.0348,49677.9171
NSE:ASIANPAINT-EQ,long,2023-01-02T15:15:00+05:30,3044.9,2023-01-02T15:18:00+05:30,3048.65,16,time_exit,60.0,119.5174,-59.5174,49618.3997
NSE:TCS-EQ,long,2023-01-02T15:27:00+05:30,3265.05,2023-01-03T09:15:00+05:30,3258.5199,15,stoploss,-97.9515,119.7741,-217.7256,49400.6741
NSE:ASIANPAINT-EQ,long,2023-01-02T15:27:00+05:30,3049.85,2023-01-03T09:15:00+05:30,3043.7503,16,stoploss,-97.5952,119.5101,-217.1053,49401.2944
NSE:ASIANPAINT-EQ,long,2023-01-03T10:12:00+05:30,3055.65,2023-01-03T10:18:00+05:30,3049.5387,16,stoploss,-97.7808,119.6476,-217.4284,49183.8661
NSE:LT-EQ,long,2023-01-03T10:30:00+05:30,2092.8,2023-01-03T10:48:00+05:30,2088.6144,23,stoploss,-96.2688,118.5273,-214.7961,48969.0699
NSE:SUNPHARMA-EQ,long,2023-01-03T10:45:00+05:30,1000.0,2023-01-03T10:48:00+05:30,998.0,49,stoploss,-98.0,119.81,-217.81,48966.0561
NSE:HDFCBANK-EQ,long,2023-01-03T10:06:00+05:30,815.28,2023-01-03T10:51:00+05:30,818.5411,60,target,195.6672,119.9191,75.7481,49477.0426
NSE:ICICIBANK-EQ,long,2023-01-03T10:06:00+05:30,903.3,2023-01-03T10:54:00+05:30,901.4934,54,stoploss,-97.5564,119.4813,-217.0377,49184.2567
NSE:RELIANCE-EQ,long,2023-01-03T10:45:00+05:30,1282.97,2023-01-03T11:27:00+05:30,1280.4041,38,stoploss,-97.5057,119.4438,-216.9495,48966.9166
NSE:INFY-EQ,long,2023-01-03T10:06:00+05:30,1526.05,2023-01-03T11:36:00+05:30,1532.1542,32,target,195.3344,119.7954,75.539,49476.8334
NSE:INFY-EQ,long,2023-01-03T11:45:00+05:30,1531.1,2023-01-03T11:57:00+05:30,1528.0378,32,stoploss,-97.9904,119.8029,-217.7933,49259.0402
NSE:HDFCBANK-EQ,long,2023-01-03T11:36:00+05:30,818.88,2023-01-03T12:12:00+05:30,817.2422,59,stoploss,-96.6278,118.7933,-215.4212,49261.4123
NSE:SUNPHARMA-EQ,long,2023-01-03T10:51:00+05:30,997.5,2023-01-03T12:18:00+05:30,995.505,49,stoploss,-97.755,119.6285,-217.3835,49259.6591
NSE:WIPRO-EQ,long,2023-01-03T11:06:00+05:30,197.33,2023-01-03T12:21:00+05:30,196.9353,249,stoploss,-98.2703,120.0103,-218.2806,48965.9761
NSE:RELIANCE-EQ,short,2023-01-03T11:57:00+05:30,1280.0,2023-01-03T12:21:00+05:30,1274.88,38,target,194.56,119.219,75.341,49334.3812
NSE:SBIN-EQ,short,2023-01-03T11:57:00+05:30,613.1,2023-01-03T12:30:00+05:30,610.6476,80,target,196.192,119.8231,76.3689,49335.4091
NSE:AXISBANK-EQ,long,2023-01-03T11:15:00+05:30,951.95,2023-01-03T12:33:00+05:30,950.0461,51,stoploss,-97.0989,119.1424,-216.2413,48968.0155
NSE:TITAN-EQ,long,2023-01-03T10:54:00+05:30,2577.7,2023-01-03T12:45:00+05:30,2572.5446,19,stoploss,-97.9526,119.7749,-217.7275,48966.5292
NSE:ASIANPAINT-EQ,short,2023-01-03T12:03:00+05:30,3041.55,2023-01-03T12:48:00+05:30,3029.3838,16,target,194.6592,119.2557,75.4035,49334.4437
NSE:TITAN-EQ,short,2023-01-03T13:00:00+05:30,2571.05,2023-01-03T13:03:00+05:30,2576.1921,19,stoploss,-97.6999,119.7326,-217.4325,49117.0112
NSE:INFY-EQ,short,2023-01-03T12:51:00+05:30,1526.05,2023-01-03T13:30:00+05:30,1529.1021,32,stoploss,-97.6672,119.7083,-217.3755,49117.0682
NSE:SBIN-EQ,short,2023-01-03T12:57:00+05:30,610.75,2023-01-03T13:30:00+05:30,611.9715,80,stoploss,-97.72,119.7475,-217.4675,49116.9762
NSE:BAJFINANCE-EQ,short,2023-01-03T13:06:00+05:30,660.2,2023-01-03T13:30:00+05:30,661.5204,74,stoploss,-97.7096,119.7398,-217.4494,48899.5618
NSE:RELIANCE-EQ,short,2023-01-03T13:09:00+05:30,1274.8,2023-01-03T13:30:00+05:30,1277.3496,38,stoploss,-96.8848,119.1274,-216.0122,48900.999
NSE:SUNPHARMA-EQ,short,2023-01-03T12:30:00+05:30,995.5,2023-01-03T13:42:00+05:30,997.491,49,stoploss,-97.559,119.628,-217.187,49118.2221
NSE:HDFCBANK-EQ,short,2023-01-03T13:09:00+05:30,815.78,2023-01-03T13:42:00+05:30,817.4116,60,stoploss,-97.8936,119.8764,-217.77,48899.2412
NSE:KOTAKBANK-EQ,short,2023-01-03T11:57:00+05:30,364.81,2023-01-03T13:45:00+05:30,365.5396,135,stoploss,-98.4987,120.3256,-218.8243,49040.2159
NSE:ICICIBANK-EQ,short,2023-01-03T13:18:00+05:30,898.75,2023-01-03T13:45:00+05:30,900.5475,54,stoploss,-97.065,119.2612,-216.3262,48900.685
NSE:BAJFINANCE-EQ,long,2023-01-03T13:54:00+05:30,661.65,2023-01-03T14:12:00+05:30,660.3267,73,stoploss,-96.6009,118.7734,-215.3743,48685.3107
NSE:LT-EQ,long,2023-01-03T14:27:00+05:30,2080.9,2023-01-03T14:42:00+05:30,2089.2236,23,target,191.4428,118.3491,73.0937,48758.4044
NSE:TCS-EQ,long,2023-01-03T13:42:00+05:30,3302.5,2023-01-03T14:45:00+05:30,3315.71,14,target,184.94,115.9323,69.0077,48968.2489
NSE:WIPRO-EQ,long,2023-01-03T14:18:00+05:30,197.5,2023-01-03T14:48:00+05:30,198.29,246,target,194.34,119.4258,74.9142,48760.2249
NSE:AXISBANK-EQ,long,2023-01-03T14:51:00+05:30,964.3,2023-01-03T14:57:00+05:30,962.3714,50,stoploss,-96.43,118.6468,-215.0768,48545.1481
NSE:TCS-EQ,long,2023-01-03T14:57:00+05:30,3316.65,2023-01-03T15:00:00+05:30,3310.0167,14,stoploss,-92.8662,116.0063,-208.8725,48336.2757
NSE:BAJFINANCE-EQ,long,2023-01-03T14:21:00+05:30,661.79,2023-01-03T15:06:00+05:30,660.4664,73,stoploss,-96.6213,118.7885,-215.4099,48469.9009
NSE:ASIANPAINT-EQ,short,2023-01-03T13:09:00+05:30,3034.0,2023-01-03T15:15:00+05:30,3027.1,16,time_exit,110.4,119.1348,-8.7348,49108.2764
NSE:LT-EQ,long,2023-01-03T14:54:00+05:30,2086.2,2023-01-03T15:15:00+05:30,2089.45,23,time_exit,74.75,118.4375,-43.6875,48716.5374
NSE:KOTAKBANK-EQ,long,2023-01-03T14:54:00+05:30,366.22,2023-01-03T15:15:00+05:30,366.44,133,time_exit,29.26,119.4765,-90.2165,48670.0084
NSE:AXISBANK-EQ,long,2023-01-03T15:00:00+05:30,961.6,2023-01-03T15:15:00+05:30,963.0,50,time_exit,70.0,118.5783,-48.5783,48287.6974
NSE:TCS-EQ,long,2023-01-03T15:03:00+05:30,3309.15,2023-01-03T15:15:00+05:30,3310.55,14,time_exit,19.6,115.9395,-96.3395,48239.9361
NSE:MARUTI-EQ,long,2023-01-03T15:03:00+05:30,8375.0,2023-01-03T15:15:00+05:30,8380.3,5,time_exit,26.5,109.3392,-82.8392,48253.4365
NSE:KOTAKBANK-EQ,long,2023-01-03T15:18:00+05:30,366.44,2023-01-03T15:21:00+05:30,367.18,131,time_exit,96.94,118.4863,-21.5463,48231.8902
NSE:MARUTI-EQ,short,2023-01-04T10:18:00+05:30,8331.05,2023-01-04T10:42:00+05:30,8347.7121,5,stoploss,-83.3105,109.0499,-192.3604,48039.5298
NSE:LT-EQ,short,2023-01-04T10:42:00+05:30,2078.9,2023-01-04T11:06:00+05:30,2070.5844,23,target,191.2588,117.997,73.2618,48112.7916
NSE:MARUTI-EQ,short,2023-01-04T10:45:00+05:30,8345.0,2023-01-04T11:18:00+05:30,8361.69,5,stoploss,-83.45,109.1534,-192.6034,47846.9264
NSE:TCS-EQ,short,2023-01-04T10:48:00+05:30,3293.3,2023-01-04T11:24:00+05:30,3299.8866,14,stoploss,-92.2124,115.6586,-207.871,47831.6588
NSE:ICICIBANK-EQ,short,2023-01-04T11:03:00+05:30,899.45,2023-01-04T11:30:00+05:30,901.2489,53,stoploss,-95.3417,117.9818,-213.3235,47826.2063
NSE:WIPRO-EQ,short,2023-01-04T10:42:00+05:30,196.28,2023-01-04T11:48:00+05:30,195.4949,245,target,192.3544,118.4025,73.9519,48113.4817
NSE:RELIANCE-EQ,short,2023-01-04T10:51:00+05:30,1269.13,2023-01-04T12:00:00+05:30,1264.0535,37,target,187.8312,116.7282,71.103,48110.6328
NSE:SBIN-EQ,short,2023-01-04T11:21:00+05:30,607.5,2023-01-04T12:06:00+05:30,605.07,78,target,189.54,117.3607,72.1793,47919.1056
NSE:ICICIBANK-EQ,short,2023-01-04T11:45:00+05:30,900.5,2023-01-04T12:09:00+05:30,896.898,53,target,190.906,117.8664,73.0396,47899.2459
NSE:BAJFINANCE-EQ,short,2023-01-04T11:57:00+05:30,658.31,2023-01-04T12:09:00+05:30,655.6768,73,target,192.2265,118.3552,73.8713,48187.353
NSE:LT-EQ,short,2023-01-04T11:30:00+05:30,2068.7,2023-01-04T12:21:00+05:30,2060.4252,23,target,190.3204,117.6496,72.6708,47898.877
NSE:BAJFINANCE-EQ,short,2023-01-04T12:21:00+05:30,657.4,2023-01-04T12:30:00+05:30,658.7148,73,stoploss,-95.9804,118.456,-214.4364,47684.4406
NSE:SUNPHARMA-EQ,short,2023-01-04T12:06:00+05:30,1010.9,2023-01-04T12:39:00+05:30,1006.8564,47,target,190.0492,117.5492,72.5,47991.6056
NSE:TITAN-EQ,short,2023-01-04T12:33:00+05:30,2589.5,2023-01-04T12:45:00+05:30,2594.679,18,stoploss,-93.222,116.4082,-209.6302,47474.8105
NSE:TCS-EQ,short,2023-01-04T11:48:00+05:30,3295.0,2023-01-04T12:48:00+05:30,3301.59,14,stoploss,-92.26,115.694,-207.954,47905.5277
NSE:AXISBANK-EQ,short,2023-01-04T12:09:00+05:30,962.0,2023-01-04T13:03:00+05:30,963.924,49,stoploss,-94.276,117.1907,-211.4667,47975.8863
NSE:INFY-EQ,short,2023-01-04T12:24:00+05:30,1497.55,2023-01-04T13:24:00+05:30,1500.5451,31,stoploss,-92.8481,116.1306,-208.9787,47689.8984
NSE:WIPRO-EQ,short,2023-01-04T12:42:00+05:30,195.03,2023-01-04T13:24:00+05:30,195.4201,246,stoploss,-95.9548,118.437,-214.3917,47777.2139
NSE:TITAN-EQ,long,2023-01-04T13:18:00+05:30,2600.85,2023-01-04T13:24:00+05:30,2595.6483,18,stoploss,-93.6306,116.5726,-210.2032,47765.6831
NSE:ICICIBANK-EQ,short,2023-01-04T12:45:00+05:30,896.45,2023-01-04T13:39:00+05:30,898.2429,53,stoploss,-95.0237,117.7458,-212.7695,47262.041
NSE:TCS-EQ,long,2023-01-04T13:12:00+05:30,3301.3,2023-01-04T13:42:00+05:30,3314.5052,14,target,184.8728,115.9074,68.9654,48044.8518
NSE:LT-EQ,short,2023-01-04T12:39:00+05:30,2062.75,2023-01-04T13:51:00+05:30,2066.8755,23,stoploss,-94.8865,117.6439,-212.5304,47779.0752
NSE:RELIANCE-EQ,short,2023-01-04T12:15:00+05:30,1263.45,2023-01-04T13:54:00+05:30,1265.9769,38,stoploss,-96.0222,118.487,-214.5092,47972.8437
NSE:HDFCBANK-EQ,short,2023-01-04T12:57:00+05:30,808.03,2023-01-04T13:54:00+05:30,809.6461,59,stoploss,-95.3475,117.9862,-213.3337,47692.194
NSE:BAJFINANCE-EQ,long,2023-01-04T13:39:00+05:30,660.51,2023-01-04T14:24:00+05:30,659.189,72,stoploss,-95.1134,117.6713,-212.7847,47049.2563
NSE:ASIANPAINT-EQ,long,2023-01-04T13:09:00+05:30,3037.4,2023-01-04T14:30:00+05:30,3031.3252,15,stoploss,-91.122,114.714,-205.836,47770.0504
NSE:AXISBANK-EQ,short,2023-01-04T14:36:00+05:30,960.95,2023-01-04T14:45:00+05:30,957.1062,49,target,188.3462,116.9188,71.4274,47841.4777
NSE:ASIANPAINT-EQ,short,2023-01-04T14:42:00+05:30,3029.85,2023-01-04T14:48:00+05:30,3017.7306,15,target,181.791,114.4924,67.2986,47837.349
NSE:SUNPHARMA-EQ,short,2023-01-04T14:48:00+05:30,1003.45,2023-01-04T14:57:00+05:30,1005.4569,47,stoploss,-94.3243,117.2265,-211.5508,47625.7982
NSE:SBIN-EQ,short,2023-01-04T14:45:00+05:30,605.95,2023-01-04T15:15:00+05:30,605.1,78,time_exit,66.3,117.2667,-50.9667,47790.5111
NSE:RELIANCE-EQ,short,2023-01-04T15:15:00+05:30,1259.6,2023-01-04T15:18:00+05:30,1257.83,37,time_exit,65.49,116.2898,-50.7998,47739.7113
NSE:MARUTI-EQ,short,2023-01-05T09:15:00+05:30,8444.95,2023-01-05T09:18:00+05:30,8411.1702,5,target,168.899,109.7202,59.1788,47798.8901
NSE:LT-EQ,long,2023-01-05T10:33:00+05:30,2086.25,2023-01-05T11:03:00+05:30,2082.0775,22,stoploss,-91.795,115.2126,-207.0076,47591.8825
NSE:BAJFINANCE-EQ,short,2023-01-05T11:12:00+05:30,612.18,2023-01-05T11:18:00+05:30,613.4044,77,stoploss,-94.2757,117.1905,-211.4662,47380.4163
NSE:ICICIBANK-EQ,short,2023-01-05T10:45:00+05:30,891.65,2023-01-05T11:21:00+05:30,888.0834,53,target,189.0298,117.1719,71.8579,47870.748
NSE:TITAN-EQ,short,2023-01-05T10:48:00+05:30,2589.85,2023-01-05T11:27:00+05:30,2579.4906,18,target,186.4692,116.2241,70.2451,47869.1352
NSE:BAJFINANCE-EQ,short,2023-01-05T11:21:00+05:30,614.3,2023-01-05T11:27:00+05:30,611.8428,77,target,189.2044,117.2365,71.9679,47942.7159
NSE:AXISBANK-EQ,short,2023-01-05T10:45:00+05:30,955.3,2023-01-05T11:33:00+05:30,951.4788,50,target,191.06,117.9234,73.1366,47872.0267
NSE:WIPRO-EQ,short,2023-01-05T11:00:00+05:30,194.58,2023-01-05T11:33:00+05:30,193.8017,245,target,190.6884,117.7858,72.9026,47871.7926
NSE:TITAN-EQ,short,2023-01-05T11:30:00+05:30,2582.15,2023-01-05T11:36:00+05:30,2571.8214,18,target,185.9148,116.0188,69.896,48012.6118
NSE:MARUTI-EQ,short,2023-01-05T10:57:00+05:30,8413.8,2023-01-05T11:42:00+05:30,8430.6276,5,stoploss,-84.138,109.6642,-193.8022,47605.0879
NSE:BAJFINANCE-EQ,short,2023-01-05T11:33:00+05:30,610.5,2023-01-05T11:48:00+05:30,611.721,78,stoploss,-95.238,117.9049,-213.1429,47658.6498
NSE:HDFCBANK-EQ,short,2023-01-05T10:48:00+05:30,802.0,2023-01-05T11:51:00+05:30,798.792,59,target,189.272,117.2615,72.0105,47870.9005
NSE:INFY-EQ,short,2023-01-05T11:39:00+05:30,1492.25,2023-01-05T11:51:00+05:30,1486.281,32,target,191.008,117.9041,73.1039,48085.7157
NSE:ASIANPAINT-EQ,short,2023-01-05T11:09:00+05:30,3031.35,2023-01-05T11:54:00+05:30,3019.2246,15,target,181.881,114.5257,67.3553,47659.2378
NSE:AXISBANK-EQ,short,2023-01-05T11:36:00+05:30,952.25,2023-01-05T11:54:00+05:30,948.441,50,target,190.45,117.6976,72.7524,48085.3642
NSE:TITAN-EQ,short,2023-01-05T11:54:00+05:30,2578.2,2023-01-05T11:57:00+05:30,2583.3564,18,stoploss,-92.8152,116.1062,-208.9214,47876.4429
NSE:TCS-EQ,short,2023-01-05T12:00:00+05:30,3313.9,2023-01-05T12:21:00+05:30,3300.6444,14,target,185.5784,115.8943,69.6841,47946.127
NSE:ASIANPAINT-EQ,short,2023-01-05T12:06:00+05:30,3018.45,2023-01-05T12:21:00+05:30,3006.3762,15,target,181.107,114.2392,66.8678,47943.3107
NSE:INFY-EQ,short,2023-01-05T12:21:00+05:30,1485.05,2023-01-05T12:27:00+05:30,1479.1098,32,target,190.0864,117.563,72.5234,48015.8341
NSE:LT-EQ,short,2023-01-05T12:27:00+05:30,2080.3,2023-01-05T12:33:00+05:30,2084.4606,23,stoploss,-95.6938,118.2432,-213.937,47801.8971
NSE:RELIANCE-EQ,short,2023-01-05T11:24:00+05:30,1259.0,2023-01-05T12:51:00+05:30,1253.964,38,target,191.368,118.0374,73.3306,47944.0786
NSE:SBIN-EQ,short,2023-01-05T12:27:00+05:30,607.4,2023-01-05T12:51:00+05:30,604.9704,78,target,189.5088,117.3492,72.1596,48087.9937
NSE:AXISBANK-EQ,short,2023-01-05T12:09:00+05:30,949.45,2023-01-05T12:57:00+05:30,945.6522,50,target,189.89,117.4903,72.3997,47948.8426
NSE:SUNPHARMA-EQ,short,2023-01-05T12:09:00+05:30,1011.8,2023-01-05T13:00:00+05:30,1013.8236,47,stoploss,-95.1092,117.8092,-212.9184,47663.5244
NSE:HDFCBANK-EQ,short,2023-01-05T12:51:00+05:30,799.25,2023-01-05T13:12:00+05:30,800.8485,59,stoploss,-94.3115,117.217,-211.5285,47876.4652
NSE:KOTAKBANK-EQ,short,2023-01-05T11:30:00+05:30,363.6,2023-01-05T13:18:00+05:30,362.1456,131,target,190.5264,117.7259,72.8005,48015.5164
NSE:ICICIBANK-EQ,short,2023-01-05T12:51:00+05:30,882.6,2023-01-05T13:18:00+05:30,879.0696,54,target,190.6416,117.7685,72.8731,48160.8668
NSE:WIPRO-EQ,short,2023-01-05T12:06:00+05:30,193.4,2023-01-05T13:21:00+05:30,192.6264,247,target,191.0792,117.9305,73.1487,47949.5916
NSE:SBIN-EQ,short,2023-01-05T13:03:00+05:30,605.0,2023-01-05T13:24:00+05:30,602.58,78,target,188.76,117.072,71.688,47735.2124
NSE:RELIANCE-EQ,short,2023-01-05T13:24:00+05:30,1253.72,2023-01-05T13:54:00+05:30,1256.2274,38,stoploss,-95.2827,117.9381,-213.2208,47521.9916
NSE:LT-EQ,short,2023-01-05T13:24:00+05:30,2075.0,2023-01-05T14:15:00+05:30,2079.15,23,stoploss,-95.45,118.0622,-213.5122,47521.7002
NSE:KOTAKBANK-EQ,short,2023-01-05T13:57:00+05:30,362.08,2023-01-05T14:27:00+05:30,362.8042,131,stoploss,-94.865,117.6279,-212.4929,47309.4988
NSE:SUNPHARMA-EQ,short,2023-01-05T13:03:00+05:30,1012.8,2023-01-05T15:00:00+05:30,1014.8256,47,stoploss,-95.2032,117.879,-213.0822,47450.4422
NSE:MARUTI-EQ,short,2023-01-05T13:24:00+05:30,8424.85,2023-01-05T15:00:00+05:30,8441.6997,5,stoploss,-84.2485,109.7462,-193.9947,47541.2177
NSE:ASIANPAINT-EQ,short,2023-01-05T13:03:00+05:30,3005.0,2023-01-05T15:15:00+05:30,3007.7,15,time_exit,-40.5,114.0932,-154.5932,47508.9313
NSE:RELIANCE-EQ,short,2023-01-05T13:57:00+05:30,1256.38,2023-01-05T15:15:00+05:30,1258.22,37,time_exit,-68.08,116.2054,-184.2854,47337.7062
NSE:AXISBANK-EQ,short,2023-01-06T10:18:00+05:30,938.85,2023-01-06T10:27:00+05:30,940.7277,50,stoploss,-93.885,116.9004,-210.7854,47126.9208
NSE:BAJFINANCE-EQ,short,2023-01-06T10:27:00+05:30,605.5,2023-01-06T10:33:00+05:30,603.078,78,target,188.916,117.1298,71.7862,47198.707
NSE:AXISBANK-EQ,short,2023-01-06T10:33:00+05:30,942.2,2023-01-06T10:36:00+05:30,938.4312,50,target,188.44,116.9536,71.4864,47270.1935
NSE:AXISBANK-EQ,short,2023-01-06T10:42:00+05:30,938.5,2023-01-06T10:48:00+05:30,940.377,50,stoploss,-93.85,116.8744,-210.7244,47059.4691
NSE:TITAN-EQ,short,2023-01-06T10:51:00+05:30,2548.55,2023-01-06T11:03:00+05:30,2538.3558,18,target,183.4956,115.1233,68.3723,47127.8413
NSE:KOTAKBANK-EQ,short,2023-01-06T10:42:00+05:30,362.99,2023-01-06T11:12:00+05:30,361.538,130,target,188.7548,117.0701,71.6847,47341.8782
NSE:LT-EQ,short,2023-01-06T11:12:00+05:30,2089.45,2023-01-06T11:33:00+05:30,2093.6289,22,stoploss,-91.9358,115.4533,-207.3891,47134.4891
NSE:LT-EQ,short,2023-01-06T11:36:00+05:30,2092.0,2023-01-06T11:39:00+05:30,2096.184,22,stoploss,-92.048,115.5366,-207.5846,46926.9045
NSE:TITAN-EQ,short,2023-01-06T11:24:00+05:30,2539.15,2023-01-06T12:00:00+05:30,2528.9934,18,target,182.8188,114.8728,67.946,47409.8242
NSE:KOTAKBANK-EQ,short,2023-01-06T11:42:00+05:30,361.95,2023-01-06T12:00:00+05:30,360.5022,129,target,186.7662,116.334,70.4322,46997.3367
NSE:WIPRO-EQ,short,2023-01-06T10:39:00+05:30,192.9,2023-01-06T12:12:00+05:30,192.1284,245,target,189.042,117.1764,71.8656,47342.0591
NSE:ASIANPAINT-EQ,short,2023-01-06T11:42:00+05:30,2973.0,2023-01-06T12:12:00+05:30,2961.108,15,target,178.38,113.2297,65.1503,46992.0548
NSE:RELIANCE-EQ,long,2023-01-06T11:57:00+05:30,1271.3,2023-01-06T12:15:00+05:30,1268.7574,36,stoploss,-91.5336,115.0189,-206.5525,46720.352
NSE:SBIN-EQ,short,2023-01-06T10:33:00+05:30,604.65,2023-01-06T12:33:00+05:30,602.2314,77,target,186.2322,116.1363,70.0959,47268.8029
NSE:INFY-EQ,short,2023-01-06T10:51:00+05:30,1460.8,2023-01-06T12:39:00+05:30,1454.9568,32,target,186.9824,116.414,70.5684,47130.0374
NSE:SUNPHARMA-EQ,short,2023-01-06T12:33:00+05:30,1008.5,2023-01-06T12:51:00+05:30,1004.466,46,target,185.564,115.889,69.675,47338.4779
NSE:ICICIBANK-EQ,short,2023-01-06T10:33:00+05:30,868.7,2023-01-06T12:54:00+05:30,865.2252,54,target,187.6392,116.6571,70.9821,47269.6891
NSE:HDFCBANK-EQ,short,2023-01-06T10:33:00+05:30,797.83,2023-01-06T13:00:00+05:30,794.6387,59,target,188.2879,116.8973,71.3906,47270.0977
NSE:ICICIBANK-EQ,short,2023-01-06T12:57:00+05:30,865.75,2023-01-06T13:09:00+05:30,862.287,54,target,187.002,116.4213,70.5807,47340.2698
NSE:SBIN-EQ,short,2023-01-06T12:57:00+05:30,601.45,2023-01-06T13:12:00+05:30,599.0442,78,target,187.6524,116.662,70.9904,47340.6795
NSE:LT-EQ,short,2023-01-06T13:30:00+05:30,2078.45,2023-01-06T13:33:00+05:30,2082.6069,22,stoploss,-91.4518,115.094,-206.5458,47134.1337
NSE:SUNPHARMA-EQ,short,2023-01-06T13:12:00+05:30,1006.35,2023-01-06T13:39:00+05:30,1008.3627,47,stoploss,-94.5969,117.4289,-212.0258,47128.6537
NSE:TITAN-EQ,short,2023-01-06T12:33:00+05:30,2526.85,2023-01-06T13:45:00+05:30,2531.9037,18,stoploss,-90.9666,114.7338,-205.7004,47063.1026
NSE:ASIANPAINT-EQ,short,2023-01-06T12:18:00+05:30,2963.8,2023-01-06T13:57:00+05:30,2969.7276,15,stoploss,-88.914,113.2099,-202.1239,46518.2281
NSE:KOTAKBANK-EQ,short,2023-01-06T13:51:00+05:30,355.94,2023-01-06T13:57:00+05:30,356.6519,132,stoploss,-93.9682,116.9621,-210.9303,46852.1723
NSE:RELIANCE-EQ,short,2023-01-06T13:06:00+05:30,1263.7,2023-01-06T14:24:00+05:30,1266.2274,37,stoploss,-93.5138,116.6248,-210.1386,47059.9591
NSE:INFY-EQ,short,2023-01-06T12:42:00+05:30,1455.45,2023-01-06T14:54:00+05:30,1449.6282,32,target,186.2976,116.1605,70.1371,47200.1745
NSE:WIPRO-EQ,short,2023-01-06T13:42:00+05:30,191.45,2023-01-06T15:15:00+05:30,191.05,246,time_exit,98.4,116.9961,-18.5961,47110.0575
NSE:ASIANPAINT-EQ,long,2023-01-06T15:12:00+05:30,2981.3,2023-01-06T15:15:00+05:30,2980.0,15,time_exit,-19.5,113.5224,-133.0224,47067.1522
NSE:HDFCBANK-EQ,long,2023-01-06T15:24:00+05:30,796.55,2023-01-06T15:27:00+05:30,797.03,59,time_exit,28.32,116.9379,-88.6179,46978.5343
NSE:TCS-EQ,long,2023-01-09T10:51:00+05:30,3301.45,2023-01-09T10:54:00+05:30,3294.8471,14,stoploss,-92.4406,115.6909,-208.1315,46770.4027
NSE:SBIN-EQ,long,2023-01-09T10:51:00+05:30,606.0,2023-01-09T11:30:00+05:30,608.424,77,target,186.648,116.5671,70.0809,47048.6151
NSE:AXISBANK-EQ,long,2023-01-09T11:09:00+05:30,950.25,2023-01-09T11:30:00+05:30,954.051,49,target,186.249,116.4188,69.8302,46840.2329
NSE:ICICIBANK-EQ,long,2023-01-09T11:09:00+05:30,871.8,2023-01-09T11:36:00+05:30,875.2872,53,target,184.8216,115.8883,68.9333,46839.336
NSE:ASIANPAINT-EQ,long,2023-01-09T10:36:00+05:30,2997.15,2023-01-09T11:39:00+05:30,3009.1386,15,target,179.829,114.0329,65.7961,47044.3304
NSE:TCS-EQ,long,2023-01-09T11:36:00+05:30,3310.05,2023-01-09T11:45:00+05:30,3303.4299,14,stoploss,-92.6814,115.8693,-208.5507,46630.7852
NSE:LT-EQ,long,2023-01-09T11:33:00+05:30,2113.0,2023-01-09T11:51:00+05:30,2121.452,22,target,185.944,116.3055,69.6385,46909.8714
NSE:WIPRO-EQ,long,2023-01-09T10:48:00+05:30,194.8,2023-01-09T11:54:00+05:30,195.5792,241,target,187.7872,116.9905,70.7967,47049.331
NSE:WIPRO-EQ,long,2023-01-09T11:57:00+05:30,195.65,2023-01-09T12:00:00+05:30,195.2587,240,stoploss,-93.912,116.7811,-210.6931,46838.6378
NSE:SBIN-EQ,long,2023-01-09T11:57:00+05:30,607.5,2023-01-09T12:03:00+05:30,606.285,77,stoploss,-93.555,116.5166,-210.0716,46839.2594
NSE:KOTAKBANK-EQ,long,2023-01-09T11:12:00+05:30,360.55,2023-01-09T12:15:00+05:30,361.9922,129,target,186.0438,116.3426,69.7012,46840.104
NSE:BAJFINANCE-EQ,long,2023-01-09T10:57:00+05:30,605.5,2023-01-09T12:24:00+05:30,604.289,77,stoploss,-93.247,116.2884,-209.5354,46560.8673
NSE:TCS-EQ,long,2023-01-09T11:57:00+05:30,3306.0,2023-01-09T12:24:00+05:30,3299.388,14,stoploss,-92.568,115.7853,-208.3533,46840.9776
NSE:RELIANCE-EQ,long,2023-01-09T12:06:00+05:30,1296.15,2023-01-09T12:24:00+05:30,1293.5577,36,stoploss,-93.3228,116.3446,-209.6674,46629.592
NSE:WIPRO-EQ,long,2023-01-09T12:15:00+05:30,195.6,2023-01-09T12:24:00+05:30,195.2088,239,stoploss,-93.4968,116.4735,-209.9703,46630.1337
NSE:ASIANPAINT-EQ,long,2023-01-09T11:42:00+05:30,3006.05,2023-01-09T12:33:00+05:30,3000.0379,15,stoploss,-90.1815,114.0171,-204.1986,46840.1318
NSE:AXISBANK-EQ,long,2023-01-09T12:24:00+05:30,955.7,2023-01-09T12:33:00+05:30,953.7886,48,stoploss,-91.7472,115.1772,-206.9244,46423.2093
NSE:HDFCBANK-EQ,long,2023-01-09T11:09:00+05:30,803.5,2023-01-09T12:45:00+05:30,801.893,58,stoploss,-93.206,116.258,-209.464,46560.9387
NSE:MARUTI-EQ,long,2023-01-09T11:18:00+05:30,8411.45,2023-01-09T12:48:00+05:30,8394.6271,5,stoploss,-84.1145,109.522,-193.6365,46576.7663
NSE:TITAN-EQ,short,2023-01-09T12:33:00+05:30,2487.55,2023-01-09T12:51:00+05:30,2492.5251,18,stoploss,-89.5518,113.6834,-203.2352,46219.9741
NSE:ICICIBANK-EQ,long,2023-01-09T12:06:00+05:30,875.6,2023-01-09T12:57:00+05:30,873.8488,53,stoploss,-92.8136,115.9673,-208.7809,46630.4785
NSE:INFY-EQ,long,2023-01-09T11:21:00+05:30,1484.7,2023-01-09T13:21:00+05:30,1481.7306,31,stoploss,-92.0514,115.4026,-207.454,46562.9488
NSE:RELIANCE-EQ,long,2023-01-09T12:27:00+05:30,1293.13,2023-01-09T13:39:00+05:30,1290.5437,36,stoploss,-93.1054,116.1835,-209.2888,46420.8448
NSE:TITAN-EQ,short,2023-01-09T13:18:00+05:30,2486.05,2023-01-09T13:45:00+05:30,2476.1058,18,target,178.9956,113.4576,65.538,46696.0165
NSE:INFY-EQ,long,2023-01-09T14:30:00+05:30,1486.35,2023-01-09T14:45:00+05:30,1483.3773,31,stoploss,-92.1537,115.4784,-207.6321,46488.3844
NSE:ICICIBANK-EQ,short,2023-01-09T14:24:00+05:30,869.85,2023-01-09T14:48:00+05:30,871.5897,53,stoploss,-92.2041,115.6525,-207.8566,46488.1599
NSE:TITAN-EQ,short,2023-01-09T13:57:00+05:30,2477.3,2023-01-09T15:00:00+05:30,2482.2546,18,stoploss,-89.1828,113.4095,-202.5923,46493.4242
NSE:AXISBANK-EQ,long,2023-01-09T14:30:00+05:30,954.85,2023-01-09T15:00:00+05:30,958.6694,48,target,183.3312,115.3344,67.9968,46764.0132
NSE:RELIANCE-EQ,long,2023-01-09T14:30:00+05:30,1293.22,2023-01-09T15:03:00+05:30,1298.3929,36,target,186.2237,116.4094,69.8143,46765.8307
NSE:KOTAKBANK-EQ,long,2023-01-09T14:33:00+05:30,361.19,2023-01-09T15:03:00+05:30,362.6348,129,target,186.374,116.4653,69.9087,46765.9252
NSE:SUNPHARMA-EQ,short,2023-01-09T12:30:00+05:30,1014.75,2023-01-09T15:06:00+05:30,1016.7795,45,stoploss,-91.3275,115.0017,-206.3292,46423.8045
NSE:LT-EQ,long,2023-01-09T15:15:00+05:30,2121.0,2023-01-09T15:18:00+05:30,2121.45,21,time_exit,9.45,113.2805,-103.8305,46319.974
NSE:LT-EQ,long,2023-01-09T15:21:00+05:30,2120.1,2023-01-09T15:24:00+05:30,2122.15,21,time_exit,43.05,113.2791,-70.2291,46249.7449
NSE:INFY-EQ,short,2023-01-10T10:12:00+05:30,1463.0,2023-01-10T10:18:00+05:30,1465.926,31,stoploss,-90.706,114.5403,-205.2463,46044.4986
NSE:HDFCBANK-EQ,short,2023-01-10T10:18:00+05:30,788.43,2023-01-10T10:33:00+05:30,785.2763,58,target,182.9158,114.9087,68.0071,46112.5057
NSE:AXISBANK-EQ,short,2023-01-10T10:21:00+05:30,952.6,2023-01-10T10:45:00+05:30,948.7896,48,target,182.8992,114.9026,67.9966,46112.4953
NSE:KOTAKBANK-EQ,short,2023-01-10T11:15:00+05:30,361.09,2023-01-10T11:18:00+05:30,361.8122,127,stoploss,-91.7169,115.2908,-207.0076,45905.4877
NSE:MARUTI-EQ,short,2023-01-10T10:24:00+05:30,8322.05,2023-01-10T11:24:00+05:30,8338.6941,5,stoploss,-83.2205,108.983,-192.2035,45852.2951
NSE:ASIANPAINT-EQ,short,2023-01-10T11:03:00+05:30,2958.05,2023-01-10T11:24:00+05:30,2963.9661,15,stoploss,-88.7415,113.0818,-201.8233,45910.6719
NSE:TITAN-EQ,short,2023-01-10T11:21:00+05:30,2481.1,2023-01-10T11:24:00+05:30,2486.0622,18,stoploss,-89.3196,113.511,-202.8306,45702.657
NSE:AXISBANK-EQ,short,2023-01-10T11:03:00+05:30,951.85,2023-01-10T11:30:00+05:30,948.0426,48,target,182.7552,114.8493,67.9059,46180.4012
NSE:INFY-EQ,short,2023-01-10T11:09:00+05:30,1462.65,2023-01-10T11:42:00+05:30,1456.7994,31,target,181.3686,114.336,67.0326,46179.5279
NSE:AXISBANK-EQ,short,2023-01-10T11:39:00+05:30,948.4,2023-01-10T11:48:00+05:30,950.2968,48,stoploss,-91.0464,114.793,-205.8394,45974.5618
NSE:WIPRO-EQ,short,2023-01-10T11:03:00+05:30,194.28,2023-01-10T12:06:00+05:30,194.6686,237,stoploss,-92.0887,115.5668,-207.6555,45904.8397
NSE:INFY-EQ,short,2023-01-10T11:48:00+05:30,1459.0,2023-01-10T12:09:00+05:30,1461.918,31,stoploss,-90.458,114.3562,-204.8142,45769.7476
NSE:ASIANPAINT-EQ,short,2023-01-10T11:33:00+05:30,2960.05,2023-01-10T12:18:00+05:30,2965.9701,15,stoploss,-88.8015,113.1264,-201.9279,45978.4733
NSE:HDFCBANK-EQ,short,2023-01-10T12:09:00+05:30,785.48,2023-01-10T12:27:00+05:30,787.051,58,stoploss,-91.1157,114.8444,-205.9601,45563.7875
NSE:BAJFINANCE-EQ,short,2023-01-10T11:54:00+05:30,590.3,2023-01-10T12:30:00+05:30,591.4806,77,stoploss,-90.9062,114.6889,-205.5951,45768.9667
NSE:SBIN-EQ,short,2023-01-10T11:57:00+05:30,594.1,2023-01-10T12:30:00+05:30,595.2882,77,stoploss,-91.4914,115.1234,-206.6148,45767.947
NSE:ICICIBANK-EQ,short,2023-01-10T10:15:00+05:30,869.0,2023-01-10T12:36:00+05:30,865.524,53,target,184.228,115.3944,68.8336,46318.5785
NSE:TITAN-EQ,short,2023-01-10T11:27:00+05:30,2486.1,2023-01-10T12:36:00+05:30,2476.1556,18,target,178.9992,113.4589,65.5403,45768.1973
NSE:KOTAKBANK-EQ,long,2023-01-10T12:33:00+05:30,362.03,2023-01-10T12:39:00+05:30,361.3059,126,stoploss,-91.2316,114.7951,-206.0267,45561.9203
NSE:RELIANCE-EQ,short,2023-01-10T10:45:00+05:30,1289.8,2023-01-10T12:42:00+05:30,1284.6408,35,target,180.572,114.0411,66.5309,46179.0261
NSE:BAJFINANCE-EQ,short,2023-01-10T12:45:00+05:30,589.55,2023-01-10T13:03:00+05:30,590.7291,78,stoploss,-91.9698,115.4785,-207.4483,45971.5778
NSE:ASIANPAINT-EQ,short,2023-01-10T12:45:00+05:30,2958.05,2023-01-10T13:03:00+05:30,2963.9661,15,stoploss,-88.7415,113.0818,-201.8233,45977.2028
NSE:LT-EQ,short,2023-01-10T12:03:00+05:30,2121.05,2023-01-10T13:18:00+05:30,2112.5658,21,target,178.1682,113.1513,65.0169,46039.5787
NSE:KOTAKBANK-EQ,short,2023-01-10T13:27:00+05:30,360.0,2023-01-10T13:30:00+05:30,360.72,127,stoploss,-91.44,115.0852,-206.5252,45833.0535
NSE:HDFCBANK-EQ,short,2023-01-10T12:42:00+05:30,784.35,2023-01-10T13:45:00+05:30,785.9187,58,stoploss,-90.9846,114.7471,-205.7317,45973.2944
NSE:SUNPHARMA-EQ,short,2023-01-10T12:57:00+05:30,1016.7,2023-01-10T13:45:00+05:30,1012.6332,45,target,183.006,114.9421,68.0639,46247.09
NSE:ICICIBANK-EQ,short,2023-01-10T13:39:00+05:30,862.75,2023-01-10T13:45:00+05:30,864.4755,53,stoploss,-91.4515,115.0937,-206.5452,45626.5082
NSE:MARUTI-EQ,short,2023-01-10T14:48:00+05:30,8274.95,2023-01-10T14:51:00+05:30,8291.4999,5,stoploss,-82.7495,108.6334,-191.3829,45435.1253
NSE:BAJFINANCE-EQ,short,2023-01-10T14:27:00+05:30,589.8,2023-01-10T14:54:00+05:30,590.9796,77,stoploss,-90.8292,114.6318,-205.461,45421.0473
NSE:TITAN-EQ,short,2023-01-10T14:30:00+05:30,2462.4,2023-01-10T15:00:00+05:30,2467.3248,18,stoploss,-88.6464,113.0112,-201.6576,45424.8506
NSE:SBIN-EQ,short,2023-01-10T14:57:00+05:30,594.15,2023-01-10T15:06:00+05:30,595.3383,76,stoploss,-90.3108,114.2469,-204.5577,45216.4896
NSE:RELIANCE-EQ,short,2023-01-10T15:00:00+05:30,1277.8,2023-01-10T15:06:00+05:30,1280.3556,35,stoploss,-89.446,113.6049,-203.0509,45221.7997
NSE:SUNPHARMA-EQ,short,2023-01-10T14:57:00+05:30,1013.9,2023-01-10T15:15:00+05:30,1012.4,44,time_exit,66.0,113.3321,-47.3321,45373.7152
NSE:WIPRO-EQ,long,2023-01-10T15:06:00+05:30,196.53,2023-01-10T15:15:00+05:30,196.55,231,time_exit,4.62,114.5486,-109.9286,45111.8711
NSE:WIPRO-EQ,long,2023-01-10T15:18:00+05:30,196.58,2023-01-10T15:21:00+05:30,196.35,229,time_exit,-52.67,113.9372,-166.6072,44945.264
NSE:KOTAKBANK-EQ,long,2023-01-11T10:15:00+05:30,360.17,2023-01-11T10:21:00+05:30,359.4497,124,stoploss,-89.3222,113.3804,-202.7026,44742.5614
NSE:AXISBANK-EQ,long,2023-01-11T10:18:00+05:30,954.1,2023-01-11T10:42:00+05:30,952.1918,47,stoploss,-89.6854,113.6496,-203.335,44741.929
NSE:KOTAKBANK-EQ,long,2023-01-11T10:33:00+05:30,360.15,2023-01-11T10:42:00+05:30,359.4297,124,stoploss,-89.3172,113.3767,-202.6939,44539.8674
NSE:LT-EQ,long,2023-01-11T10:45:00+05:30,2124.7,2023-01-11T10:51:00+05:30,2120.4506,20,stoploss,-84.988,110.1692,-195.1572,44344.7103
NSE:WIPRO-EQ,long,2023-01-11T10:48:00+05:30,197.65,2023-01-11T10:51:00+05:30,197.2547,225,stoploss,-88.9425,113.0991,-202.0416,44337.8258
NSE:LT-EQ,long,2023-01-11T10:54:00+05:30,2121.0,2023-01-11T10:57:00+05:30,2116.758,20,stoploss,-84.84,110.0595,-194.8995,44142.9263
NSE:INFY-EQ,long,2023-01-11T10:57:00+05:30,1484.6,2023-01-11T11:24:00+05:30,1481.6308,29,stoploss,-86.1068,110.9981,-197.1049,43945.8214
NSE:MARUTI-EQ,short,2023-01-11T11:45:00+05:30,8267.25,2023-01-11T11:51:00+05:30,8283.7845,5,stoploss,-82.6725,108.5762,-191.2487,43754.5727
NSE:KOTAKBANK-EQ,short,2023-01-11T11:39:00+05:30,357.97,2023-01-11T11:54:00+05:30,358.6859,122,stoploss,-87.3447,112.0448,-199.3895,43746.4319
NSE:RELIANCE-EQ,short,2023-01-11T11:36:00+05:30,1267.63,2023-01-11T12:06:00+05:30,1270.1653,34,stoploss,-86.1988,111.1942,-197.393,43748.4284
NSE:SBIN-EQ,long,2023-01-11T10:54:00+05:30,597.55,2023-01-11T12:15:00+05:30,596.3549,74,stoploss,-88.4374,112.7249,-201.1623,44136.6635
NSE:AXISBANK-EQ,long,2023-01-11T12:09:00+05:30,950.0,2023-01-11T12:36:00+05:30,948.1,46,stoploss,-87.4,111.9563,-199.3563,43549.0721
NSE:INFY-EQ,long,2023-01-11T12:36:00+05:30,1484.05,2023-01-11T12:39:00+05:30,1481.0819,29,stoploss,-86.0749,110.9745,-197.0494,43352.0228
NSE:TCS-EQ,long,2023-01-11T12:33:00+05:30,3333.65,2023-01-11T12:42:00+05:30,3326.9827,13,stoploss,-86.6749,111.419,-198.0939,43938.5696
NSE:ICICIBANK-EQ,long,2023-01-11T12:03:00+05:30,866.0,2023-01-11T12:48:00+05:30,864.268,50,stoploss,-86.6,111.3635,-197.9635,43548.4684
NSE:BAJFINANCE-EQ,short,2023-01-11T12:57:00+05:30,589.17,2023-01-11T13:03:00+05:30,590.3483,73,stoploss,-86.0188,111.0605,-197.0793,43351.389
NSE:LT-EQ,short,2023-01-11T11:36:00+05:30,2110.5,2023-01-11T13:15:00+05:30,2114.721,20,stoploss,-84.42,109.8736,-194.2936,43751.5278
NSE:RELIANCE-EQ,short,2023-01-11T12:57:00+05:30,1266.35,2023-01-11T13:15:00+05:30,1268.8827,34,stoploss,-86.1118,111.1295,-197.2413,43351.227
NSE:HDFCBANK-EQ,long,2023-01-11T12:18:00+05:30,795.0,2023-01-11T13:21:00+05:30,798.18,55,target,174.9,112.201,62.699,44199.3625
NSE:HDFCBANK-EQ,long,2023-01-11T13:39:00+05:30,796.4,2023-01-11T13:54:00+05:30,794.8072,55,stoploss,-87.604,112.1074,-199.7114,43999.6511
NSE:ICICIBANK-EQ,long,2023-01-11T13:39:00+05:30,866.0,2023-01-11T13:54:00+05:30,864.268,51,stoploss,-88.332,112.6468,-200.9788,43998.3837
NSE:WIPRO-EQ,long,2023-01-11T12:00:00+05:30,197.45,2023-01-11T14:03:00+05:30,197.0551,221,stoploss,-87.2729,111.8621,-199.135,43547.2969
NSE:RELIANCE-EQ,short,2023-01-11T13:57:00+05:30,1266.1,2023-01-11T14:15:00+05:30,1261.0356,34,target,172.1896,110.9383,61.2513,44059.635
NSE:TITAN-EQ,short,2023-01-11T14:21:00+05:30,2435.65,2023-01-11T14:30:00+05:30,2440.5213,18,stoploss,-87.6834,112.2963,-199.9797,43859.6553
NSE:ICICIBANK-EQ,short,2023-01-11T14:18:00+05:30,863.0,2023-01-11T14:33:00+05:30,864.726,51,stoploss,-88.026,112.5507,-200.5767,43859.0584
NSE:SBIN-EQ,short,2023-01-11T12:57:00+05:30,596.2,2023-01-11T14:36:00+05:30,597.3924,73,stoploss,-87.0452,111.8225,-198.8677,43349.6007
NSE:TITAN-EQ,short,2023-01-11T14:33:00+05:30,2438.8,2023-01-11T14:51:00+05:30,2443.6776,17,stoploss,-82.9192,108.7594,-191.6786,43667.3798
NSE:WIPRO-EQ,short,2023-01-11T14:12:00+05:30,196.83,2023-01-11T14:57:00+05:30,197.2237,221,stoploss,-86.9989,111.7881,-198.787,43348.5099
NSE:INFY-EQ,short,2023-01-11T14:30:00+05:30,1474.1,2023-01-11T14:57:00+05:30,1477.0482,29,stoploss,-85.4978,110.6737,-196.1715,43663.4838
NSE:HDFCBANK-EQ,long,2023-01-11T14:39:00+05:30,796.48,2023-01-11T15:03:00+05:30,794.887,54,stoploss,-86.0198,110.9337,-196.9535,43152.6471
NSE:ASIANPAINT-EQ,short,2023-01-11T11:21:00+05:30,2951.5,2023-01-11T15:15:00+05:30,2939.694,14,target,165.284,108.3821,56.9019,44199.8282
NSE:BAJFINANCE-EQ,short,2023-01-11T14:03:00+05:30,589.4,2023-01-11T15:15:00+05:30,588.68,74,time_exit,53.28,111.8634,-58.5834,43488.7135
NSE:BAJFINANCE-EQ,short,2023-01-11T15:18:00+05:30,588.68,2023-01-11T15:21:00+05:30,589.8574,73,stoploss,-85.9473,111.0074,-196.9547,43291.7588
NSE:ASIANPAINT-EQ,short,2023-01-11T15:18:00+05:30,2938.0,2023-01-11T15:21:00+05:30,2938.2,14,time_exit,-2.8,108.218,-111.018,43377.6955
NSE:ASIANPAINT-EQ,short,2023-01-11T15:24:00+05:30,2938.05,2023-01-11T15:27:00+05:30,2939.0,14,time_exit,-13.3,108.2263,-121.5263,43256.1693
NSE:SBIN-EQ,short,2023-01-12T10:03:00+05:30,594.1,2023-01-12T10:30:00+05:30,591.7236,72,target,171.1008,110.5352,60.5656,43316.7348
NSE:BAJFINANCE-EQ,short,2023-01-12T10:18:00+05:30,586.3,2023-01-12T10:39:00+05:30,587.4726,73,stoploss,-85.5998,110.7494,-196.3492,43059.82
NSE:HDFCBANK-EQ,short,2023-01-12T10:57:00+05:30,795.35,2023-01-12T11:18:00+05:30,796.9407,54,stoploss,-85.8978,110.9707,-196.8685,42862.9515
NSE:BAJFINANCE-EQ,short,2023-01-12T11:15:00+05:30,586.28,2023-01-12T11:18:00+05:30,587.4526,73,stoploss,-85.5969,110.7473,-196.3442,42863.4759
NSE:BAJFINANCE-EQ,short,2023-01-12T11:24:00+05:30,587.38,2023-01-12T11:30:00+05:30,588.5548,72,stoploss,-84.5827,109.9944,-194.5771,42668.8988
NSE:TITAN-EQ,short,2023-01-12T11:36:00+05:30,2452.85,2023-01-12T11:42:00+05:30,2457.7557,17,stoploss,-83.3969,109.114,-192.5109,42476.3879
NSE:WIPRO-EQ,short,2023-01-12T10:54:00+05:30,196.3,2023-01-12T11:48:00+05:30,195.5148,219,target,171.9588,110.8528,61.106,43120.926
NSE:INFY-EQ,short,2023-01-12T11:54:00+05:30,1461.8,2023-01-12T12:06:00+05:30,1464.7236,29,stoploss,-84.7844,110.1441,-194.9285,42925.9975
NSE:WIPRO-EQ,short,2023-01-12T12:00:00+05:30,195.65,2023-01-12T12:06:00+05:30,196.0413,220,stoploss,-86.086,111.1104,-197.1964,42923.7296
NSE:INFY-EQ,short,2023-01-12T12:09:00+05:30,1463.5,2023-01-12T12:12:00+05:30,1466.427,29,stoploss,-84.883,110.2173,-195.1003,42728.6293
NSE:MARUTI-EQ,short,2023-01-12T10:18:00+05:30,8286.2,2023-01-12T12:18:00+05:30,8302.7724,5,stoploss,-82.862,108.7169,-191.5789,43064.5904
NSE:AXISBANK-EQ,short,2023-01-12T12:06:00+05:30,927.75,2023-01-12T12:24:00+05:30,929.6055,46,stoploss,-85.353,110.5662,-195.9192,42727.8104
NSE:ICICIBANK-EQ,short,2023-01-12T11:36:00+05:30,859.05,2023-01-12T12:39:00+05:30,855.6138,49,target,168.3738,109.5258,58.848,42727.7468
NSE:KOTAKBANK-EQ,short,2023-01-12T12:18:00+05:30,355.51,2023-01-12T12:51:00+05:30,356.221,120,stoploss,-85.3224,110.5435,-195.8659,42868.7245
NSE:SUNPHARMA-EQ,short,2023-01-12T10:30:00+05:30,1024.7,2023-01-12T13:03:00+05:30,1026.7494,42,stoploss,-86.0748,111.1021,-197.1769,43119.5579
NSE:LT-EQ,long,2023-01-12T12:39:00+05:30,2149.3,2023-01-12T13:06:00+05:30,2157.8972,19,target,163.3468,107.9073,55.4395,42783.1863
NSE:INFY-EQ,long,2023-01-12T12:54:00+05:30,1474.6,2023-01-12T13:06:00+05:30,1471.6508,29,stoploss,-85.5268,110.5684,-196.0952,42672.6293
NSE:TCS-EQ,long,2023-01-12T12:30:00+05:30,3341.05,2023-01-12T13:09:00+05:30,3334.3679,12,stoploss,-80.1852,106.6107,-186.7959,42541.0145
NSE:HDFCBANK-EQ,long,2023-01-12T12:39:00+05:30,797.25,2023-01-12T13:09:00+05:30,795.6555,53,stoploss,-84.5085,109.8139,-194.3224,42533.4244
NSE:WIPRO-EQ,long,2023-01-12T12:57:00+05:30,197.03,2023-01-12T13:15:00+05:30,196.6359,217,stoploss,-85.511,110.5567,-196.0677,42672.6568
NSE:SBIN-EQ,short,2023-01-12T11:18:00+05:30,593.2,2023-01-12T13:30:00+05:30,590.8272,72,target,170.8416,110.4393,60.4023,42923.8782
NSE:LT-EQ,long,2023-01-12T13:09:00+05:30,2155.95,2023-01-12T13:39:00+05:30,2151.6381,19,stoploss,-81.9261,107.9005,-189.8266,42343.5978
NSE:AXISBANK-EQ,short,2023-01-12T13:45:00+05:30,925.0,2023-01-12T13:48:00+05:30,926.85,45,stoploss,-83.25,109.0049,-192.2549,42151.3428
NSE:ICICIBANK-EQ,short,2023-01-12T13:36:00+05:30,855.3,2023-01-12T13:51:00+05:30,857.0106,50,stoploss,-85.53,110.6976,-196.2276,42727.6506
NSE:TITAN-EQ,short,2023-01-12T13:24:00+05:30,2435.75,2023-01-12T13:57:00+05:30,2440.6215,17,stoploss,-82.8155,108.6824,-191.4979,42481.1589
NSE:HDFCBANK-EQ,short,2023-01-12T13:54:00+05:30,792.9,2023-01-12T13:57:00+05:30,794.4858,53,stoploss,-84.0474,109.5969,-193.6443,42534.0062
NSE:AXISBANK-EQ,short,2023-01-12T13:51:00+05:30,926.65,2023-01-12T14:06:00+05:30,928.5033,45,stoploss,-83.3985,109.1152,-192.5137,42535.1369
NSE:KOTAKBANK-EQ,short,2023-01-12T13:54:00+05:30,355.06,2023-01-12T14:09:00+05:30,355.7701,120,stoploss,-85.2144,110.4633,-195.6777,42531.9728
NSE:TITAN-EQ,short,2023-01-12T14:00:00+05:30,2439.9,2023-01-12T14:09:00+05:30,2444.7798,17,stoploss,-82.9566,108.7871,-191.7437,42342.2625
NSE:ICICIBANK-EQ,short,2023-01-12T13:54:00+05:30,857.35,2023-01-12T14:15:00+05:30,859.0647,49,stoploss,-84.0203,109.5768,-193.5971,42534.0534
NSE:ASIANPAINT-EQ,short,2023-01-12T10:45:00+05:30,2907.6,2023-01-12T14:21:00+05:30,2913.4152,14,stoploss,-81.4128,107.641,-189.0538,42870.7662
NSE:SUNPHARMA-EQ,long,2023-01-12T14:48:00+05:30,1032.0,2023-01-12T14:54:00+05:30,1029.936,41,stoploss,-84.624,109.8995,-194.5235,42676.2427
NSE:ASIANPAINT-EQ,long,2023-01-12T14:24:00+05:30,2911.05,2023-01-12T14:57:00+05:30,2905.2279,14,stoploss,-81.5094,107.5918,-189.1012,42681.665
NSE:SUNPHARMA-EQ,long,2023-01-12T14:57:00+05:30,1029.65,2023-01-12T15:03:00+05:30,1033.7686,41,target,168.8626,109.9572,58.9054,42740.5704
NSE:MARUTI-EQ,long,2023-01-12T14:09:00+05:30,8357.75,2023-01-12T15:15:00+05:30,8373.5,5,time_exit,78.75,109.2526,-30.5026,42311.7599
NSE:LT-EQ,long,2023-01-12T14:18:00+05:30,2156.65,2023-01-12T15:15:00+05:30,2158.0,19,time_exit,25.65,108.0054,-82.3554,42451.698
NSE:SBIN-EQ,long,2023-01-12T15:18:00+05:30,595.15,2023-01-12T15:21:00+05:30,594.85,71,time_exit,-21.3,109.866,-131.166,42320.532
NSE:MARUTI-EQ,long,2023-01-12T15:18:00+05:30,8373.45,2023-01-12T15:21:00+05:30,8375.8,5,time_exit,11.75,109.316,-97.566,42354.132
NSE:TCS-EQ,long,2023-01-12T15:24:00+05:30,3336.95,2023-01-12T15:27:00+05:30,3337.55,12,time_exit,7.2,106.6069,-99.4069,42254.7251
NSE:TCS-EQ,long,2023-01-13T09:15:00+05:30,3342.9,2023-01-13T09:18:00+05:30,3336.2142,12,stoploss,-80.2296,106.6436,-186.8732,42067.8519
NSE:BAJFINANCE-EQ,short,2023-01-13T10:18:00+05:30,589.18,2023-01-13T10:21:00+05:30,590.3584,71,stoploss,-83.6636,109.312,-192.9755,41874.8764
NSE:SUNPHARMA-EQ,short,2023-01-13T10:24:00+05:30,1024.25,2023-01-13T10:30:00+05:30,1026.2985,40,stoploss,-81.94,108.0324,-189.9724,41684.904
NSE:INFY-EQ,long,2023-01-13T10:39:00+05:30,1481.05,2023-01-13T10:48:00+05:30,1486.9742,28,target,165.8776,108.8479,57.0297,41741.9337
NSE:SUNPHARMA-EQ,long,2023-01-13T10:57:00+05:30,1027.7,2023-01-13T11:12:00+05:30,1025.6446,40,stoploss,-82.216,108.1153,-190.3313,41551.6024
NSE:BAJFINANCE-EQ,long,2023-01-13T11:12:00+05:30,590.77,2023-01-13T11:18:00+05:30,589.5885,70,stoploss,-82.7078,108.4797,-191.1875,41360.4149
NSE:KOTAKBANK-EQ,short,2023-01-13T10:36:00+05:30,353.41,2023-01-13T11:27:00+05:30,351.9964,117,target,165.3959,108.4235,56.9724,41741.8764
NSE:MARUTI-EQ,long,2023-01-13T11:12:00+05:30,8405.85,2023-01-13T11:39:00+05:30,8439.4734,4,target,134.4936,97.1841,37.3095,41588.9119
NSE:MARUTI-EQ,long,2023-01-13T11:57:00+05:30,8438.05,2023-01-13T12:18:00+05:30,8471.8022,4,target,135.0088,97.3756,37.6332,41626.5451
NSE:HDFCBANK-EQ,long,2023-01-13T11:30:00+05:30,797.88,2023-01-13T12:21:00+05:30,801.0715,52,target,165.959,108.8781,57.0809,41798.9573
NSE:BAJFINANCE-EQ,long,2023-01-13T12:12:00+05:30,591.04,2023-01-13T12:21:00+05:30,593.4042,70,target,165.4912,108.7043,56.7869,41645.6988
NSE:SBIN-EQ,long,2023-01-13T12:12:00+05:30,596.5,2023-01-13T12:48:00+05:30,598.886,69,target,164.634,108.3857,56.2483,41645.1602
NSE:WIPRO-EQ,long,2023-01-13T12:18:00+05:30,196.03,2023-01-13T13:00:00+05:30,196.8141,212,target,166.2334,108.9801,57.2533,41683.7984
NSE:ICICIBANK-EQ,long,2023-01-13T12:18:00+05:30,862.5,2023-01-13T13:03:00+05:30,865.95,48,target,165.6,108.7447,56.8553,41683.4004
NSE:TCS-EQ,long,2023-01-13T12:27:00+05:30,3356.85,2023-01-13T13:06:00+05:30,3370.2774,12,target,161.1288,107.083,54.0458,41699.7446
NSE:HDFCBANK-EQ,long,2023-01-13T12:45:00+05:30,801.08,2023-01-13T13:18:00+05:30,804.2843,51,target,163.4203,107.9346,55.4857,41701.1845
NSE:HDFCBANK-EQ,long,2023-01-13T13:33:00+05:30,803.5,2023-01-13T13:36:00+05:30,801.893,51,stoploss,-81.957,107.9234,-189.8804,41511.3041
NSE:AXISBANK-EQ,long,2023-01-13T13:06:00+05:30,930.95,2023-01-13T13:45:00+05:30,934.6738,44,target,163.8472,108.0933,55.7539,41755.4986
NSE:RELIANCE-EQ,long,2023-01-13T13:21:00+05:30,1230.03,2023-01-13T13:45:00+05:30,1234.9501,33,target,162.364,107.542,54.8219,41756.0065
NSE:INFY-EQ,long,2023-01-13T13:39:00+05:30,1511.2,2023-01-13T13:54:00+05:30,1517.2448,27,target,163.2096,107.8563,55.3533,41566.6574
NSE:ASIANPAINT-EQ,long,2023-01-13T14:12:00+05:30,2915.95,2023-01-13T14:15:00+05:30,2910.1181,14,stoploss,-81.6466,107.6935,-189.3401,41377.3173
NSE:SBIN-EQ,long,2023-01-13T14:12:00+05:30,601.85,2023-01-13T14:18:00+05:30,600.6463,69,stoploss,-83.0553,108.7372,-191.7925,41374.8649
NSE:MARUTI-EQ,long,2023-01-13T13:15:00+05:30,8486.35,2023-01-13T14:30:00+05:30,8469.3773,4,stoploss,-67.8908,97.5015,-165.3923,41534.3523
NSE:WIPRO-EQ,long,2023-01-13T14:21:00+05:30,197.88,2023-01-13T14:30:00+05:30,197.4842,209,stoploss,-82.7138,108.4842,-191.198,41183.6668
NSE:ICICIBANK-EQ,long,2023-01-13T14:33:00+05:30,868.6,2023-01-13T14:39:00+05:30,866.8628,47,stoploss,-81.6484,107.6948,-189.3432,40994.3237
NSE:TITAN-EQ,long,2023-01-13T14:36:00+05:30,2420.0,2023-01-13T14:48:00+05:30,2415.16,17,stoploss,-82.28,108.1628,-190.4428,40993.2241
NSE:RELIANCE-EQ,long,2023-01-13T14:09:00+05:30,1233.95,2023-01-13T14:54:00+05:30,1231.4821,33,stoploss,-81.4407,107.5409,-188.9816,41377.6758
NSE:SUNPHARMA-EQ,long,2023-01-13T12:54:00+05:30,1031.05,2023-01-13T15:15:00+05:30,1031.95,40,time_exit,36.0,108.4077,-72.4077,41572.7525
NSE:TCS-EQ,long,2023-01-13T13:21:00+05:30,3369.95,2023-01-13T15:15:00+05:30,3376.15,12,time_exit,74.4,107.2475,-32.8475,41668.337
NSE:ASIANPAINT-EQ,long,2023-01-13T14:18:00+05:30,2908.95,2023-01-13T15:15:00+05:30,2909.0,14,time_exit,0.7,107.6133,-106.9133,41267.9516
NSE:TITAN-EQ,short,2023-01-13T15:21:00+05:30,2416.45,2023-01-13T15:24:00+05:30,2418.25,17,time_exit,-30.6,108.1595,-138.7595,41129.1921
NSE:BAJFINANCE-EQ,long,2023-01-16T10:57:00+05:30,604.5,2023-01-16T11:00:00+05:30,603.291,68,stoploss,-82.212,108.1124,-190.3244,40938.8677
NSE:KOTAKBANK-EQ,long,2023-01-16T11:03:00+05:30,359.04,2023-01-16T11:21:00+05:30,358.3219,114,stoploss,-81.8611,107.8524,-189.7135,40749.1542
NSE:TITAN-EQ,short,2023-01-16T11:09:00+05:30,2402.35,2023-01-16T11:21:00+05:30,2392.7406,17,target,163.3598,107.6698,55.69,40994.5577
NSE:MARUTI-EQ,short,2023-01-16T11:33:00+05:30,8368.4,2023-01-16T11:42:00+05:30,8385.1368,4,stoploss,-66.9472,96.9017,-163.8489,40830.7088
NSE:INFY-EQ,long,2023-01-16T10:57:00+05:30,1522.45,2023-01-16T12:03:00+05:30,1519.4051,27,stoploss,-82.2123,108.1126,-190.3249,40938.8672
NSE:SUNPHARMA-EQ,short,2023-01-16T11:57:00+05:30,1029.3,2023-01-16T12:03:00+05:30,1031.3586,39,stoploss,-80.2854,106.804,-187.0894,40643.6194
NSE:HDFCBANK-EQ,short,2023-01-16T11:27:00+05:30,801.25,2023-01-16T12:06:00+05:30,798.045,51,target,163.455,107.705,55.75,41050.3076
NSE:TITAN-EQ,short,2023-01-16T11:45:00+05:30,2401.0,2023-01-16T12:09:00+05:30,2405.802,17,stoploss,-81.634,107.8052,-189.4392,40641.2696
NSE:ICICIBANK-EQ,short,2023-01-16T11:09:00+05:30,870.75,2023-01-16T12:18:00+05:30,867.267,47,target,163.701,107.7961,55.9049,40994.7726
NSE:SBIN-EQ,short,2023-01-16T12:09:00+05:30,603.3,2023-01-16T12:45:00+05:30,600.8868,68,target,164.0976,107.9429,56.1547,40697.4242
NSE:RELIANCE-EQ,short,2023-01-16T10:30:00+05:30,1230.5,2023-01-16T12:48:00+05:30,1225.578,33,target,162.426,107.3241,55.1019,41184.2939
NSE:SBIN-EQ,short,2023-01-16T12:54:00+05:30,601.3,2023-01-16T13:09:00+05:30,602.5026,68,stoploss,-81.7768,107.9112,-189.688,40994.6059
NSE:ASIANPAINT-EQ,short,2023-01-16T11:42:00+05:30,2906.95,2023-01-16T13:15:00+05:30,2912.7639,14,stoploss,-81.3946,107.6275,-189.0221,40641.6867
NSE:AXISBANK-EQ,short,2023-01-16T13:15:00+05:30,920.25,2023-01-16T13:18:00+05:30,922.0905,44,stoploss,-80.982,107.3212,-188.3032,40453.3835
NSE:SUNPHARMA-EQ,short,2023-01-16T12:06:00+05:30,1030.9,2023-01-16T13:24:00+05:30,1032.9618,39,stoploss,-80.4102,106.8967,-187.3069,40863.0008
NSE:WIPRO-EQ,long,2023-01-16T13:27:00+05:30,199.7,2023-01-16T13:36:00+05:30,199.3006,204,stoploss,-81.4776,107.5682,-189.0458,40673.9549
NSE:TITAN-EQ,short,2023-01-16T12:18:00+05:30,2398.05,2023-01-16T13:42:00+05:30,2402.8461,16,stoploss,-76.7376,104.1701,-180.9077,40813.8649
NSE:KOTAKBANK-EQ,long,2023-01-16T13:21:00+05:30,358.88,2023-01-16T13:45:00+05:30,358.1622,112,stoploss,-80.3891,106.7618,-187.1509,40266.2326
NSE:INFY-EQ,long,2023-01-16T13:45:00+05:30,1525.8,2023-01-16T13:48:00+05:30,1522.7484,26,stoploss,-79.3416,105.9856,-185.3272,40080.9054
NSE:WIPRO-EQ,long,2023-01-16T13:39:00+05:30,199.25,2023-01-16T13:51:00+05:30,198.8515,204,stoploss,-81.294,107.4322,-188.7262,40485.2287
NSE:ICICIBANK-EQ,short,2023-01-16T12:27:00+05:30,867.75,2023-01-16T13:54:00+05:30,864.279,47,target,163.137,107.5873,55.5497,41050.3223
NSE:LT-EQ,short,2023-01-16T11:33:00+05:30,2145.35,2023-01-16T14:54:00+05:30,2136.7686,19,target,163.0466,107.5539,55.4927,41050.0504
NSE:AXISBANK-EQ,short,2023-01-16T14:15:00+05:30,917.55,2023-01-16T14:57:00+05:30,913.8798,44,target,161.4888,106.9772,54.5116,41104.8338
NSE:MARUTI-EQ,short,2023-01-16T14:51:00+05:30,8353.3,2023-01-16T15:00:00+05:30,8370.0066,4,stoploss,-66.8264,96.812,-163.6384,40886.6838
NSE:LT-EQ,short,2023-01-16T14:57:00+05:30,2137.95,2023-01-16T15:00:00+05:30,2142.2259,19,stoploss,-81.2421,107.5143,-188.7564,40916.0775
NSE:TCS-EQ,short,2023-01-16T14:42:00+05:30,3328.6,2023-01-16T15:03:00+05:30,3335.2572,12,stoploss,-79.8864,106.5078,-186.3942,40863.9281
NSE:ASIANPAINT-EQ,long,2023-01-16T13:18:00+05:30,2913.55,2023-01-16T15:15:00+05:30,2912.8,13,time_exit,-9.75,103.3785,-113.1285,40340.255
NSE:BAJFINANCE-EQ,short,2023-01-16T13:54:00+05:30,600.9,2023-01-16T15:15:00+05:30,601.08,67,time_exit,-12.06,106.9313,-118.9913,40931.331
NSE:RELIANCE-EQ,short,2023-01-16T14:18:00+05:30,1221.65,2023-01-16T15:15:00+05:30,1222.0,33,time_exit,-11.55,107.0113,-118.5613,40931.761
NSE:SBIN-EQ,short,2023-01-16T15:03:00+05:30,602.85,2023-01-16T15:15:00+05:30,603.15,67,time_exit,-20.1,107.1306,-127.2306,40736.6974
NSE:MARUTI-EQ,short,2023-01-16T15:03:00+05:30,8373.05,2023-01-16T15:15:00+05:30,8384.3,4,time_exit,-45.0,96.9141,-141.9141,40722.0139
NSE:WIPRO-EQ,long,2023-01-16T15:18:00+05:30,199.43,2023-01-16T15:21:00+05:30,199.4,204,time_exit,-6.12,107.5462,-113.6662,40608.3477
NSE:SUNPHARMA-EQ,long,2023-01-16T15:18:00+05:30,1035.3,2023-01-16T15:21:00+05:30,1035.45,39,time_exit,5.85,107.1002,-101.2502,40620.7637
NSE:TCS-EQ,long,2023-01-17T10:54:00+05:30,3355.35,2023-01-17T11:00:00+05:30,3348.6393,12,stoploss,-80.5284,106.865,-187.3934,40433.3703
NSE:MARUTI-EQ,long,2023-01-17T10:42:00+05:30,8415.0,2023-01-17T11:03:00+05:30,8398.17,4,stoploss,-67.32,97.0786,-164.3986,40456.3651
NSE:AXISBANK-EQ,long,2023-01-17T10:48:00+05:30,915.75,2023-01-17T11:15:00+05:30,913.9185,44,stoploss,-80.586,106.9076,-187.4936,40433.2701
NSE:TITAN-EQ,long,2023-01-17T10:30:00+05:30,2410.1,2023-01-17T11:18:00+05:30,2405.2798,16,stoploss,-77.1232,104.342,-181.4652,40439.2985
NSE:AXISBANK-EQ,short,2023-01-17T11:27:00+05:30,913.7,2023-01-17T11:30:00+05:30,915.5274,44,stoploss,-80.4056,106.8933,-187.2989,40251.9997
NSE:BAJFINANCE-EQ,short,2023-01-17T11:06:00+05:30,596.46,2023-01-17T11:42:00+05:30,597.6529,67,stoploss,-79.9256,106.5369,-186.4626,40269.9025
NSE:HDFCBANK-EQ,long,2023-01-17T11:36:00+05:30,802.65,2023-01-17T11:42:00+05:30,801.0447,50,stoploss,-80.265,106.6698,-186.9348,40065.0648
NSE:LT-EQ,long,2023-01-17T11:36:00+05:30,2187.2,2023-01-17T12:06:00+05:30,2195.9488,18,target,157.4784,105.7263,51.7521,40303.7517
NSE:ASIANPAINT-EQ,long,2023-01-17T11:39:00+05:30,2935.65,2023-01-17T12:18:00+05:30,2929.7787,13,stoploss,-76.3269,103.752,-180.0789,40071.9208
NSE:WIPRO-EQ,short,2023-01-17T11:21:00+05:30,198.85,2023-01-17T12:24:00+05:30,198.0546,203,target,161.4662,106.9689,54.4973,40493.7958
NSE:INFY-EQ,long,2023-01-17T12:09:00+05:30,1537.7,2023-01-17T12:24:00+05:30,1534.6246,26,stoploss,-79.9604,106.4441,-186.4045,40117.3472
NSE:SUNPHARMA-EQ,long,2023-01-17T11:48:00+05:30,1031.95,2023-01-17T12:27:00+05:30,1029.8861,38,stoploss,-78.4282,105.3089,-183.7371,39881.3278
NSE:KOTAKBANK-EQ,long,2023-01-17T12:09:00+05:30,358.47,2023-01-17T12:30:00+05:30,357.7531,112,stoploss,-80.2973,106.6937,-186.991,40116.7607
NSE:AXISBANK-EQ,short,2023-01-17T12:30:00+05:30,914.35,2023-01-17T12:45:00+05:30,910.6926,43,target,157.2682,105.4149,51.8533,40168.614
NSE:HDFCBANK-EQ,long,2023-01-17T11:51:00+05:30,801.0,2023-01-17T12:48:00+05:30,804.204,50,target,160.2,106.7378,53.4622,40118.527
NSE:KOTAKBANK-EQ,short,2023-01-17T12:39:00+05:30,358.13,2023-01-17T13:24:00+05:30,356.6975,112,target,160.4422,106.5898,53.8524,40170.6131
NSE:TCS-EQ,long,2023-01-17T11:03:00+05:30,3350.75,2023-01-17T13:33:00+05:30,3364.153,12,target,160.836,106.9742,53.8618,40510.2269
NSE:SUNPHARMA-EQ,short,2023-01-17T13:15:00+05:30,1029.3,2023-01-17T13:39:00+05:30,1031.3586,38,stoploss,-78.2268,105.2757,-183.5025,39935.0245
NSE:TITAN-EQ,short,2023-01-17T13:30:00+05:30,2390.0,2023-01-17T13:42:00+05:30,2394.78,16,stoploss,-76.48,103.9789,-180.4589,39990.1543
NSE:HDFCBANK-EQ,long,2023-01-17T13:54:00+05:30,802.73,2023-01-17T14:00:00+05:30,801.1245,49,stoploss,-78.6675,105.4862,-184.1538,39806.0005
NSE:MARUTI-EQ,long,2023-01-17T11:57:00+05:30,8420.5,2023-01-17T14:06:00+05:30,8454.182,4,target,134.728,97.2712,37.4568,40102.5216
NSE:ASIANPAINT-EQ,short,2023-01-17T12:39:00+05:30,2927.0,2023-01-17T14:21:00+05:30,2932.854,13,stoploss,-76.102,103.6983,-179.8003,39936.9605
NSE:KOTAKBANK-EQ,short,2023-01-17T13:36:00+05:30,357.59,2023-01-17T14:36:00+05:30,358.3052,113,stoploss,-80.8153,107.1974,-188.0128,40322.2141
NSE:RELIANCE-EQ,long,2023-01-17T11:36:00+05:30,1232.65,2023-01-17T15:00:00+05:30,1237.5806,32,target,157.7792,105.8381,51.9411,40303.9407
NSE:BAJFINANCE-EQ,short,2023-01-17T12:39:00+05:30,596.05,2023-01-17T15:00:00+05:30,597.2421,67,stoploss,-79.8707,106.4961,-186.3668,39930.3939
NSE:TCS-EQ,long,2023-01-17T14:06:00+05:30,3365.7,2023-01-17T15:09:00+05:30,3379.1628,11,target,148.0908,102.2375,45.8533,40148.375
NSE:INFY-EQ,long,2023-01-17T14:06:00+05:30,1535.4,2023-01-17T15:09:00+05:30,1541.5416,25,target,153.54,104.2626,49.2774,40151.799
NSE:TITAN-EQ,long,2023-01-17T15:00:00+05:30,2399.7,2023-01-17T15:12:00+05:30,2409.2988,16,target,153.5808,104.2778,49.303,39979.6969
NSE:LT-EQ,long,2023-01-17T14:06:00+05:30,2208.0,2023-01-17T15:15:00+05:30,2213.0,18,time_exit,90.0,106.2283,-16.2283,40086.2933
NSE:BAJFINANCE-EQ,long,2023-01-17T15:03:00+05:30,597.89,2023-01-17T15:15:00+05:30,599.05,66,time_exit,76.56,105.7975,-29.2375,39901.1564
NSE:LT-EQ,long,2023-01-17T15:18:00+05:30,2213.0,2023-01-17T15:21:00+05:30,2214.0,18,time_exit,18.0,106.3048,-88.3048,39812.8516
NSE:ASIANPAINT-EQ,long,2023-01-17T15:18:00+05:30,2940.95,2023-01-17T15:21:00+05:30,2942.45,13,time_exit,19.5,103.9301,-84.4301,39816.7263
NSE:RELIANCE-EQ,long,2023-01-17T15:24:00+05:30,1238.8,2023-01-17T15:27:00+05:30,1239.0,32,time_exit,6.4,106.0102,-99.6102,39717.1161
NSE:SUNPHARMA-EQ,long,2023-01-17T15:24:00+05:30,1033.0,2023-01-17T15:27:00+05:30,1030.934,38,stoploss,-78.508,105.368,-183.876,39632.8503
NSE:MARUTI-EQ,long,2023-01-18T10:45:00+05:30,8500.2,2023-01-18T10:54:00+05:30,8483.1996,4,stoploss,-68.0016,97.5836,-165.5852,39467.2651
NSE:SUNPHARMA-EQ,long,2023-01-18T11:00:00+05:30,1037.1,2023-01-18T11:03:00+05:30,1035.0258,38,stoploss,-78.8196,105.5989,-184.4185,39282.8466
NSE:RELIANCE-EQ,long,2023-01-18T10:48:00+05:30,1236.45,2023-01-18T11:24:00+05:30,1241.3958,32,target,158.2656,106.0189,52.2467,39685.097
NSE:ICICIBANK-EQ,long,2023-01-18T11:15:00+05:30,866.6,2023-01-18T11:39:00+05:30,870.0664,45,target,155.988,105.1724,50.8156,39333.6622
NSE:KOTAKBANK-EQ,long,2023-01-18T11:24:00+05:30,364.33,2023-01-18T11:48:00+05:30,363.6013,107,stoploss,-77.9666,104.9669,-182.9335,39502.1635
NSE:BAJFINANCE-EQ,long,2023-01-18T11:48:00+05:30,602.77,2023-01-18T11:51:00+05:30,601.5645,65,stoploss,-78.3601,105.2584,-183.6185,39318.545
NSE:TCS-EQ,long,2023-01-18T11:03:00+05:30,3393.6,2023-01-18T12:06:00+05:30,3407.1744,11,target,149.3184,102.6937,46.6247,39329.4713
NSE:AXISBANK-EQ,long,2023-01-18T11:39:00+05:30,920.0,2023-01-18T12:06:00+05:30,918.16,43,stoploss,-79.12,105.8215,-184.9415,39148.7207
NSE:MARUTI-EQ,long,2023-01-18T11:45:00+05:30,8487.95,2023-01-18T12:18:00+05:30,8521.9018,4,target,135.8072,97.6723,38.1349,39371.7971
NSE:TCS-EQ,long,2023-01-18T12:24:00+05:30,3404.9,2023-01-18T12:42:00+05:30,3398.0902,11,stoploss,-74.9078,102.7006,-177.6084,39194.1887
NSE:HDFCBANK-EQ,long,2023-01-18T12:33:00+05:30,819.9,2023-01-18T12:48:00+05:30,818.2602,48,stoploss,-78.7104,105.518,-184.2284,39187.5687
NSE:ICICIBANK-EQ,long,2023-01-18T12:36:00+05:30,869.0,2023-01-18T13:09:00+05:30,867.262,45,stoploss,-78.21,105.1472,-183.3572,39188.4399
NSE:SBIN-EQ,short,2023-01-18T13:03:00+05:30,589.6,2023-01-18T13:18:00+05:30,590.7792,66,stoploss,-77.8272,104.979,-182.8062,39004.7625
NSE:INFY-EQ,long,2023-01-18T10:03:00+05:30,1545.6,2023-01-18T13:42:00+05:30,1551.7824,25,target,154.56,104.6417,49.9183,39682.7686
NSE:KOTAKBANK-EQ,short,2023-01-18T12:51:00+05:30,361.95,2023-01-18T13:51:00+05:30,360.5022,108,target,156.3624,105.0796,51.2828,39238.8515
NSE:WIPRO-EQ,long,2023-01-18T10:45:00+05:30,200.98,2023-01-18T13:57:00+05:30,201.7839,197,target,158.3722,106.0585,52.3137,39685.164
NSE:TCS-EQ,long,2023-01-18T13:51:00+05:30,3405.6,2023-01-18T14:00:00+05:30,3398.7888,11,stoploss,-74.9232,102.712,-177.6352,39061.2163
NSE:RELIANCE-EQ,long,2023-01-18T12:06:00+05:30,1243.0,2023-01-18T14:06:00+05:30,1240.514,31,stoploss,-77.066,104.2996,-181.3656,38967.3551
NSE:BAJFINANCE-EQ,short,2023-01-18T14:03:00+05:30,600.37,2023-01-18T14:15:00+05:30,601.5707,65,stoploss,-78.0481,105.143,-183.1911,38878.0252
NSE:SUNPHARMA-EQ,long,2023-01-18T12:03:00+05:30,1036.0,2023-01-18T14:18:00+05:30,1033.928,37,stoploss,-76.664,104.0018,-180.6658,39137.8792
NSE:AXISBANK-EQ,short,2023-01-18T14:03:00+05:30,917.65,2023-01-18T14:18:00+05:30,919.4853,42,stoploss,-77.0826,104.4263,-181.5089,38879.7075
NSE:MARUTI-EQ,long,2023-01-18T12:54:00+05:30,8522.5,2023-01-18T14:24:00+05:30,8505.455,4,stoploss,-68.18,97.7158,-165.8958,39021.6729
NSE:TITAN-EQ,short,2023-01-18T14:12:00+05:30,2416.95,2023-01-18T14:24:00+05:30,2421.7839,16,stoploss,-77.3424,104.6191,-181.9615,38785.3936
NSE:ASIANPAINT-EQ,long,2023-01-18T11:27:00+05:30,2949.95,2023-01-18T14:36:00+05:30,2944.0501,13,stoploss,-76.6987,104.0275,-180.7262,39504.3709
NSE:SBIN-EQ,long,2023-01-18T15:00:00+05:30,593.05,2023-01-18T15:06:00+05:30,591.8639,66,stoploss,-78.2826,105.201,-183.4836,39320.8873
NSE:HDFCBANK-EQ,long,2023-01-18T14:54:00+05:30,819.38,2023-01-18T15:09:00+05:30,817.7412,48,stoploss,-78.6605,105.481,-184.1415,39320.2294
NSE:KOTAKBANK-EQ,short,2023-01-18T14:09:00+05:30,360.39,2023-01-18T15:15:00+05:30,359.5,108,time_exit,96.12,104.8714,-8.7514,38958.6038
NSE:WIPRO-EQ,long,2023-01-18T15:12:00+05:30,201.7,2023-01-18T15:15:00+05:30,201.6,194,time_exit,-19.4,105.2306,-124.6306,39195.5988
NSE:AXISBANK-EQ,long,2023-01-18T15:12:00+05:30,923.1,2023-01-18T15:15:00+05:30,924.95,42,time_exit,77.7,104.774,-27.074,39293.1554
NSE:SUNPHARMA-EQ,long,2023-01-18T15:15:00+05:30,1040.15,2023-01-18T15:18:00+05:30,1039.35,37,time_exit,-29.6,104.2668,-133.8668,39159.2886
NSE:WIPRO-EQ,long,2023-01-18T15:18:00+05:30,201.6,2023-01-18T15:21:00+05:30,201.7,194,time_exit,19.4,105.2325,-85.8325,39073.4561
NSE:LT-EQ,long,2023-01-18T15:21:00+05:30,2264.7,2023-01-18T15:24:00+05:30,2266.05,17,time_exit,22.95,104.3297,-81.3797,38992.0764
NSE:MARUTI-EQ,short,2023-01-19T10:39:00+05:30,8479.9,2023-01-19T10:54:00+05:30,8496.8598,4,stoploss,-67.8392,97.5639,-165.4031,38826.6733
NSE:ICICIBANK-EQ,short,2023-01-19T10:21:00+05:30,867.6,2023-01-19T10:57:00+05:30,864.1296,44,target,152.6976,103.723,48.9746,39041.0509
NSE:HDFCBANK-EQ,long,2023-01-19T11:12:00+05:30,822.43,2023-01-19T11:21:00+05:30,820.7851,47,stoploss,-77.3084,104.4792,-181.7876,38859.2633
NSE:INFY-EQ,long,2023-01-19T11:45:00+05:30,1546.0,2023-01-19T11:51:00+05:30,1542.908,25,stoploss,-77.3,104.473,-181.773,38677.4903
NSE:SUNPHARMA-EQ,long,2023-01-19T11:48:00+05:30,1041.3,2023-01-19T11:57:00+05:30,1039.2174,37,stoploss,-77.0562,104.2923,-181.3485,38677.9148
NSE:MARUTI-EQ,long,2023-01-19T12:00:00+05:30,8503.0,2023-01-19T12:24:00+05:30,8485.994,4,stoploss,-68.024,97.6002,-165.6242,38512.2905
NSE:KOTAKBANK-EQ,long,2023-01-19T12:03:00+05:30,357.47,2023-01-19T12:39:00+05:30,356.7551,108,stoploss,-77.2135,104.4089,-181.6224,38496.2923
NSE:MARUTI-EQ,long,2023-01-19T12:33:00+05:30,8508.1,2023-01-19T12:45:00+05:30,8491.0838,4,stoploss,-68.0648,97.6305,-165.6953,38346.5953
NSE:HDFCBANK-EQ,long,2023-01-19T12:27:00+05:30,823.95,2023-01-19T12:48:00+05:30,822.3021,46,stoploss,-75.8034,103.3641,-179.1675,38333.123
NSE:LT-EQ,long,2023-01-19T11:48:00+05:30,2267.2,2023-01-19T12:51:00+05:30,2262.6656,17,stoploss,-77.0848,104.3135,-181.3983,38677.865
NSE:ASIANPAINT-EQ,long,2023-01-19T10:45:00+05:30,2956.65,2023-01-19T12:54:00+05:30,2968.4766,13,target,153.7458,104.3391,49.4067,39041.4831
NSE:BAJFINANCE-EQ,long,2023-01-19T12:33:00+05:30,601.58,2023-01-19T12:57:00+05:30,600.3768,64,stoploss,-77.0022,104.2524,-181.2546,38331.0359
NSE:TITAN-EQ,long,2023-01-19T12:24:00+05:30,2400.0,2023-01-19T13:09:00+05:30,2395.2,16,stoploss,-76.8,104.1025,-180.9025,38331.388
NSE:SBIN-EQ,short,2023-01-19T13:18:00+05:30,588.85,2023-01-19T14:03:00+05:30,590.0277,65,stoploss,-76.5505,104.0312,-180.5817,38150.8063
NSE:LT-EQ,long,2023-01-19T14:09:00+05:30,2272.2,2023-01-19T14:21:00+05:30,2267.6556,16,stoploss,-72.7104,101.0725,-173.7829,37977.0234
NSE:BAJFINANCE-EQ,long,2023-01-19T14:09:00+05:30,601.62,2023-01-19T14:21:00+05:30,600.4168,63,stoploss,-75.8041,103.3647,-179.1688,37971.6375
NSE:ICICIBANK-EQ,long,2023-01-19T14:09:00+05:30,866.1,2023-01-19T14:24:00+05:30,864.3678,44,stoploss,-76.2168,103.6704,-179.8872,37970.9191
NSE:HDFCBANK-EQ,long,2023-01-19T14:21:00+05:30,822.65,2023-01-19T14:27:00+05:30,821.0047,46,stoploss,-75.6838,103.2755,-178.9593,37792.6782
NSE:INFY-EQ,long,2023-01-19T12:15:00+05:30,1545.05,2023-01-19T14:45:00+05:30,1541.9599,25,stoploss,-77.2525,104.4378,-181.6903,38496.2245
NSE:TCS-EQ,long,2023-01-19T14:12:00+05:30,3385.05,2023-01-19T14:45:00+05:30,3378.2799,11,stoploss,-74.4711,102.377,-176.8481,37973.9582
NSE:TITAN-EQ,short,2023-01-19T13:42:00+05:30,2388.7,2023-01-19T14:57:00+05:30,2379.1452,16,target,152.8768,103.7894,49.0874,38380.4754
NSE:ICICIBANK-EQ,short,2023-01-19T14:57:00+05:30,865.05,2023-01-19T15:00:00+05:30,866.7801,43,stoploss,-74.3943,102.4305,-176.8248,38203.6507
NSE:RELIANCE-EQ,long,2023-01-19T11:27:00+05:30,1237.05,2023-01-19T15:15:00+05:30,1235.03,31,time_exit,-62.62,104.0374,-166.6574,38692.6059
NSE:WIPRO-EQ,long,2023-01-19T12:03:00+05:30,201.63,2023-01-19T15:15:00+05:30,201.68,191,time_exit,9.55,104.336,-94.786,38583.1287
NSE:SUNPHARMA-EQ,short,2023-01-19T14:54:00+05:30,1039.75,2023-01-19T15:15:00+05:30,1040.9,36,time_exit,-41.4,102.7545,-144.1545,37829.8037
NSE:TITAN-EQ,short,2023-01-19T15:06:00+05:30,2383.5,2023-01-19T15:15:00+05:30,2385.0,16,time_exit,-24.0,103.7883,-127.7883,38075.8624
NSE:RELIANCE-EQ,short,2023-01-19T15:21:00+05:30,1235.22,2023-01-19T15:24:00+05:30,1234.45,30,time_exit,23.1,102.1545,-79.0545,37996.8078
NSE:ASIANPAINT-EQ,short,2023-01-19T15:21:00+05:30,2870.65,2023-01-19T15:24:00+05:30,2861.3,13,time_exit,121.55,102.4749,19.0751,38094.9375
NSE:LT-EQ,long,2023-01-20T10:39:00+05:30,2295.8,2023-01-20T10:45:00+05:30,2291.2084,16,stoploss,-73.4656,101.632,-175.0976,37919.8399
NSE:ICICIBANK-EQ,long,2023-01-20T10:45:00+05:30,873.0,2023-01-20T10:54:00+05:30,871.254,43,stoploss,-75.078,102.8267,-177.9047,37741.9352
NSE:AXISBANK-EQ,long,2023-01-20T10:36:00+05:30,931.75,2023-01-20T11:03:00+05:30,929.8865,40,stoploss,-74.54,102.428,-176.968,37917.9695
NSE:SBIN-EQ,long,2023-01-20T10:51:00+05:30,594.8,2023-01-20T11:45:00+05:30,593.6104,63,stoploss,-74.9448,102.728,-177.6728,37742.1671
NSE:LT-EQ,short,2023-01-20T11:27:00+05:30,2274.45,2023-01-20T11:57:00+05:30,2265.3522,16,target,145.5648,101.0827,44.4821,37962.4515
NSE:AXISBANK-EQ,short,2023-01-20T12:24:00+05:30,929.45,2023-01-20T12:33:00+05:30,931.3089,40,stoploss,-74.356,102.402,-176.758,37785.6935
NSE:ASIANPAINT-EQ,short,2023-01-20T11:48:00+05:30,2808.2,2023-01-20T12:51:00+05:30,2796.9672,13,target,146.0264,101.2536,44.7728,37786.9399
NSE:WIPRO-EQ,long,2023-01-20T10:33:00+05:30,201.58,2023-01-20T12:54:00+05:30,202.3863,188,target,151.5882,103.5372,48.0509,38142.9884
NSE:MARUTI-EQ,short,2023-01-20T11:21:00+05:30,8470.2,2023-01-20T13:06:00+05:30,8436.3192,4,target,135.5232,97.3657,38.1575,37956.1269
NSE:TCS-EQ,long,2023-01-20T10:39:00+05:30,3383.05,2023-01-20T13:30:00+05:30,3376.2839,11,stoploss,-74.4271,102.3444,-176.7715,37918.166
NSE:LT-EQ,short,2023-01-20T12:21:00+05:30,2270.4,2023-01-20T13:30:00+05:30,2261.3184,16,target,145.3056,100.9868,44.3188,38006.7703
NSE:INFY-EQ,short,2023-01-20T12:57:00+05:30,1534.8,2023-01-20T13:51:00+05:30,1528.6608,24,target,147.3408,101.7402,45.6006,38188.5891
NSE:BAJFINANCE-EQ,short,2023-01-20T13:30:00+05:30,590.98,2023-01-20T14:00:00+05:30,588.6161,64,target,151.2909,103.2023,48.0886,38054.8589
NSE:MARUTI-EQ,short,2023-01-20T13:24:00+05:30,8447.25,2023-01-20T14:06:00+05:30,8464.1445,4,stoploss,-67.578,97.37,-164.948,37791.1789
NSE:RELIANCE-EQ,short,2023-01-20T13:57:00+05:30,1227.58,2023-01-20T14:30:00+05:30,1222.6697,31,target,152.2199,103.5462,48.6737,38237.2628
NSE:HDFCBANK-EQ,long,2023-01-20T11:06:00+05:30,832.15,2023-01-20T15:00:00+05:30,830.4857,45,stoploss,-74.8935,102.69,-177.5835,37740.386
NSE:ASIANPAINT-EQ,short,2023-01-20T13:42:00+05:30,2800.45,2023-01-20T15:00:00+05:30,2789.2482,13,target,145.6234,101.1044,44.519,38051.2893
NSE:ICICIBANK-EQ,short,2023-01-20T12:15:00+05:30,868.75,2023-01-20T15:03:00+05:30,870.4875,43,stoploss,-74.7125,102.6667,-177.3792,37785.0723
NSE:WIPRO-EQ,short,2023-01-20T15:03:00+05:30,201.03,2023-01-20T15:09:00+05:30,201.4321,189,stoploss,-75.9893,103.6146,-179.604,37605.4684
NSE:KOTAKBANK-EQ,short,2023-01-20T12:48:00+05:30,352.54,2023-01-20T15:15:00+05:30,352.62,107,time_exit,-8.56,103.1632,-111.7232,37673.9703
NSE:BAJFINANCE-EQ,short,2023-01-20T14:48:00+05:30,589.2,2023-01-20T15:15:00+05:30,586.8432,64,target,150.8352,103.0337,47.8015,38285.0643
NSE:INFY-EQ,short,2023-01-20T14:54:00+05:30,1525.75,2023-01-20T15:15:00+05:30,1526.45,25,time_exit,-17.5,103.7953,-121.2953,38115.9675
NSE:ASIANPAINT-EQ,short,2023-01-20T15:03:00+05:30,2788.8,2023-01-20T15:15:00+05:30,2787.95,13,time_exit,11.05,100.9729,-89.9229,37695.1495
NSE:WIPRO-EQ,short,2023-01-20T15:12:00+05:30,201.58,2023-01-20T15:15:00+05:30,201.65,186,time_exit,-13.02,102.8282,-115.8482,37489.6202
NSE:SBIN-EQ,short,2023-01-20T15:15:00+05:30,592.2,2023-01-20T15:18:00+05:30,592.15,63,time_exit,3.15,102.5421,-99.3921,37390.2281
NSE:INFY-EQ,short,2023-01-20T15:18:00+05:30,1526.35,2023-01-20T15:21:00+05:30,1526.0,24,time_exit,8.4,101.5354,-93.1354,37297.0926
NSE:SBIN-EQ,short,2023-01-20T15:21:00+05:30,592.05,2023-01-20T15:24:00+05:30,592.2,63,time_exit,-9.45,102.5368,-111.9868,37185.1058
NSE:TITAN-EQ,long,2023-01-23T10:27:00+05:30,2375.8,2023-01-23T10:30:00+05:30,2371.0484,15,stoploss,-71.274,100.0082,-171.2822,37013.8236
NSE:ICICIBANK-EQ,long,2023-01-23T11:03:00+05:30,880.8,2023-01-23T11:09:00+05:30,879.0384,42,stoploss,-73.9872,102.0185,-176.0057,36837.8179
NSE:LT-EQ,long,2023-01-23T11:00:00+05:30,2260.3,2023-01-23T11:12:00+05:30,2255.7794,16,stoploss,-72.3296,100.7903,-173.1199,36840.7037
NSE:HDFCBANK-EQ,long,2023-01-23T11:00:00+05:30,838.75,2023-01-23T11:15:00+05:30,837.0725,44,stoploss,-73.81,101.8872,-175.6972,36838.1264
NSE:LT-EQ,short,2023-01-23T11:24:00+05:30,2250.0,2023-01-23T11:54:00+05:30,2241.0,16,target,144.0,100.5035,43.4965,36881.6229
NSE:MARUTI-EQ,long,2023-01-23T10:45:00+05:30,8448.0,2023-01-23T12:09:00+05:30,8431.104,4,stoploss,-67.584,97.2742,-164.8582,36848.9654
NSE:TITAN-EQ,short,2023-01-23T11:30:00+05:30,2371.4,2023-01-23T12:12:00+05:30,2361.9144,15,target,142.284,99.8683,42.4157,36880.5421
NSE:AXISBANK-EQ,short,2023-01-23T12:15:00+05:30,928.4,2023-01-23T12:21:00+05:30,930.2568,39,stoploss,-72.4152,100.9612,-173.3764,36707.1657
NSE:RELIANCE-EQ,short,2023-01-23T11:30:00+05:30,1221.68,2023-01-23T12:24:00+05:30,1216.7933,30,target,146.6016,101.4665,45.1351,36883.2615
NSE:BAJFINANCE-EQ,short,2023-01-23T12:42:00+05:30,588.73,2023-01-23T12:57:00+05:30,586.3751,62,target,146.005,101.2457,44.7593,36928.0208
NSE:ICICIBANK-EQ,short,2023-01-23T12:45:00+05:30,871.75,2023-01-23T13:00:00+05:30,868.263,42,target,146.454,101.4119,45.0421,36928.3036
NSE:MARUTI-EQ,short,2023-01-23T13:03:00+05:30,8439.0,2023-01-23T13:09:00+05:30,8405.244,4,target,135.024,97.1809,37.8431,36966.1466
NSE:LT-EQ,short,2023-01-23T13:33:00+05:30,2234.3,2023-01-23T13:36:00+05:30,2238.7686,16,stoploss,-71.4976,100.2799,-171.7775,36794.3691
NSE:RELIANCE-EQ,short,2023-01-23T13:24:00+05:30,1215.3,2023-01-23T13:42:00+05:30,1217.7306,30,stoploss,-72.918,101.3344,-174.2524,36791.8942
NSE:ASIANPAINT-EQ,short,2023-01-23T12:42:00+05:30,2784.3,2023-01-23T13:45:00+05:30,2789.8686,13,stoploss,-72.3918,100.9438,-173.3356,36709.9259
NSE:HDFCBANK-EQ,short,2023-01-23T13:06:00+05:30,835.93,2023-01-23T14:00:00+05:30,837.6019,44,stoploss,-73.5618,101.8124,-175.3743,36752.9293
NSE:KOTAKBANK-EQ,long,2023-01-23T14:00:00+05:30,357.46,2023-01-23T14:21:00+05:30,356.7451,102,stoploss,-72.9218,101.2291,-174.151,36578.7783
NSE:WIPRO-EQ,long,2023-01-23T14:06:00+05:30,202.75,2023-01-23T14:48:00+05:30,203.561,181,target,146.791,101.7544,45.0366,36797.9659
NSE:INFY-EQ,long,2023-01-23T14:06:00+05:30,1549.3,2023-01-23T14:54:00+05:30,1546.2014,23,stoploss,-71.2678,100.0036,-171.2714,36581.6579
NSE:ASIANPAINT-EQ,long,2023-01-23T14:15:00+05:30,2790.7,2023-01-23T14:54:00+05:30,2785.1186,13,stoploss,-72.5582,100.9597,-173.5179,36579.4114
NSE:TITAN-EQ,short,2023-01-23T13:00:00+05:30,2359.8,2023-01-23T15:03:00+05:30,2364.5196,15,stoploss,-70.794,99.7576,-170.5516,36757.752
NSE:MARUTI-EQ,short,2023-01-23T15:03:00+05:30,8400.75,2023-01-23T15:06:00+05:30,8417.5515,4,stoploss,-67.206,97.0938,-164.2998,36593.4521
NSE:AXISBANK-EQ,long,2023-01-23T13:39:00+05:30,932.35,2023-01-23T15:15:00+05:30,934.1,39,time_exit,68.25,101.1936,-32.9436,36761.4255
NSE:BAJFINANCE-EQ,short,2023-01-23T15:24:00+05:30,585.95,2023-01-23T15:27:00+05:30,586.5,62,time_exit,-34.1,101.1146,-135.2146,36626.2109
NSE:RELIANCE-EQ,short,2023-01-23T15:27:00+05:30,1214.58,2023-01-24T09:15:00+05:30,1217.0092,30,stoploss,-72.8748,101.3024,-174.1772,36452.0337
NSE:KOTAKBANK-EQ,short,2023-01-24T10:18:00+05:30,356.05,2023-01-24T11:06:00+05:30,354.6258,102,target,145.2684,100.973,44.2954,36496.3291
NSE:ASIANPAINT-EQ,long,2023-01-24T10:48:00+05:30,2823.05,2023-01-24T11:21:00+05:30,2817.4039,12,stoploss,-67.7532,97.3996,-165.1528,36286.8809
NSE:LT-EQ,short,2023-01-24T11:18:00+05:30,2227.9,2023-01-24T11:54:00+05:30,2218.9884,16,target,142.5856,99.98,42.6056,36538.9347
NSE:MARUTI-EQ,long,2023-01-24T11:09:00+05:30,8450.8,2023-01-24T12:12:00+05:30,8484.6032,4,target,135.2128,97.4514,37.7614,36534.0905
NSE:LT-EQ,short,2023-01-24T12:30:00+05:30,2215.35,2023-01-24T12:45:00+05:30,2219.7807,16,stoploss,-70.8912,99.8297,-170.7209,36363.3695
NSE:TCS-EQ,long,2023-01-24T10:45:00+05:30,3429.5,2023-01-24T12:51:00+05:30,3443.218,10,target,137.18,98.1825,38.9975,36491.0312
NSE:WIPRO-EQ,short,2023-01-24T11:18:00+05:30,203.28,2023-01-24T12:51:00+05:30,203.6866,179,stoploss,-72.7742,101.2277,-174.002,36322.3271
NSE:SUNPHARMA-EQ,short,2023-01-24T12:03:00+05:30,1038.75,2023-01-24T12:51:00+05:30,1040.8275,35,stoploss,-72.7125,101.1819,-173.8944,36365.0403
NSE:LT-EQ,short,2023-01-24T12:51:00+05:30,2221.0,2023-01-24T13:00:00+05:30,2212.116,16,target,142.144,99.8165,42.3275,36407.3678
NSE:SBIN-EQ,short,2023-01-24T12:51:00+05:30,597.95,2023-01-24T13:27:00+05:30,595.5582,60,target,143.508,100.3214,43.1866,36408.2269
NSE:INFY-EQ,long,2023-01-24T13:18:00+05:30,1562.3,2023-01-24T13:27:00+05:30,1559.1754,23,stoploss,-71.8658,100.4467,-172.3125,36235.0553
NSE:ICICIBANK-EQ,long,2023-01-24T12:54:00+05:30,874.7,2023-01-24T13:36:00+05:30,872.9506,41,stoploss,-71.7254,100.3427,-172.0681,36192.9723
NSE:AXISBANK-EQ,short,2023-01-24T13:51:00+05:30,908.0,2023-01-24T14:00:00+05:30,909.816,39,stoploss,-70.824,99.7799,-170.6039,36022.3684
NSE:RELIANCE-EQ,short,2023-01-24T14:00:00+05:30,1207.0,2023-01-24T14:03:00+05:30,1209.414,29,stoploss,-70.006,99.1726,-169.1786,35853.1898
NSE:SUNPHARMA-EQ,short,2023-01-24T13:36:00+05:30,1037.85,2023-01-24T14:36:00+05:30,1039.9257,34,stoploss,-70.5738,99.5941,-170.1679,36022.8043
NSE:TITAN-EQ,short,2023-01-24T13:39:00+05:30,2377.75,2023-01-24T14:42:00+05:30,2368.239,15,target,142.665,100.0093,42.6557,36235.6279
NSE:KOTAKBANK-EQ,short,2023-01-24T14:48:00+05:30,350.74,2023-01-24T14:57:00+05:30,351.4415,103,stoploss,-72.2524,100.8403,-173.0928,36062.5351
NSE:BAJFINANCE-EQ,short,2023-01-24T13:36:00+05:30,585.59,2023-01-24T15:15:00+05:30,585.61,61,time_exit,-1.22,100.1901,-101.4101,36091.5622
NSE:ASIANPAINT-EQ,short,2023-01-24T14:03:00+05:30,2807.95,2023-01-24T15:15:00+05:30,2809.6,12,time_exit,-19.8,97.1981,-116.9981,35736.1917
NSE:MARUTI-EQ,long,2023-01-24T15:15:00+05:30,8701.1,2023-01-24T15:18:00+05:30,8686.15,4,time_exit,-59.8,98.7822,-158.5822,35577.6095
NSE:MARUTI-EQ,long,2023-01-24T15:21:00+05:30,8686.1,2023-01-24T15:24:00+05:30,8690.0,4,time_exit,15.6,98.7529,-83.1529,35494.4566
NSE:SBIN-EQ,short,2023-01-24T15:27:00+05:30,593.75,2023-01-25T09:15:00+05:30,594.9375,59,stoploss,-70.0625,99.2145,-169.277,35325.1796
NSE:RELIANCE-EQ,short,2023-01-24T15:27:00+05:30,1206.38,2023-01-25T09:33:00+05:30,1201.5545,29,target,139.9401,99.0007,40.9394,35535.396
NSE:KOTAKBANK-EQ,short,2023-01-25T10:45:00+05:30,348.0,2023-01-25T10:54:00+05:30,348.696,102,stoploss,-70.992,99.9046,-170.8966,35364.4994
NSE:SUNPHARMA-EQ,short,2023-01-25T10:39:00+05:30,1035.9,2023-01-25T10:57:00+05:30,1031.7564,34,target,140.8824,99.3495,41.5329,35576.9289
NSE:KOTAKBANK-EQ,short,2023-01-25T10:57:00+05:30,348.44,2023-01-25T11:00:00+05:30,349.1369,101,stoploss,-70.3849,99.4539,-169.8387,35407.0902
NSE:ICICIBANK-EQ,short,2023-01-25T11:06:00+05:30,859.8,2023-01-25T11:21:00+05:30,856.3608,41,target,141.0072,99.3957,41.6115,35448.7017
NSE:SUNPHARMA-EQ,short,2023-01-25T11:12:00+05:30,1032.4,2023-01-25T11:21:00+05:30,1034.4648,34,stoploss,-70.2032,99.319,-169.5222,35237.568
NSE:WIPRO-EQ,short,2023-01-25T11:21:00+05:30,200.95,2023-01-25T11:33:00+05:30,200.1462,176,target,141.4688,99.5666,41.9022,35279.4703
NSE:RELIANCE-EQ,short,2023-01-25T10:42:00+05:30,1198.75,2023-01-25T12:18:00+05:30,1193.955,29,target,139.055,98.6731,40.3819,35575.778
NSE:TCS-EQ,short,2023-01-25T10:57:00+05:30,3415.8,2023-01-25T12:30:00+05:30,3422.6316,10,stoploss,-68.316,97.9179,-166.2339,35410.695
NSE:HDFCBANK-EQ,short,2023-01-25T12:42:00+05:30,825.7,2023-01-25T12:45:00+05:30,827.3514,42,stoploss,-69.3588,98.6921,-168.0509,35242.6441
NSE:SBIN-EQ,short,2023-01-25T12:42:00+05:30,569.35,2023-01-25T12:45:00+05:30,570.4887,62,stoploss,-70.5994,99.6131,-170.2125,35240.4825
NSE:BAJFINANCE-EQ,short,2023-01-25T12:42:00+05:30,581.2,2023-01-25T12:45:00+05:30,582.3624,60,stoploss,-69.744,98.9781,-168.7221,35241.9729
NSE:ICICIBANK-EQ,short,2023-01-25T12:18:00+05:30,852.5,2023-01-25T12:48:00+05:30,854.205,41,stoploss,-69.905,99.0976,-169.0026,35406.7754
NSE:KOTAKBANK-EQ,long,2023-01-25T12:48:00+05:30,350.8,2023-01-25T13:06:00+05:30,350.0984,100,stoploss,-70.16,99.1828,-169.3428,35237.4325
NSE:WIPRO-EQ,long,2023-01-25T13:00:00+05:30,201.4,2023-01-25T13:06:00+05:30,200.9972,175,stoploss,-70.49,99.4273,-169.9173,35236.858
NSE:TITAN-EQ,long,2023-01-25T12:48:00+05:30,2358.35,2023-01-25T13:15:00+05:30,2353.6333,14,stoploss,-66.0338,96.1257,-162.1595,35244.6159
NSE:BAJFINANCE-EQ,long,2023-01-25T12:51:00+05:30,583.2,2023-01-25T13:15:00+05:30,582.0336,60,stoploss,-69.984,99.0524,-169.0364,35237.7389
NSE:BAJFINANCE-EQ,long,2023-01-25T13:18:00+05:30,581.67,2023-01-25T13:24:00+05:30,580.5067,60,stoploss,-69.8004,98.9164,-168.7168,35069.0221
NSE:SUNPHARMA-EQ,short,2023-01-25T12:42:00+05:30,1034.0,2023-01-25T13:30:00+05:30,1036.068,34,stoploss,-70.312,99.3997,-169.7117,35240.9833
NSE:LT-EQ,short,2023-01-25T13:30:00+05:30,2165.05,2023-01-25T13:51:00+05:30,2169.3801,16,stoploss,-69.2816,98.6348,-167.9164,35073.0669
NSE:AXISBANK-EQ,long,2023-01-25T14:06:00+05:30,898.0,2023-01-25T14:15:00+05:30,896.204,39,stoploss,-70.044,99.0969,-169.1409,34903.926
NSE:WIPRO-EQ,long,2023-01-25T13:18:00+05:30,201.1,2023-01-25T14:30:00+05:30,200.6978,175,stoploss,-70.385,99.3495,-169.7345,35068.0044
NSE:AXISBANK-EQ,long,2023-01-25T14:18:00+05:30,896.4,2023-01-25T14:36:00+05:30,894.6072,38,stoploss,-68.1264,97.6761,-165.8025,34738.1235
NSE:MARUTI-EQ,long,2023-01-25T14:03:00+05:30,8823.0,2023-01-25T14:51:00+05:30,8805.354,3,stoploss,-52.938,86.4227,-139.3607,34933.7061
NSE:LT-EQ,short,2023-01-25T14:36:00+05:30,2168.6,2023-01-25T14:54:00+05:30,2172.9372,16,stoploss,-69.3952,98.7191,-168.1143,34570.0092
NSE:AXISBANK-EQ,short,2023-01-25T14:48:00+05:30,893.1,2023-01-25T15:06:00+05:30,889.5276,38,target,135.7512,97.4501,38.3011,34776.4246
NSE:ASIANPAINT-EQ,short,2023-01-25T10:51:00+05:30,2776.8,2023-01-25T15:15:00+05:30,2774.7,12,time_exit,25.2,96.6125,-71.4125,35463.9835
NSE:TCS-EQ,long,2023-01-25T12:39:00+05:30,3425.0,2023-01-25T15:15:00+05:30,3432.7,10,time_exit,77.0,98.0681,-21.0681,35389.6269
NSE:TITAN-EQ,long,2023-01-25T13:18:00+05:30,2350.9,2023-01-25T15:15:00+05:30,2358.05,14,time_exit,100.1,96.1025,3.9975,35241.7365
NSE:INFY-EQ,short,2023-01-25T14:42:00+05:30,1545.95,2023-01-25T15:15:00+05:30,1542.85,22,time_exit,68.2,97.6053,-29.4053,34708.7182
NSE:ICICIBANK-EQ,short,2023-01-25T14:48:00+05:30,854.65,2023-01-25T15:15:00+05:30,855.65,40,time_exit,-40.0,97.9399,-137.9399,34600.1836
NSE:RELIANCE-EQ,short,2023-01-25T14:51:00+05:30,1192.2,2023-01-25T15:15:00+05:30,1190.28,29,time_exit,55.68,98.449,-42.769,34890.9372
NSE:HDFCBANK-EQ,short,2023-01-25T14:57:00+05:30,825.25,2023-01-25T15:15:00+05:30,824.35,41,time_exit,36.9,97.3664,-60.4664,34509.5428
NSE:INFY-EQ,short,2023-01-25T15:18:00+05:30,1543.45,2023-01-25T15:21:00+05:30,1542.95,22,time_exit,11.0,97.5633,-86.5633,34422.9796
NSE:HDFCBANK-EQ,short,2023-01-25T15:18:00+05:30,824.35,2023-01-25T15:21:00+05:30,824.73,41,time_exit,-15.58,97.3479,-112.9279,34396.6149
NSE:SUNPHARMA-EQ,short,2023-01-27T10:06:00+05:30,1038.2,2023-01-27T10:09:00+05:30,1040.2764,33,stoploss,-68.5212,98.0703,-166.5915,34230.0234
NSE:SBIN-EQ,short,2023-01-27T10:24:00+05:30,555.95,2023-01-27T10:33:00+05:30,557.0619,61,stoploss,-67.8259,97.5541,-165.38,34064.6435
NSE:WIPRO-EQ,short,2023-01-27T10:27:00+05:30,200.0,2023-01-27T10:33:00+05:30,200.4,171,stoploss,-68.4,97.9803,-166.3803,34063.6432
NSE:RELIANCE-EQ,short,2023-01-27T10:27:00+05:30,1170.58,2023-01-27T10:36:00+05:30,1172.9212,29,stoploss,-67.8936,97.6044,-165.498,34064.5254
NSE:LT-EQ,short,2023-01-27T10:36:00+05:30,2159.85,2023-01-27T10:39:00+05:30,2164.1697,15,stoploss,-64.7955,95.3043,-160.0998,33904.4257
NSE:ICICIBANK-EQ,short,2023-01-27T10:36:00+05:30,831.9,2023-01-27T10:51:00+05:30,828.5724,40,target,133.104,96.4702,36.6338,34101.1592
NSE:TITAN-EQ,short,2023-01-27T11:12:00+05:30,2329.0,2023-01-27T11:15:00+05:30,2333.658,14,stoploss,-65.212,95.6135,-160.8255,33940.3337
NSE:AXISBANK-EQ,short,2023-01-27T11:00:00+05:30,872.0,2023-01-27T11:27:00+05:30,873.744,39,stoploss,-68.016,97.6952,-165.7112,33935.448
NSE:SBIN-EQ,short,2023-01-27T11:06:00+05:30,555.35,2023-01-27T11:27:00+05:30,553.1286,61,target,135.5054,97.3591,38.1463,34139.3055
NSE:INFY-EQ,short,2023-01-27T10:54:00+05:30,1539.7,2023-01-27T11:39:00+05:30,1533.5412,22,target,135.4936,97.3548,38.1388,34139.2981
NSE:KOTAKBANK-EQ,short,2023-01-27T11:03:00+05:30,345.09,2023-01-27T11:39:00+05:30,343.7096,98,target,135.2753,97.2739,38.0013,34139.1606
NSE:RELIANCE-EQ,short,2023-01-27T10:54:00+05:30,1166.8,2023-01-27T11:42:00+05:30,1162.1328,29,target,135.3488,97.3012,38.0476,34139.2069
NSE:MARUTI-EQ,short,2023-01-27T11:33:00+05:30,8662.25,2023-01-27T11:45:00+05:30,8679.5745,3,stoploss,-51.9735,85.7852,-137.7587,34001.5468
NSE:SBIN-EQ,short,2023-01-27T12:00:00+05:30,548.5,2023-01-27T12:03:00+05:30,546.306,61,target,133.834,96.7404,37.0936,34038.6404
NSE:ASIANPAINT-EQ,short,2023-01-27T10:39:00+05:30,2727.2,2023-01-27T12:06:00+05:30,2716.2912,12,target,130.9056,95.6564,35.2492,33939.6748
NSE:LT-EQ,short,2023-01-27T11:45:00+05:30,2145.75,2023-01-27T12:09:00+05:30,2150.0415,15,stoploss,-64.3725,94.9903,-159.3628,33842.184
NSE:TCS-EQ,short,2023-01-27T10:30:00+05:30,3424.95,2023-01-27T12:12:00+05:30,3411.2502,9,target,123.2982,92.8405,30.4577,34260.4812
NSE:TITAN-EQ,short,2023-01-27T11:42:00+05:30,2321.0,2023-01-27T12:12:00+05:30,2311.716,14,target,129.976,95.3123,34.6637,34173.8705
NSE:MARUTI-EQ,short,2023-01-27T12:09:00+05:30,8662.0,2023-01-27T12:12:00+05:30,8679.324,3,stoploss,-51.972,85.7841,-137.7561,33704.4279
NSE:WIPRO-EQ,short,2023-01-27T12:00:00+05:30,199.8,2023-01-27T12:15:00+05:30,199.0008,170,target,135.864,97.4919,38.3721,34039.9189
NSE:KOTAKBANK-EQ,short,2023-01-27T12:09:00+05:30,343.8,2023-01-27T12:15:00+05:30,342.4248,98,target,134.7696,97.0868,37.6828,33879.8669
NSE:MARUTI-EQ,short,2023-01-27T12:18:00+05:30,8659.45,2023-01-27T12:21:00+05:30,8676.7689,3,stoploss,-51.9567,85.7727,-137.7294,33742.1374
NSE:INFY-EQ,short,2023-01-27T11:54:00+05:30,1535.35,2023-01-27T12:36:00+05:30,1529.2086,22,target,135.1108,97.2131,37.8977,34039.4445
NSE:LT-EQ,short,2023-01-27T12:12:00+05:30,2150.7,2023-01-27T12:36:00+05:30,2142.0972,15,target,129.042,94.9666,34.0754,33738.5033
NSE:KOTAKBANK-EQ,short,2023-01-27T12:30:00+05:30,343.0,2023-01-27T12:48:00+05:30,341.628,98,target,134.456,96.9707,37.4853,33779.6228
NSE:ASIANPAINT-EQ,short,2023-01-27T12:45:00+05:30,2703.75,2023-01-27T12:54:00+05:30,2692.935,12,target,129.78,95.2398,34.5402,33773.0435
NSE:TITAN-EQ,short,2023-01-27T12:51:00+05:30,2309.3,2023-01-27T12:57:00+05:30,2313.9186,14,stoploss,-64.6604,95.204,-159.8644,33619.7584
NSE:WIPRO-EQ,short,2023-01-27T13:27:00+05:30,198.5,2023-01-27T13:36:00+05:30,197.706,169,target,134.186,96.8707,37.3153,33657.0736
NSE:RELIANCE-EQ,short,2023-01-27T13:57:00+05:30,1162.45,2023-01-27T14:00:00+05:30,1164.7749,28,stoploss,-65.0972,95.5283,-160.6255,33496.4482
NSE:TCS-EQ,short,2023-01-27T14:33:00+05:30,3392.45,2023-01-27T14:39:00+05:30,3399.2349,9,stoploss,-61.0641,92.5341,-153.5982,33342.85
NSE:ICICIBANK-EQ,short,2023-01-27T13:48:00+05:30,819.7,2023-01-27T14:48:00+05:30,816.4212,41,target,134.4308,96.9613,37.4695,33694.5431
NSE:INFY-EQ,short,2023-01-27T14:33:00+05:30,1511.0,2023-01-27T15:00:00+05:30,1514.022,22,stoploss,-66.484,96.5578,-163.0418,33333.4063
NSE:AXISBANK-EQ,long,2023-01-27T15:03:00+05:30,873.15,2023-01-27T15:06:00+05:30,871.4037,38,stoploss,-66.3594,96.3669,-162.7263,33170.68
NSE:AXISBANK-EQ,long,2023-01-27T15:15:00+05:30,873.1,2023-01-27T15:18:00+05:30,876.5924,37,target,129.2188,95.2237,33.9951,33204.6751
NSE:SUNPHARMA-EQ,long,2023-01-27T15:15:00+05:30,1044.6,2023-01-27T15:18:00+05:30,1044.35,31,time_exit,-7.75,95.2309,-102.9809,33067.6992
NSE:SUNPHARMA-EQ,long,2023-01-27T15:21:00+05:30,1044.35,2023-01-27T15:24:00+05:30,1043.9,31,time_exit,-13.95,95.2145,-109.1645,32958.5347
NSE:RELIANCE-EQ,long,2023-01-30T10:15:00+05:30,1172.5,2023-01-30T10:18:00+05:30,1170.155,28,stoploss,-65.66,95.8487,-161.5087,32797.026
NSE:INFY-EQ,long,2023-01-30T10:12:00+05:30,1527.9,2023-01-30T10:27:00+05:30,1524.8442,21,stoploss,-64.1718,94.7461,-158.9179,32799.6169
NSE:HDFCBANK-EQ,short,2023-01-30T10:48:00+05:30,801.13,2023-01-30T11:06:00+05:30,802.7323,40,stoploss,-64.0904,94.7808,-158.8712,32640.7456
NSE:SBIN-EQ,short,2023-01-30T11:09:00+05:30,534.9,2023-01-30T11:12:00+05:30,532.7604,61,target,130.5156,95.5121,35.0035,32675.7492
NSE:ICICIBANK-EQ,short,2023-01-30T11:12:00+05:30,806.25,2023-01-30T11:15:00+05:30,803.025,40,target,129.0,94.9511,34.0489,32709.7981
NSE:KOTAKBANK-EQ,short,2023-01-30T11:27:00+05:30,341.98,2023-01-30T11:51:00+05:30,342.664,95,stoploss,-64.9762,95.4384,-160.4146,32549.3834
NSE:LT-EQ,short,2023-01-30T11:36:00+05:30,2136.9,2023-01-30T11:57:00+05:30,2141.1738,15,stoploss,-64.107,94.7931,-158.9001,32550.8979
NSE:TCS-EQ,short,2023-01-30T11:54:00+05:30,3399.0,2023-01-30T11:57:00+05:30,3405.798,9,stoploss,-61.182,92.6216,-153.8036,32395.5798
NSE:SBIN-EQ,short,2023-01-30T11:54:00+05:30,536.65,2023-01-30T12:06:00+05:30,537.7233,60,stoploss,-64.398,95.0092,-159.4072,32389.9763
NSE:TITAN-EQ,long,2023-01-30T12:06:00+05:30,2320.2,2023-01-30T12:12:00+05:30,2315.5596,13,stoploss,-60.3252,91.896,-152.2212,32237.755
NSE:BAJFINANCE-EQ,long,2023-01-30T12:03:00+05:30,603.69,2023-01-30T12:18:00+05:30,602.4826,53,stoploss,-63.9911,94.6122,-158.6033,32236.9765
NSE:RELIANCE-EQ,long,2023-01-30T12:15:00+05:30,1175.93,2023-01-30T12:18:00+05:30,1173.5781,27,stoploss,-63.5002,94.2485,-157.7487,32080.0063
NSE:TITAN-EQ,long,2023-01-30T12:18:00+05:30,2320.35,2023-01-30T12:21:00+05:30,2315.7093,13,stoploss,-60.3291,91.8989,-152.228,31927.7783
NSE:WIPRO-EQ,long,2023-01-30T12:00:00+05:30,200.15,2023-01-30T12:24:00+05:30,200.9506,161,target,128.8966,95.104,33.7926,32429.3724
NSE:INFY-EQ,long,2023-01-30T12:00:00+05:30,1536.3,2023-01-30T12:42:00+05:30,1533.2274,21,stoploss,-64.5246,95.0075,-159.5321,32236.0478
NSE:HDFCBANK-EQ,short,2023-01-30T11:51:00+05:30,802.1,2023-01-30T12:48:00+05:30,798.8916,40,target,128.336,94.7053,33.6307,32583.0142
NSE:ICICIBANK-EQ,short,2023-01-30T12:33:00+05:30,805.8,2023-01-30T12:48:00+05:30,807.4116,40,stoploss,-64.464,95.0582,-159.5222,32269.8502
NSE:MARUTI-EQ,short,2023-01-30T12:51:00+05:30,8782.65,2023-01-30T12:57:00+05:30,8747.5194,3,target,105.3918,86.2122,19.1796,32289.0299
NSE:ASIANPAINT-EQ,long,2023-01-30T12:18:00+05:30,2735.9,2023-01-30T13:00:00+05:30,2730.4282,11,stoploss,-60.1898,91.7957,-151.9855,31928.0208
NSE:SBIN-EQ,short,2023-01-30T12:51:00+05:30,534.8,2023-01-30T13:00:00+05:30,532.6608,60,target,128.352,94.7112,33.6408,32303.491
NSE:ICICIBANK-EQ,short,2023-01-30T12:57:00+05:30,805.5,2023-01-30T13:18:00+05:30,807.111,40,stoploss,-64.44,95.0404,-159.4804,32129.5495
NSE:KOTAKBANK-EQ,short,2023-01-30T12:42:00+05:30,341.88,2023-01-30T13:27:00+05:30,342.5638,94,stoploss,-64.2734,94.9167,-159.1902,32076.8576
NSE:AXISBANK-EQ,short,2023-01-30T13:24:00+05:30,856.05,2023-01-30T13:27:00+05:30,857.7621,37,stoploss,-63.3477,94.2294,-157.5771,31971.9724
NSE:LT-EQ,short,2023-01-30T13:27:00+05:30,2107.1,2023-01-30T13:33:00+05:30,2098.6716,15,target,126.426,93.9983,32.4277,32004.4001
NSE:BAJFINANCE-EQ,short,2023-01-30T13:33:00+05:30,597.12,2023-01-30T13:36:00+05:30,598.3142,53,stoploss,-63.2947,94.1901,-157.4848,31846.9153
NSE:HDFCBANK-EQ,short,2023-01-30T13:27:00+05:30,796.15,2023-01-30T13:48:00+05:30,792.9654,40,target,127.384,94.3529,33.0311,32005.0035
NSE:KOTAKBANK-EQ,short,2023-01-30T13:42:00+05:30,341.26,2023-01-30T13:54:00+05:30,339.895,93,target,126.9487,94.1918,32.757,31879.6722
NSE:SUNPHARMA-EQ,short,2023-01-30T13:30:00+05:30,1048.7,2023-01-30T14:03:00+05:30,1050.7974,30,stoploss,-62.922,93.9134,-156.8354,31815.137
NSE:SUNPHARMA-EQ,short,2023-01-30T14:06:00+05:30,1050.55,2023-01-30T14:18:00+05:30,1046.3478,30,target,126.066,93.865,32.201,31847.338
NSE:RELIANCE-EQ,long,2023-01-30T14:54:00+05:30,1175.25,2023-01-30T15:00:00+05:30,1179.951,27,target,126.927,94.372,32.555,31879.893
NSE:MARUTI-EQ,long,2023-01-30T15:00:00+05:30,8800.05,2023-01-30T15:15:00+05:30,8815.6,3,time_exit,46.65,86.3994,-39.7494,31840.1435
NSE:BAJFINANCE-EQ,long,2023-01-30T15:06:00+05:30,602.36,2023-01-30T15:15:00+05:30,602.43,52,time_exit,3.64,93.6676,-90.0276,31789.8653
NSE:INFY-EQ,long,2023-01-30T15:12:00+05:30,1538.9,2023-01-30T15:15:00+05:30,1538.25,20,time_exit,-13.0,92.8464,-105.8464,31774.0465
NSE:MARUTI-EQ,long,2023-01-30T15:18:00+05:30,8815.6,2023-01-30T15:21:00+05:30,8827.85,3,time_exit,36.75,86.4608,-49.7108,31724.3357
NSE:TITAN-EQ,long,2023-01-30T15:18:00+05:30,2334.9,2023-01-30T15:21:00+05:30,2334.25,13,time_exit,-8.45,92.2206,-100.6706,31673.376
NSE:TCS-EQ,short,2023-01-31T10:12:00+05:30,3395.2,2023-01-31T10:21:00+05:30,3401.9904,9,stoploss,-61.1136,92.5708,-153.6844,31519.6915
NSE:WIPRO-EQ,short,2023-01-31T10:15:00+05:30,199.88,2023-01-31T10:30:00+05:30,200.2798,158,stoploss,-63.1621,94.0916,-157.2537,31516.1222
NSE:AXISBANK-EQ,long,2023-01-31T10:45:00+05:30,870.2,2023-01-31T10:48:00+05:30,868.4596,36,stoploss,-62.6544,93.6218,-156.2762,31359.846
NSE:INFY-EQ,short,2023-01-31T10:24:00+05:30,1519.5,2023-01-31T10:51:00+05:30,1522.539,20,stoploss,-60.78,92.3232,-153.1032,31366.5883
NSE:TITAN-EQ,long,2023-01-31T10:42:00+05:30,2348.35,2023-01-31T10:54:00+05:30,2357.7434,13,target,122.1142,92.5833,29.5309,31545.6531
NSE:KOTAKBANK-EQ,long,2023-01-31T10:45:00+05:30,345.22,2023-01-31T10:54:00+05:30,344.5296,91,stoploss,-62.83,93.7519,-156.582,31359.5403
NSE:MARUTI-EQ,long,2023-01-31T10:54:00+05:30,8916.65,2023-01-31T11:03:00+05:30,8898.8167,3,stoploss,-53.4999,86.8391,-140.339,31219.2013
NSE:BAJFINANCE-EQ,short,2023-01-31T10:30:00+05:30,593.47,2023-01-31T11:06:00+05:30,591.0961,53,target,125.8156,93.7723,32.0433,31548.1655
NSE:AXISBANK-EQ,long,2023-01-31T10:51:00+05:30,868.9,2023-01-31T11:06:00+05:30,867.1622,36,stoploss,-62.5608,93.5524,-156.1132,31210.4751
NSE:LT-EQ,short,2023-01-31T11:09:00+05:30,2086.2,2023-01-31T11:15:00+05:30,2090.3724,14,stoploss,-58.4136,90.5664,-148.98,31061.4951
NSE:BAJFINANCE-EQ,short,2023-01-31T11:15:00+05:30,591.2,2023-01-31T11:33:00+05:30,588.8352,52,target,122.9696,92.7188,30.2508,31091.7459
NSE:INFY-EQ,short,2023-01-31T11:15:00+05:30,1517.0,2023-01-31T11:39:00+05:30,1520.034,20,stoploss,-60.68,92.2489,-152.9289,30908.5662
NSE:KOTAKBANK-EQ,long,2023-01-31T11:24:00+05:30,344.27,2023-01-31T11:51:00+05:30,345.6471,90,target,123.9372,93.2609,30.6763,31092.1715
NSE:AXISBANK-EQ,long,2023-01-31T11:24:00+05:30,869.75,2023-01-31T11:54:00+05:30,873.229,35,target,121.765,92.4536,29.3114,31090.8066
NSE:SUNPHARMA-EQ,short,2023-01-31T11:21:00+05:30,1042.45,2023-01-31T11:57:00+05:30,1038.2802,29,target,120.9242,91.9617,28.9625,31090.4576
NSE:SBIN-EQ,long,2023-01-31T11:45:00+05:30,553.3,2023-01-31T12:09:00+05:30,552.1934,55,stoploss,-60.863,92.2945,-153.1575,30755.4087
NSE:LT-EQ,long,2023-01-31T12:12:00+05:30,2111.0,2023-01-31T12:15:00+05:30,2106.778,14,stoploss,-59.108,90.9942,-150.1022,30605.3065
NSE:ASIANPAINT-EQ,long,2023-01-31T12:00:00+05:30,2745.0,2023-01-31T12:18:00+05:30,2739.51,11,stoploss,-60.39,91.9441,-152.3341,30938.1236
NSE:KOTAKBANK-EQ,long,2023-01-31T12:12:00+05:30,346.22,2023-01-31T12:18:00+05:30,345.5276,88,stoploss,-60.9347,92.3476,-153.2824,30602.1263
NSE:ICICIBANK-EQ,long,2023-01-31T12:15:00+05:30,823.05,2023-01-31T12:24:00+05:30,826.3422,37,target,121.8114,92.4708,29.3406,30634.6471
NSE:TITAN-EQ,long,2023-01-31T11:33:00+05:30,2359.25,2023-01-31T12:30:00+05:30,2368.687,13,target,122.681,92.794,29.887,31121.6329
NSE:ICICIBANK-EQ,long,2023-01-31T12:27:00+05:30,825.35,2023-01-31T12:39:00+05:30,828.6514,37,target,122.1518,92.5973,29.5545,30664.2016
NSE:MARUTI-EQ,long,2023-01-31T12:27:00+05:30,8933.95,2023-01-31T12:42:00+05:30,8916.0821,3,stoploss,-53.6037,86.916,-140.5197,30494.1274
NSE:MARUTI-EQ,long,2023-01-31T12:45:00+05:30,8919.5,2023-01-31T12:54:00+05:30,8901.661,3,stoploss,-53.517,86.8517,-140.3687,30353.7587
NSE:ASIANPAINT-EQ,long,2023-01-31T12:48:00+05:30,2746.85,2023-01-31T12:54:00+05:30,2741.3563,11,stoploss,-60.4307,91.9742,-152.4049,30341.7225
NSE:SBIN-EQ,long,2023-01-31T12:30:00+05:30,553.05,2023-01-31T13:03:00+05:30,555.2622,55,target,121.671,92.4186,29.2524,31150.8853
NSE:LT-EQ,long,2023-01-31T13:21:00+05:30,2106.3,2023-01-31T13:30:00+05:30,2102.0874,14,stoploss,-58.9764,90.8967,-149.8731,31001.0122
NSE:SBIN-EQ,long,2023-01-31T13:09:00+05:30,554.55,2023-01-31T14:03:00+05:30,553.4409,56,stoploss,-62.1096,93.2181,-155.3277,30995.5576
NSE:ASIANPAINT-EQ,long,2023-01-31T13:27:00+05:30,2745.2,2023-01-31T14:06:00+05:30,2739.7096,11,stoploss,-60.3944,91.9473,-152.3417,30998.5436
NSE:TITAN-EQ,long,2023-01-31T13:54:00+05:30,2380.3,2023-01-31T14:09:00+05:30,2375.5394,13,stoploss,-61.8878,93.0538,-154.9416,30846.0706
NSE:RELIANCE-EQ,short,2023-01-31T14:18:00+05:30,1172.47,2023-01-31T14:27:00+05:30,1174.8149,26,stoploss,-60.9684,92.4631,-153.4315,30692.6391
NSE:HDFCBANK-EQ,short,2023-01-31T14:30:00+05:30,798.0,2023-01-31T14:39:00+05:30,799.596,38,stoploss,-60.648,92.2252,-152.8732,30539.7659
NSE:SUNPHARMA-EQ,short,2023-01-31T14:42:00+05:30,1035.85,2023-01-31T14:45:00+05:30,1037.9217,29,stoploss,-60.0793,91.803,-151.8823,30387.8836
NSE:WIPRO-EQ,short,2023-01-31T14:42:00+05:30,199.35,2023-01-31T14:57:00+05:30,199.7487,153,stoploss,-61.0011,92.4873,-153.4884,30386.2775
NSE:SUNPHARMA-EQ,long,2023-01-31T15:03:00+05:30,1040.2,2023-01-31T15:06:00+05:30,1038.1196,29,stoploss,-60.3316,91.9008,-152.2324,30234.0451
NSE:HDFCBANK-EQ,short,2023-01-31T14:51:00+05:30,800.23,2023-01-31T15:12:00+05:30,801.8305,37,stoploss,-59.217,91.1628,-150.3798,30237.5038
NSE:BAJFINANCE-EQ,short,2023-01-31T14:30:00+05:30,588.99,2023-01-31T15:15:00+05:30,589.46,52,time_exit,-24.44,92.6503,-117.0903,30575.5488
NSE:RELIANCE-EQ,long,2023-01-31T15:24:00+05:30,1177.55,2023-01-31T15:27:00+05:30,1178.33,25,time_exit,19.5,90.8855,-71.3855,30504.1633
NSE:HDFCBANK-EQ,long,2023-02-01T10:24:00+05:30,810.73,2023-02-01T10:27:00+05:30,813.9729,37,target,119.988,91.7932,28.1949,30532.3582
NSE:TCS-EQ,long,2023-02-01T10:21:00+05:30,3380.0,2023-02-01T10:42:00+05:30,3373.24,9,stoploss,-60.84,92.2775,-153.1175,30351.0458
NSE:SBIN-EQ,long,2023-02-01T11:06:00+05:30,557.5,2023-02-01T11:09:00+05:30,556.385,54,stoploss,-60.21,91.8107,-152.0207,30199.0251
NSE:LT-EQ,long,2023-02-01T10:27:00+05:30,2128.4,2023-02-01T11:12:00+05:30,2124.1432,14,stoploss,-59.5952,91.3552,-150.9504,30381.4078
NSE:TCS-EQ,long,2023-02-01T11:06:00+05:30,3383.0,2023-02-01T11:15:00+05:30,3376.234,8,stoploss,-54.128,87.3044,-141.4324,30209.6134
NSE:AXISBANK-EQ,long,2023-02-01T10:39:00+05:30,879.05,2023-02-01T11:18:00+05:30,877.2919,34,stoploss,-59.7754,91.4887,-151.2641,30381.0941
NSE:KOTAKBANK-EQ,long,2023-02-01T11:00:00+05:30,350.79,2023-02-01T11:18:00+05:30,350.0884,86,stoploss,-60.3359,91.904,-152.2398,30198.806
NSE:TITAN-EQ,short,2023-02-01T11:21:00+05:30,2380.05,2023-02-01T11:27:00+05:30,2384.8101,12,stoploss,-57.1212,89.6069,-146.7281,30052.0779
NSE:BAJFINANCE-EQ,short,2023-02-01T11:33:00+05:30,589.8,2023-02-01T11:36:00+05:30,590.9796,50,stoploss,-58.98,90.9869,-149.9669,29902.1111
NSE:AXISBANK-EQ,long,2023-02-01T11:45:00+05:30,881.1,2023-02-01T11:48:00+05:30,879.3378,33,stoploss,-58.1526,90.2863,-148.4389,29753.6721
NSE:INFY-EQ,long,2023-02-01T10:24:00+05:30,1534.6,2023-02-01T11:51:00+05:30,1540.7384,19,target,116.6296,90.545,26.0846,30530.2479
NSE:TCS-EQ,long,2023-02-01T11:54:00+05:30,3378.05,2023-02-01T12:00:00+05:30,3371.2939,9,stoploss,-60.8049,92.2515,-153.0564,30377.1915
NSE:KOTAKBANK-EQ,long,2023-02-01T11:54:00+05:30,351.68,2023-02-01T12:00:00+05:30,350.9766,86,stoploss,-60.489,92.0174,-152.5063,30377.7415
NSE:ASIANPAINT-EQ,long,2023-02-01T10:36:00+05:30,2759.2,2023-02-01T12:21:00+05:30,2770.2368,11,target,121.4048,92.3197,29.0851,30561.4433
NSE:WIPRO-EQ,long,2023-02-01T11:06:00+05:30,200.5,2023-02-01T12:21:00+05:30,201.302,151,target,121.102,92.2072,28.8948,30379.9407
NSE:HDFCBANK-EQ,long,2023-02-01T11:48:00+05:30,814.95,2023-02-01T12:21:00+05:30,818.2098,36,target,117.3528,90.8138,26.539,29780.2111
NSE:RELIANCE-EQ,short,2023-02-01T11:42:00+05:30,1177.93,2023-02-01T12:24:00+05:30,1180.2859,25,stoploss,-58.8965,90.9249,-149.8214,29752.2897
NSE:MARUTI-EQ,short,2023-02-01T12:15:00+05:30,8876.65,2023-02-01T12:24:00+05:30,8894.4033,3,stoploss,-53.2599,86.7402,-140.0001,30237.7414
NSE:AXISBANK-EQ,long,2023-02-01T12:27:00+05:30,881.45,2023-02-01T12:33:00+05:30,884.9758,34,target,119.8772,91.752,28.1252,30265.8666
NSE:WIPRO-EQ,long,2023-02-01T13:03:00+05:30,201.53,2023-02-01T13:24:00+05:30,201.1269,150,stoploss,-60.459,91.9952,-152.4542,30113.4125
NSE:SUNPHARMA-EQ,short,2023-02-01T13:27:00+05:30,1009.6,2023-02-01T13:33:00+05:30,1005.5616,29,target,117.1136,90.5512,26.5624,30139.9749
NSE:SUNPHARMA-EQ,short,2023-02-01T13:42:00+05:30,1009.3,2023-02-01T13:48:00+05:30,1011.3186,29,stoploss,-58.5394,90.6598,-149.1992,29990.7758
NSE:SUNPHARMA-EQ,short,2023-02-01T14:12:00+05:30,1008.35,2023-02-01T14:15:00+05:30,1010.3667,29,stoploss,-58.4843,90.6188,-149.1031,29841.6726
NSE:ASIANPAINT-EQ,short,2023-02-02T10:27:00+05:30,2706.6,2023-02-02T10:30:00+05:30,2695.7736,11,target,119.0904,91.2829,27.8075,29869.4801
NSE:AXISBANK-EQ,short,2023-02-02T10:30:00+05:30,851.6,2023-02-02T10:39:00+05:30,853.3032,35,stoploss,-59.612,91.4561,-151.0681,29718.4121
NSE:SUNPHARMA-EQ,short,2023-02-02T10:30:00+05:30,1001.4,2023-02-02T11:00:00+05:30,1003.4028,29,stoploss,-58.0812,90.3196,-148.4008,29721.0793
NSE:ICICIBANK-EQ,long,2023-02-02T11:12:00+05:30,852.45,2023-02-02T11:15:00+05:30,850.7451,34,stoploss,-57.9666,90.1485,-148.1151,29572.9642
NSE:ICICIBANK-EQ,long,2023-02-02T11:18:00+05:30,851.95,2023-02-02T11:33:00+05:30,850.2461,34,stoploss,-57.9326,90.1233,-148.0559,29424.9083
NSE:WIPRO-EQ,long,2023-02-02T11:12:00+05:30,203.18,2023-02-02T11:36:00+05:30,202.7736,146,stoploss,-59.3286,91.1576,-150.4862,29570.5932
NSE:BAJFINANCE-EQ,short,2023-02-02T10:48:00+05:30,566.51,2023-02-02T11:51:00+05:30,567.643,52,stoploss,-58.917,90.9401,-149.8572,29568.5549
NSE:SUNPHARMA-EQ,long,2023-02-02T11:39:00+05:30,1008.0,2023-02-02T11:51:00+05:30,1005.984,29,stoploss,-58.464,90.517,-148.981,29421.6121
NSE:ICICIBANK-EQ,long,2023-02-02T11:45:00+05:30,851.15,2023-02-02T11:54:00+05:30,854.5546,34,target,115.7564,90.2205,25.5359,29596.1291
NSE:AXISBANK-EQ,long,2023-02-02T11:48:00+05:30,860.0,2023-02-02T11:54:00+05:30,863.44,34,target,116.96,90.6678,26.2922,29596.8854
NSE:AXISBANK-EQ,long,2023-02-02T11:57:00+05:30,863.4,2023-02-02T12:15:00+05:30,861.6732,34,stoploss,-58.7112,90.7002,-149.4114,29447.474
NSE:WIPRO-EQ,long,2023-02-02T12:09:00+05:30,203.18,2023-02-02T12:21:00+05:30,202.7736,145,stoploss,-58.9222,90.8565,-149.7787,29447.1066
NSE:KOTAKBANK-EQ,long,2023-02-02T11:57:00+05:30,350.44,2023-02-02T12:27:00+05:30,349.7391,84,stoploss,-58.8739,90.8208,-149.6947,29447.1907
NSE:INFY-EQ,long,2023-02-02T11:45:00+05:30,1577.95,2023-02-02T12:30:00+05:30,1574.7941,18,stoploss,-56.8062,89.2888,-146.095,29424.4982
NSE:SUNPHARMA-EQ,long,2023-02-02T12:18:00+05:30,1005.45,2023-02-02T12:51:00+05:30,1003.4391,29,stoploss,-58.3161,90.4075,-148.7236,29298.7504
NSE:BAJFINANCE-EQ,short,2023-02-02T12:54:00+05:30,566.0,2023-02-02T12:57:00+05:30,567.132,51,stoploss,-57.732,90.0603,-147.7923,29150.9581
NSE:LT-EQ,short,2023-02-02T12:54:00+05:30,2130.4,2023-02-02T13:00:00+05:30,2121.8784,13,target,110.7808,88.207,22.5738,29321.3242
NSE:HDFCBANK-EQ,short,2023-02-02T12:57:00+05:30,797.88,2023-02-02T13:00:00+05:30,799.4758,36,stoploss,-57.4474,89.849,-147.2964,29003.6617
NSE:KOTAKBANK-EQ,short,2023-02-02T12:57:00+05:30,349.02,2023-02-02T13:00:00+05:30,349.718,83,stoploss,-57.9373,90.2128,-148.1501,29002.808
NSE:BAJFINANCE-EQ,short,2023-02-02T13:03:00+05:30,566.37,2023-02-02T13:09:00+05:30,567.5027,51,stoploss,-57.7697,90.0884,-147.8581,28854.9499
NSE:LT-EQ,short,2023-02-02T13:09:00+05:30,2123.0,2023-02-02T13:12:00+05:30,2127.246,13,stoploss,-55.198,88.1791,-143.3771,28711.5728
NSE:MARUTI-EQ,short,2023-02-02T13:00:00+05:30,8848.5,2023-02-02T13:36:00+05:30,8813.106,3,target,106.182,86.5047,19.6773,29022.4853
NSE:TITAN-EQ,short,2023-02-02T13:36:00+05:30,2329.7,2023-02-02T13:42:00+05:30,2334.3594,12,stoploss,-55.9128,88.7098,-144.6226,28877.8627
NSE:SBIN-EQ,short,2023-02-02T13:45:00+05:30,519.9,2023-02-02T13:48:00+05:30,517.8204,55,target,114.378,89.5385,24.8395,28902.7022
NSE:HDFCBANK-EQ,short,2023-02-02T13:03:00+05:30,797.5,2023-02-02T13:57:00+05:30,799.095,36,stoploss,-57.42,89.8287,-147.2487,28855.5593
NSE:KOTAKBANK-EQ,short,2023-02-02T13:57:00+05:30,348.51,2023-02-02T14:00:00+05:30,349.207,82,stoploss,-57.1556,89.6324,-146.7881,28708.7712
NSE:SBIN-EQ,short,2023-02-02T14:00:00+05:30,518.0,2023-02-02T14:03:00+05:30,515.928,55,target,113.96,89.3838,24.5762,28733.3474
NSE:MARUTI-EQ,short,2023-02-02T14:00:00+05:30,8832.35,2023-02-02T14:12:00+05:30,8850.0147,3,stoploss,-52.9941,86.5429,-139.537,28569.2342
NSE:LT-EQ,short,2023-02-02T14:12:00+05:30,2129.9,2023-02-02T14:15:00+05:30,2134.1598,13,stoploss,-55.3774,88.3123,-143.6897,28425.5445
NSE:WIPRO-EQ,long,2023-02-02T14:24:00+05:30,203.53,2023-02-02T15:03:00+05:30,204.3441,139,target,113.1627,89.2565,23.9061,28449.4506
NSE:RELIANCE-EQ,short,2023-02-02T13:42:00+05:30,1162.3,2023-02-02T15:06:00+05:30,1164.6246,24,stoploss,-55.7904,88.6189,-144.4093,28733.4534
NSE:INFY-EQ,long,2023-02-02T14:21:00+05:30,1577.6,2023-02-02T15:06:00+05:30,1583.9104,18,target,113.5872,89.4143,24.1729,28449.7174
NSE:ASIANPAINT-EQ,short,2023-02-02T13:00:00+05:30,2715.4,2023-02-02T15:09:00+05:30,2704.5384,10,target,108.616,87.4057,21.2103,29024.0183
NSE:TCS-EQ,long,2023-02-02T11:57:00+05:30,3450.85,2023-02-02T15:12:00+05:30,3464.6534,8,target,110.4272,88.2399,22.1873,29619.0726
NSE:MARUTI-EQ,long,2023-02-02T15:03:00+05:30,8869.0,2023-02-02T15:15:00+05:30,8868.3,3,time_exit,-2.1,86.6677,-88.7677,28360.6829
NSE:HDFCBANK-EQ,long,2023-02-02T15:06:00+05:30,801.73,2023-02-02T15:15:00+05:30,801.25,35,time_exit,-16.8,88.8123,-105.6123,28344.1051
NSE:SBIN-EQ,long,2023-02-02T15:12:00+05:30,527.25,2023-02-02T15:15:00+05:30,526.1955,55,stoploss,-57.9975,90.1714,-148.1689,29470.9037
NSE:RELIANCE-EQ,long,2023-02-02T15:21:00+05:30,1164.8,2023-02-02T15:24:00+05:30,1162.4704,25,stoploss,-58.24,90.3511,-148.5911,29322.3127
NSE:TCS-EQ,long,2023-02-02T15:27:00+05:30,3462.0,2023-02-03T09:15:00+05:30,3475.848,8,target,110.784,88.3725,22.4115,29344.7242
NSE:SBIN-EQ,short,2023-02-03T10:51:00+05:30,524.1,2023-02-03T10:54:00+05:30,525.1482,56,stoploss,-58.6992,90.7784,-149.4776,29195.2466
NSE:LT-EQ,short,2023-02-03T10:51:00+05:30,2133.3,2023-02-03T10:54:00+05:30,2137.5666,13,stoploss,-55.4658,88.3779,-143.8437,29200.8804
NSE:AXISBANK-EQ,short,2023-02-03T10:51:00+05:30,866.3,2023-02-03T10:54:00+05:30,868.0326,33,stoploss,-57.1758,89.6474,-146.8232,29197.9009
NSE:AXISBANK-EQ,short,2023-02-03T10:57:00+05:30,866.95,2023-02-03T11:03:00+05:30,863.4822,33,target,114.4374,89.5605,24.8769,29222.7778
NSE:KOTAKBANK-EQ,short,2023-02-03T10:51:00+05:30,350.78,2023-02-03T11:30:00+05:30,349.3769,83,target,116.459,90.3088,26.1501,29370.8743
NSE:LT-EQ,long,2023-02-03T11:48:00+05:30,2156.0,2023-02-03T12:00:00+05:30,2151.688,13,stoploss,-56.056,88.7329,-144.7889,29226.0854
NSE:SUNPHARMA-EQ,long,2023-02-03T11:51:00+05:30,1009.2,2023-02-03T12:03:00+05:30,1013.2368,29,target,117.0672,90.7076,26.3596,29397.2338
NSE:BAJFINANCE-EQ,long,2023-02-03T11:48:00+05:30,585.26,2023-02-03T12:15:00+05:30,587.601,50,target,117.052,90.702,26.35,29397.2243
NSE:TITAN-EQ,long,2023-02-03T11:51:00+05:30,2417.1,2023-02-03T12:36:00+05:30,2426.7684,12,target,116.0208,90.3187,25.7021,29396.5763
NSE:SBIN-EQ,long,2023-02-03T12:21:00+05:30,530.65,2023-02-03T12:36:00+05:30,532.7726,55,target,116.743,90.5872,26.1558,29423.3801
NSE:ASIANPAINT-EQ,long,2023-02-03T11:48:00+05:30,2726.25,2023-02-03T12:48:00+05:30,2737.155,10,target,109.05,87.7281,21.3219,29392.1962
NSE:HDFCBANK-EQ,long,2023-02-03T12:15:00+05:30,818.48,2023-02-03T12:48:00+05:30,821.7539,35,target,114.5872,89.786,24.8012,29422.0255
NSE:KOTAKBANK-EQ,long,2023-02-03T12:24:00+05:30,351.39,2023-02-03T13:00:00+05:30,350.6872,83,stoploss,-58.3307,90.4183,-148.7491,29248.4752
NSE:TCS-EQ,long,2023-02-03T10:24:00+05:30,3483.25,2023-02-03T13:06:00+05:30,3497.183,8,target,111.464,88.6252,22.8388,29367.5629
NSE:TITAN-EQ,long,2023-02-03T13:03:00+05:30,2429.85,2023-02-03T13:27:00+05:30,2439.5694,12,target,116.6328,90.5462,26.0866,29274.5618
NSE:TCS-EQ,long,2023-02-03T13:15:00+05:30,3493.0,2023-02-03T13:30:00+05:30,3486.014,8,stoploss,-55.888,88.6084,-144.4964,29223.0665
NSE:LT-EQ,long,2023-02-03T12:39:00+05:30,2159.15,2023-02-03T13:39:00+05:30,2167.7866,13,target,112.2758,88.9269,23.3489,29446.729
NSE:BAJFINANCE-EQ,long,2023-02-03T12:54:00+05:30,588.62,2023-02-03T13:39:00+05:30,590.9745,49,target,115.3695,90.0767,25.2928,29447.3184
NSE:HDFCBANK-EQ,long,2023-02-03T13:00:00+05:30,821.05,2023-02-03T13:39:00+05:30,824.3342,35,target,114.947,89.9197,25.0273,29273.5026
NSE:SBIN-EQ,long,2023-02-03T13:36:00+05:30,533.3,2023-02-03T13:39:00+05:30,535.4332,54,target,115.1928,90.011,25.1818,29248.2483
NSE:MARUTI-EQ,long,2023-02-03T12:09:00+05:30,8894.85,2023-02-03T13:54:00+05:30,8930.4294,3,target,106.7382,86.8689,19.8693,29417.1031
NSE:RELIANCE-EQ,long,2023-02-03T12:15:00+05:30,1158.85,2023-02-03T13:57:00+05:30,1163.4854,25,target,115.885,90.2683,25.6167,29422.841
NSE:ASIANPAINT-EQ,long,2023-02-03T13:24:00+05:30,2729.45,2023-02-03T14:00:00+05:30,2740.3678,10,target,109.178,87.7756,21.4024,29388.9653
NSE:SUNPHARMA-EQ,long,2023-02-03T13:51:00+05:30,1019.7,2023-02-03T14:00:00+05:30,1023.7788,28,target,114.2064,89.6444,24.562,29272.8102
NSE:HDFCBANK-EQ,long,2023-02-03T14:03:00+05:30,824.25,2023-02-03T14:06:00+05:30,822.6015,35,stoploss,-57.6975,89.9491,-147.6466,29125.1636
NSE:RELIANCE-EQ,long,2023-02-03T14:00:00+05:30,1162.47,2023-02-03T14:09:00+05:30,1160.1451,25,stoploss,-58.1235,90.2648,-148.3883,29124.422
NSE:KOTAKBANK-EQ,long,2023-02-03T13:18:00+05:30,351.28,2023-02-03T14:30:00+05:30,352.6851,83,target,116.625,90.5433,26.0817,29393.6446
NSE:INFY-EQ,long,2023-02-03T11:48:00+05:30,1593.85,2023-02-03T14:33:00+05:30,1600.2254,18,target,114.7572,89.8491,24.9081,29395.7823
NSE:SUNPHARMA-EQ,long,2023-02-03T14:09:00+05:30,1023.45,2023-02-03T14:33:00+05:30,1027.5438,28,target,114.6264,89.8005,24.8259,29149.2478
NSE:RELIANCE-EQ,long,2023-02-03T15:09:00+05:30,1164.78,2023-02-03T15:15:00+05:30,1164.95,25,time_exit,4.25,90.3998,-86.1498,29063.098
NSE:ICICIBANK-EQ,long,2023-02-03T15:21:00+05:30,863.6,2023-02-03T15:24:00+05:30,862.7,33,time_exit,-29.7,89.4522,-119.1522,28943.9458
NSE:MARUTI-EQ,short,2023-02-06T10:15:00+05:30,8862.65,2023-02-06T10:30:00+05:30,8880.3753,3,stoploss,-53.1759,86.6779,-139.8538,28804.0921
NSE:SUNPHARMA-EQ,short,2023-02-06T10:45:00+05:30,1016.65,2023-02-06T10:48:00+05:30,1018.6833,28,stoploss,-56.9324,89.4667,-146.3991,28657.693
NSE:ICICIBANK-EQ,short,2023-02-06T11:06:00+05:30,856.65,2023-02-06T11:27:00+05:30,853.2234,33,target,113.0778,89.0573,24.0205,28681.7135
NSE:SUNPHARMA-EQ,short,2023-02-06T11:21:00+05:30,1017.95,2023-02-06T11:33:00+05:30,1019.9859,28,stoploss,-57.0052,89.5208,-146.526,28511.167
NSE:LT-EQ,short,2023-02-06T11:30:00+05:30,2164.8,2023-02-06T11:39:00+05:30,2156.1408,13,target,112.5696,88.8691,23.7005,28705.414
NSE:KOTAKBANK-EQ,short,2023-02-06T11:24:00+05:30,349.0,2023-02-06T11:45:00+05:30,349.698,82,stoploss,-57.236,89.6921,-146.9281,28510.7649
NSE:HDFCBANK-EQ,short,2023-02-06T11:54:00+05:30,824.48,2023-02-06T12:00:00+05:30,826.129,34,stoploss,-56.0646,88.8225,-144.8871,28365.8777
NSE:SUNPHARMA-EQ,long,2023-02-06T12:00:00+05:30,1022.4,2023-02-06T12:03:00+05:30,1020.3552,27,stoploss,-55.2096,88.1058,-143.3154,28222.5623
NSE:LT-EQ,short,2023-02-06T11:45:00+05:30,2156.2,2023-02-06T12:06:00+05:30,2160.5124,13,stoploss,-56.0612,88.8199,-144.8811,28365.8837
NSE:ICICIBANK-EQ,short,2023-02-06T11:30:00+05:30,855.75,2023-02-06T12:15:00+05:30,852.327,33,target,112.959,89.0133,23.9457,28705.6592
NSE:TCS-EQ,short,2023-02-06T10:33:00+05:30,3449.0,2023-02-06T12:18:00+05:30,3455.898,8,stoploss,-55.184,88.1687,-143.3527,28660.7394
NSE:INFY-EQ,short,2023-02-06T10:42:00+05:30,1571.2,2023-02-06T12:24:00+05:30,1564.9152,18,target,113.1264,89.0752,24.0512,28828.1432
NSE:SBIN-EQ,long,2023-02-06T12:15:00+05:30,545.15,2023-02-06T12:27:00+05:30,544.0597,52,stoploss,-56.6956,89.2068,-145.9024,28559.7568
NSE:ASIANPAINT-EQ,long,2023-02-06T12:15:00+05:30,2737.8,2023-02-06T12:36:00+05:30,2732.3244,10,stoploss,-54.756,87.7697,-142.5257,28563.1335
NSE:HDFCBANK-EQ,short,2023-02-06T12:27:00+05:30,824.18,2023-02-06T12:36:00+05:30,825.8284,34,stoploss,-56.0442,88.8073,-144.8516,28414.9052
NSE:LT-EQ,short,2023-02-06T12:39:00+05:30,2162.55,2023-02-06T12:42:00+05:30,2153.8998,13,target,112.4526,88.8258,23.6268,28438.532
NSE:INFY-EQ,short,2023-02-06T12:48:00+05:30,1565.65,2023-02-06T12:54:00+05:30,1568.7813,18,stoploss,-56.3634,89.0443,-145.4077,28293.1243
NSE:HDFCBANK-EQ,short,2023-02-06T12:39:00+05:30,825.6,2023-02-06T12:57:00+05:30,827.2512,34,stoploss,-56.1408,88.879,-145.0198,28269.8854
NSE:SBIN-EQ,long,2023-02-06T13:03:00+05:30,546.75,2023-02-06T13:06:00+05:30,545.6565,51,stoploss,-55.7685,88.5199,-144.2884,28125.597
NSE:WIPRO-EQ,short,2023-02-06T10:30:00+05:30,201.65,2023-02-06T13:09:00+05:30,202.0533,143,stoploss,-57.6719,90.0157,-147.6876,28656.4044
NSE:BAJFINANCE-EQ,long,2023-02-06T12:03:00+05:30,601.76,2023-02-06T13:15:00+05:30,604.167,47,target,113.1309,89.2447,23.8862,28246.4485
NSE:ICICIBANK-EQ,short,2023-02-06T12:39:00+05:30,853.4,2023-02-06T13:15:00+05:30,849.9864,33,target,112.6488,88.8985,23.7503,28438.6556
NSE:MARUTI-EQ,short,2023-02-06T11:48:00+05:30,8860.0,2023-02-06T13:33:00+05:30,8877.72,3,stoploss,-53.16,86.6661,-139.8261,28370.9388
NSE:TITAN-EQ,long,2023-02-06T12:09:00+05:30,2462.7,2023-02-06T13:45:00+05:30,2457.7746,11,stoploss,-54.1794,87.3425,-141.5219,28224.3618
NSE:TCS-EQ,long,2023-02-06T13:21:00+05:30,3467.2,2023-02-06T13:45:00+05:30,3460.2656,8,stoploss,-55.4752,88.3026,-143.7778,28294.8778
NSE:SBIN-EQ,long,2023-02-06T13:21:00+05:30,546.0,2023-02-06T13:57:00+05:30,548.184,52,target,113.568,89.4072,24.1608,28462.8164
NSE:TITAN-EQ,long,2023-02-06T14:39:00+05:30,2464.65,2023-02-06T14:45:00+05:30,2459.7207,11,stoploss,-54.2223,87.3743,-141.5966,28321.2198
NSE:ASIANPAINT-EQ,long,2023-02-06T13:48:00+05:30,2742.35,2023-02-06T14:54:00+05:30,2736.8653,10,stoploss,-54.847,87.8371,-142.6841,28152.1937
NSE:TCS-EQ,long,2023-02-06T14:33:00+05:30,3468.8,2023-02-06T14:57:00+05:30,3461.8624,8,stoploss,-55.5008,88.3216,-143.8224,28318.9941
NSE:RELIANCE-EQ,short,2023-02-06T11:21:00+05:30,1155.43,2023-02-06T15:15:00+05:30,1155.68,24,time_exit,-6.0,88.3399,-94.3399,28563.3531
NSE:WIPRO-EQ,long,2023-02-06T13:36:00+05:30,201.98,2023-02-06T15:15:00+05:30,202.33,140,time_exit,49.0,89.1858,-40.1858,28330.753
NSE:MARUTI-EQ,long,2023-02-06T13:51:00+05:30,8887.35,2023-02-06T15:15:00+05:30,8902.6,3,time_exit,45.75,86.7872,-41.0372,28253.8406
NSE:BAJFINANCE-EQ,long,2023-02-06T15:06:00+05:30,610.08,2023-02-06T15:15:00+05:30,610.4,46,time_exit,14.72,88.8419,-74.1219,28244.8722
NSE:BAJFINANCE-EQ,long,2023-02-06T15:18:00+05:30,610.42,2023-02-06T15:21:00+05:30,610.76,46,time_exit,15.64,88.8658,-73.2258,28171.6464
NSE:LT-EQ,short,2023-02-07T10:15:00+05:30,2150.8,2023-02-07T10:18:00+05:30,2155.1016,13,stoploss,-55.9208,88.7157,-144.6365,28027.0099
NSE:SUNPHARMA-EQ,short,2023-02-07T10:36:00+05:30,1012.2,2023-02-07T10:54:00+05:30,1008.1512,27,target,109.3176,87.6654,21.6522,28048.6621
NSE:ICICIBANK-EQ,short,2023-02-07T11:03:00+05:30,851.4,2023-02-07T11:06:00+05:30,853.1028,32,stoploss,-54.4896,87.6532,-142.1428,27906.5193
NSE:AXISBANK-EQ,short,2023-02-07T11:06:00+05:30,877.9,2023-02-07T11:12:00+05:30,879.6558,31,stoploss,-54.4298,87.6088,-142.0386,27764.4808
NSE:LT-EQ,long,2023-02-07T11:12:00+05:30,2162.8,2023-02-07T11:33:00+05:30,2158.4744,12,stoploss,-51.9072,85.659,-137.5662,27626.9146
NSE:SUNPHARMA-EQ,short,2023-02-07T11:51:00+05:30,1009.1,2023-02-07T12:06:00+05:30,1005.0636,27,target,108.9828,87.5414,21.4414,27648.3559
NSE:INFY-EQ,long,2023-02-07T11:21:00+05:30,1572.8,2023-02-07T12:15:00+05:30,1569.6544,17,stoploss,-53.4752,86.8208,-140.296,27624.1848
NSE:HDFCBANK-EQ,short,2023-02-07T11:33:00+05:30,824.9,2023-02-07T12:15:00+05:30,821.6004,33,target,108.8868,87.5059,21.3809,27648.2955
NSE:TCS-EQ,long,2023-02-07T10:48:00+05:30,3478.45,2023-02-07T12:21:00+05:30,3471.4931,8,stoploss,-55.6552,88.436,-144.0912,27882.9187
NSE:TITAN-EQ,short,2023-02-07T12:06:00+05:30,2440.05,2023-02-07T12:45:00+05:30,2444.9301,11,stoploss,-53.6811,87.0529,-140.734,27507.6219
NSE:BAJFINANCE-EQ,long,2023-02-07T11:21:00+05:30,616.17,2023-02-07T12:48:00+05:30,614.9377,45,stoploss,-55.4553,88.2878,-143.7431,27620.7376
NSE:ICICIBANK-EQ,short,2023-02-07T12:18:00+05:30,851.85,2023-02-07T12:48:00+05:30,848.4426,32,target,109.0368,87.5614,21.4754,27669.7709
NSE:INFY-EQ,short,2023-02-07T12:42:00+05:30,1567.3,2023-02-07T12:48:00+05:30,1561.0308,17,target,106.5764,86.6507,19.9257,27902.8445
NSE:AXISBANK-EQ,short,2023-02-07T11:33:00+05:30,877.7,2023-02-07T12:51:00+05:30,874.1892,31,target,108.8348,87.4866,21.3482,27648.2627
NSE:MARUTI-EQ,short,2023-02-07T12:39:00+05:30,8779.55,2023-02-07T12:57:00+05:30,8797.1091,3,stoploss,-52.6773,86.3077,-138.985,27743.9337
NSE:BAJFINANCE-EQ,short,2023-02-07T13:06:00+05:30,613.67,2023-02-07T13:12:00+05:30,611.2153,45,target,110.4606,88.0885,22.3721,27766.3058
NSE:LT-EQ,short,2023-02-07T13:06:00+05:30,2156.0,2023-02-07T13:21:00+05:30,2160.312,12,stoploss,-51.744,85.6148,-137.3588,27606.5749
NSE:SUNPHARMA-EQ,short,2023-02-07T13:12:00+05:30,1003.5,2023-02-07T13:24:00+05:30,1005.507,27,stoploss,-54.189,87.43,-141.619,27624.6868
NSE:ASIANPAINT-EQ,long,2023-02-07T10:39:00+05:30,2762.0,2023-02-07T13:30:00+05:30,2773.048,10,target,110.48,88.2595,22.2205,28049.2303
NSE:WIPRO-EQ,short,2023-02-07T12:51:00+05:30,199.95,2023-02-07T13:30:00+05:30,200.3499,139,stoploss,-55.5861,88.4672,-144.0533,27504.2094
NSE:MARUTI-EQ,short,2023-02-07T13:21:00+05:30,8775.0,2023-02-07T13:30:00+05:30,8792.55,3,stoploss,-52.65,86.2875,-138.9375,27467.6374
NSE:TITAN-EQ,short,2023-02-07T12:48:00+05:30,2440.9,2023-02-07T14:12:00+05:30,2445.7818,11,stoploss,-53.6998,87.0668,-140.7666,27762.0778
NSE:INFY-EQ,short,2023-02-07T13:33:00+05:30,1565.5,2023-02-07T14:15:00+05:30,1568.631,17,stoploss,-53.227,86.7158,-139.9428,27327.6946
NSE:RELIANCE-EQ,short,2023-02-07T12:03:00+05:30,1156.5,2023-02-07T14:24:00+05:30,1151.874,23,target,106.398,86.5846,19.8134,27646.7279
NSE:AXISBANK-EQ,long,2023-02-07T14:30:00+05:30,879.3,2023-02-07T14:39:00+05:30,882.8172,31,target,109.0332,87.7218,21.3114,27668.0393
NSE:TITAN-EQ,long,2023-02-07T14:36:00+05:30,2449.1,2023-02-07T14:45:00+05:30,2458.8964,11,target,107.7604,87.2488,20.5116,27667.2395
NSE:ASIANPAINT-EQ,long,2023-02-07T14:33:00+05:30,2768.75,2023-02-07T15:00:00+05:30,2763.2125,9,stoploss,-49.8375,84.1255,-133.963,27512.7649
NSE:TCS-EQ,long,2023-02-07T15:00:00+05:30,3485.5,2023-02-07T15:03:00+05:30,3478.529,7,stoploss,-48.797,83.3546,-132.1516,27380.6133
NSE:HDFCBANK-EQ,long,2023-02-07T15:03:00+05:30,828.08,2023-02-07T15:09:00+05:30,826.4238,33,stoploss,-54.6533,87.6936,-142.3469,27238.2664
NSE:WIPRO-EQ,short,2023-02-07T13:33:00+05:30,200.2,2023-02-07T15:15:00+05:30,200.25,137,time_exit,-6.85,87.8911,-94.7411,27372.8963
NSE:KOTAKBANK-EQ,long,2023-02-07T14:36:00+05:30,355.26,2023-02-07T15:15:00+05:30,355.23,77,time_exit,-2.31,87.7772,-90.0872,27556.6408
NSE:BAJFINANCE-EQ,long,2023-02-07T14:42:00+05:30,616.37,2023-02-07T15:15:00+05:30,616.15,44,time_exit,-9.68,87.4231,-97.1031,27570.9362
NSE:SBIN-EQ,long,2023-02-07T15:03:00+05:30,547.2,2023-02-07T15:15:00+05:30,547.35,50,time_exit,7.5,87.7923,-80.2923,27300.321
NSE:RELIANCE-EQ,short,2023-02-08T09:15:00+05:30,1156.5,2023-02-08T09:21:00+05:30,1158.813,23,stoploss,-53.199,86.695,-139.894,27160.427
NSE:ICICIBANK-EQ,long,2023-02-08T09:54:00+05:30,857.3,2023-02-08T10:09:00+05:30,855.5854,31,stoploss,-53.1526,86.5817,-139.7343,27020.6927
NSE:HDFCBANK-EQ,long,2023-02-08T10:12:00+05:30,831.88,2023-02-08T10:18:00+05:30,830.2162,32,stoploss,-53.2403,86.6467,-139.887,26880.8056
NSE:RELIANCE-EQ,long,2023-02-08T11:24:00+05:30,1172.08,2023-02-08T11:42:00+05:30,1176.7683,22,target,103.143,85.5328,17.6103,26898.4159
NSE:SUNPHARMA-EQ,long,2023-02-08T11:30:00+05:30,1004.0,2023-02-08T11:42:00+05:30,1001.992,26,stoploss,-52.208,85.8819,-138.0899,26742.7158
NSE:ICICIBANK-EQ,long,2023-02-08T11:42:00+05:30,857.0,2023-02-08T12:03:00+05:30,855.286,31,stoploss,-53.134,86.568,-139.702,26603.0138
NSE:TCS-EQ,long,2023-02-08T10:45:00+05:30,3529.9,2023-02-08T12:09:00+05:30,3522.8402,7,stoploss,-49.4186,83.8151,-133.2337,26747.5719
NSE:KOTAKBANK-EQ,long,2023-02-08T12:00:00+05:30,354.68,2023-02-08T12:09:00+05:30,353.9706,75,stoploss,-53.202,86.6183,-139.8203,26602.8954
NSE:MARUTI-EQ,long,2023-02-08T11:33:00+05:30,8770.0,2023-02-08T12:27:00+05:30,8752.46,3,stoploss,-52.62,86.1871,-138.8071,26741.9985
NSE:BAJFINANCE-EQ,long,2023-02-08T12:03:00+05:30,626.49,2023-02-08T12:27:00+05:30,628.996,42,target,105.2503,86.3159,18.9344,26621.9482
NSE:INFY-EQ,long,2023-02-08T11:30:00+05:30,1597.8,2023-02-08T12:30:00+05:30,1594.6044,16,stoploss,-51.1296,85.0829,-136.2125,26744.5932
NSE:TITAN-EQ,long,2023-02-08T11:33:00+05:30,2472.45,2023-02-08T12:39:00+05:30,2467.5051,10,stoploss,-49.449,83.8377,-133.2867,26747.5189
NSE:ASIANPAINT-EQ,short,2023-02-08T12:27:00+05:30,2755.0,2023-02-08T13:06:00+05:30,2760.51,9,stoploss,-49.59,84.0157,-133.6057,26488.3425
NSE:TCS-EQ,short,2023-02-08T12:57:00+05:30,3518.9,2023-02-08T13:12:00+05:30,3525.9378,7,stoploss,-49.2646,83.7741,-133.0387,26614.4802
NSE:MARUTI-EQ,long,2023-02-08T13:06:00+05:30,8784.7,2023-02-08T13:24:00+05:30,8819.8388,3,target,105.4164,86.3777,19.0387,26507.3812
NSE:HDFCBANK-EQ,short,2023-02-08T12:30:00+05:30,828.9,2023-02-08T13:30:00+05:30,830.5578,32,stoploss,-53.0496,86.5841,-139.6337,26604.9594
NSE:AXISBANK-EQ,short,2023-02-08T10:57:00+05:30,875.3,2023-02-08T13:36:00+05:30,871.7988,30,target,105.036,86.0805,18.9555,26899.7611
NSE:INFY-EQ,long,2023-02-08T13:09:00+05:30,1599.95,2023-02-08T14:03:00+05:30,1596.7501,16,stoploss,-51.1984,85.1338,-136.3322,26352.0103
NSE:RELIANCE-EQ,long,2023-02-08T13:12:00+05:30,1174.5,2023-02-08T14:21:00+05:30,1179.198,22,target,103.356,85.6119,17.7441,26632.2243
NSE:BAJFINANCE-EQ,long,2023-02-08T14:21:00+05:30,633.0,2023-02-08T14:30:00+05:30,635.532,41,target,103.812,85.7814,18.0306,26650.2549
NSE:SBIN-EQ,short,2023-02-08T13:03:00+05:30,549.05,2023-02-08T14:33:00+05:30,550.1481,48,stoploss,-52.7088,86.3311,-139.0399,26608.479
NSE:LT-EQ,short,2023-02-08T12:24:00+05:30,2139.5,2023-02-08T14:36:00+05:30,2130.942,12,target,102.696,85.2143,17.4817,26620.3771
NSE:MARUTI-EQ,long,2023-02-08T14:30:00+05:30,8844.8,2023-02-08T14:39:00+05:30,8827.1104,3,stoploss,-53.0688,86.5196,-139.5884,26510.6665
NSE:ICICIBANK-EQ,long,2023-02-08T13:06:00+05:30,856.3,2023-02-08T14:48:00+05:30,859.7252,31,target,106.1812,86.6619,19.5193,26507.8618
NSE:SUNPHARMA-EQ,long,2023-02-08T13:06:00+05:30,1005.15,2023-02-08T14:48:00+05:30,1009.1706,26,target,104.5356,86.0503,18.4853,26506.8278
NSE:TCS-EQ,long,2023-02-08T14:03:00+05:30,3526.65,2023-02-08T15:09:00+05:30,3519.5967,7,stoploss,-49.3731,83.7814,-133.1545,26218.8557
NSE:KOTAKBANK-EQ,short,2023-02-08T12:39:00+05:30,353.54,2023-02-08T15:15:00+05:30,353.51,75,time_exit,2.25,86.5321,-84.2821,26663.2369
NSE:WIPRO-EQ,long,2023-02-08T13:39:00+05:30,202.75,2023-02-08T15:15:00+05:30,203.08,132,time_exit,43.56,86.9353,-43.3753,26856.3859
NSE:ASIANPAINT-EQ,long,2023-02-08T13:51:00+05:30,2766.2,2023-02-08T15:15:00+05:30,2765.9,9,time_exit,-2.7,84.1288,-86.8288,26812.9324
NSE:TITAN-EQ,long,2023-02-08T14:39:00+05:30,2469.6,2023-02-08T15:15:00+05:30,2466.85,10,time_exit,-27.5,83.8128,-111.3128,26399.3537
NSE:HDFCBANK-EQ,short,2023-02-08T15:18:00+05:30,827.6,2023-02-08T15:21:00+05:30,826.6,31,time_exit,31.0,85.2366,-54.2366,26345.1171
NSE:TITAN-EQ,short,2023-02-08T15:27:00+05:30,2465.9,2023-02-09T09:15:00+05:30,2470.8318,10,stoploss,-49.318,83.8138,-133.1318,26211.9854
NSE:SUNPHARMA-EQ,long,2023-02-09T10:54:00+05:30,1013.75,2023-02-09T11:09:00+05:30,1011.7225,25,stoploss,-50.6875,84.7553,-135.4428,26076.5426
NSE:TITAN-EQ,long,2023-02-09T11:03:00+05:30,2465.0,2023-02-09T11:24:00+05:30,2474.86,10,target,98.6,83.8444,14.7556,26226.741
NSE:LT-EQ,long,2023-02-09T11:06:00+05:30,2148.8,2023-02-09T11:27:00+05:30,2144.5024,12,stoploss,-51.5712,85.41,-136.9812,26075.0041
NSE:ASIANPAINT-EQ,long,2023-02-09T11:18:00+05:30,2791.7,2023-02-09T11:48:00+05:30,2802.8668,9,target,100.5012,84.5509,15.9503,26092.4928
NSE:LT-EQ,long,2023-02-09T11:33:00+05:30,2147.1,2023-02-09T12:12:00+05:30,2142.8058,12,stoploss,-51.5304,85.3798,-136.9102,25938.0939
NSE:HDFCBANK-EQ,short,2023-02-09T12:00:00+05:30,823.48,2023-02-09T12:12:00+05:30,820.1861,31,target,102.1115,84.9979,17.1136,26109.6064
NSE:KOTAKBANK-EQ,short,2023-02-09T12:24:00+05:30,350.22,2023-02-09T12:27:00+05:30,350.9204,74,stoploss,-51.8326,85.6806,-137.5131,25972.0933
NSE:BAJFINANCE-EQ,long,2023-02-09T11:42:00+05:30,646.54,2023-02-09T12:33:00+05:30,645.2469,40,stoploss,-51.7232,85.5227,-137.2459,25937.7582
NSE:LT-EQ,short,2023-02-09T12:39:00+05:30,2139.8,2023-02-09T12:45:00+05:30,2144.0796,12,stoploss,-51.3552,85.3262,-136.6814,25801.0769
NSE:ICICIBANK-EQ,long,2023-02-09T11:39:00+05:30,857.75,2023-02-09T12:48:00+05:30,861.181,30,target,102.93,85.4536,17.4764,26092.4805
NSE:SUNPHARMA-EQ,short,2023-02-09T12:27:00+05:30,1008.0,2023-02-09T13:03:00+05:30,1003.968,25,target,100.8,84.5125,16.2875,25988.3808
NSE:SBIN-EQ,short,2023-02-09T12:39:00+05:30,546.5,2023-02-09T13:30:00+05:30,547.593,47,stoploss,-51.371,85.3379,-136.7089,25801.0493
NSE:TITAN-EQ,short,2023-02-09T12:45:00+05:30,2459.7,2023-02-09T13:30:00+05:30,2464.6194,10,stoploss,-49.194,83.7217,-132.9157,25668.1611
NSE:AXISBANK-EQ,short,2023-02-09T12:18:00+05:30,863.95,2023-02-09T13:36:00+05:30,865.6779,30,stoploss,-51.837,85.6839,-137.5209,25972.0855
NSE:SUNPHARMA-EQ,short,2023-02-09T13:21:00+05:30,1005.15,2023-02-09T13:39:00+05:30,1007.1603,25,stoploss,-50.2575,84.5113,-134.7688,25853.612
NSE:HDFCBANK-EQ,short,2023-02-09T13:06:00+05:30,819.4,2023-02-09T13:48:00+05:30,821.0388,31,stoploss,-50.8028,84.9161,-135.7189,25852.6619
NSE:TCS-EQ,long,2023-02-09T10:54:00+05:30,3530.0,2023-02-09T13:57:00+05:30,3544.12,7,target,98.84,83.9336,14.9064,26226.8918
NSE:BAJFINANCE-EQ,long,2023-02-09T13:57:00+05:30,646.31,2023-02-09T14:21:00+05:30,645.0174,40,stoploss,-51.7048,85.509,-137.2138,26089.678
NSE:ICICIBANK-EQ,long,2023-02-09T13:48:00+05:30,862.0,2023-02-09T14:51:00+05:30,860.276,29,stoploss,-49.996,84.243,-134.239,25718.423
NSE:TITAN-EQ,long,2023-02-09T14:06:00+05:30,2467.1,2023-02-09T15:00:00+05:30,2462.1658,10,stoploss,-49.342,83.7584,-133.1004,26093.7914
NSE:MARUTI-EQ,long,2023-02-09T14:12:00+05:30,8816.8,2023-02-09T15:03:00+05:30,8799.1664,2,stoploss,-35.2672,73.3301,-108.5973,26118.2945
NSE:WIPRO-EQ,long,2023-02-09T13:48:00+05:30,203.48,2023-02-09T15:09:00+05:30,204.2939,127,target,103.3678,85.6163,17.7515,25870.4134
NSE:BAJFINANCE-EQ,long,2023-02-09T14:24:00+05:30,645.53,2023-02-09T15:09:00+05:30,644.2389,40,stoploss,-51.6424,85.4628,-137.1052,25952.5728
NSE:ASIANPAINT-EQ,long,2023-02-09T14:00:00+05:30,2807.3,2023-02-09T15:15:00+05:30,2817.9,9,time_exit,95.4,84.7552,10.6448,26237.5366
NSE:HDFCBANK-EQ,long,2023-02-09T14:57:00+05:30,824.28,2023-02-09T15:15:00+05:30,825.43,31,time_exit,35.65,85.1336,-49.4836,25668.9394
NSE:RELIANCE-EQ,long,2023-02-09T15:00:00+05:30,1178.72,2023-02-09T15:15:00+05:30,1177.13,21,time_exit,-33.39,83.8928,-117.2828,25976.5086
NSE:SBIN-EQ,long,2023-02-09T15:03:00+05:30,549.95,2023-02-09T15:15:00+05:30,551.1,47,time_exit,54.05,85.5857,-31.5357,26086.7588
NSE:SBIN-EQ,long,2023-02-09T15:18:00+05:30,551.1,2023-02-09T15:21:00+05:30,551.3,47,time_exit,9.4,85.6305,-76.2305,26010.5282
NSE:SUNPHARMA-EQ,short,2023-02-10T10:27:00+05:30,997.7,2023-02-10T10:57:00+05:30,999.6954,26,stoploss,-51.8804,85.7161,-137.5965,25872.9317
NSE:TITAN-EQ,short,2023-02-10T10:39:00+05:30,2451.5,2023-02-10T11:03:00+05:30,2456.403,10,stoploss,-49.03,83.6,-132.63,25877.8983
NSE:INFY-EQ,long,2023-02-10T10:57:00+05:30,1608.9,2023-02-10T11:21:00+05:30,1615.3356,16,target,102.9696,85.4683,17.5013,25890.433
NSE:TCS-EQ,long,2023-02-10T11:27:00+05:30,3536.75,2023-02-10T11:33:00+05:30,3529.6765,7,stoploss,-49.5145,83.8862,-133.4007,25757.0323
NSE:INFY-EQ,long,2023-02-10T11:30:00+05:30,1614.3,2023-02-10T11:36:00+05:30,1611.0714,16,stoploss,-51.6576,85.4741,-137.1317,25753.3014
NSE:MARUTI-EQ,long,2023-02-10T11:39:00+05:30,8846.25,2023-02-10T11:42:00+05:30,8828.5575,2,stoploss,-35.385,73.4174,-108.8024,25644.499
NSE:HDFCBANK-EQ,long,2023-02-10T10:57:00+05:30,825.63,2023-02-10T12:06:00+05:30,823.9787,31,stoploss,-51.1891,85.1269,-136.316,25736.6158
NSE:LT-EQ,short,2023-02-10T12:18:00+05:30,2145.4,2023-02-10T12:39:00+05:30,2149.6908,11,stoploss,-47.1988,82.2405,-129.4393,25607.1765
NSE:ASIANPAINT-EQ,long,2023-02-10T11:03:00+05:30,2813.35,2023-02-10T13:00:00+05:30,2807.7233,9,stoploss,-50.6403,84.7203,-135.3606,25742.5376
NSE:SBIN-EQ,long,2023-02-10T11:12:00+05:30,554.4,2023-02-10T13:00:00+05:30,553.2912,46,stoploss,-51.0048,84.9904,-135.9952,25741.9031
NSE:MARUTI-EQ,short,2023-02-10T12:18:00+05:30,8821.95,2023-02-10T13:00:00+05:30,8786.6622,2,target,70.5756,73.3245,-2.7489,25733.8669
NSE:BAJFINANCE-EQ,short,2023-02-10T12:39:00+05:30,646.66,2023-02-10T13:00:00+05:30,644.0734,39,target,100.879,84.5417,16.3373,25623.5138
NSE:INFY-EQ,short,2023-02-10T12:54:00+05:30,1607.95,2023-02-10T13:03:00+05:30,1611.1659,15,stoploss,-48.2385,83.0123,-131.2508,25475.9256
NSE:KOTAKBANK-EQ,long,2023-02-10T11:09:00+05:30,354.27,2023-02-10T13:15:00+05:30,353.5615,73,stoploss,-51.7234,85.5228,-137.2462,25740.652
NSE:BAJFINANCE-EQ,short,2023-02-10T13:06:00+05:30,645.34,2023-02-10T13:21:00+05:30,642.7586,39,target,100.673,84.4655,16.2076,25492.1332
NSE:LT-EQ,short,2023-02-10T13:15:00+05:30,2149.6,2023-02-10T13:36:00+05:30,2153.8992,11,stoploss,-47.2912,82.3091,-129.6003,25611.0518
NSE:TITAN-EQ,short,2023-02-10T12:06:00+05:30,2449.25,2023-02-10T13:45:00+05:30,2454.1485,10,stoploss,-48.985,83.5665,-132.5515,25604.0642
NSE:SBIN-EQ,short,2023-02-10T13:06:00+05:30,553.4,2023-02-10T13:45:00+05:30,554.5068,46,stoploss,-50.9128,84.9977,-135.9105,25340.0151
NSE:RELIANCE-EQ,short,2023-02-10T12:18:00+05:30,1163.47,2023-02-10T13:54:00+05:30,1165.7969,22,stoploss,-51.1927,85.2055,-136.3982,25600.2175
NSE:WIPRO-EQ,long,2023-02-10T11:33:00+05:30,202.98,2023-02-10T14:24:00+05:30,202.574,127,stoploss,-51.5569,85.3995,-136.9564,25620.0759
NSE:ASIANPAINT-EQ,long,2023-02-10T13:48:00+05:30,2819.85,2023-02-10T14:30:00+05:30,2814.2103,8,stoploss,-45.1176,80.6285,-125.7461,25214.269
NSE:TITAN-EQ,long,2023-02-10T14:00:00+05:30,2456.0,2023-02-10T15:00:00+05:30,2465.824,10,target,98.24,83.7106,14.5294,25614.747
NSE:LT-EQ,long,2023-02-10T14:15:00+05:30,2157.55,2023-02-10T15:06:00+05:30,2166.1802,11,target,94.9322,82.4812,12.451,25612.6685
NSE:TCS-EQ,long,2023-02-10T11:36:00+05:30,3529.05,2023-02-10T15:15:00+05:30,3539.05,7,time_exit,70.0,83.9009,-13.9009,25739.4005
NSE:AXISBANK-EQ,short,2023-02-10T11:57:00+05:30,868.35,2023-02-10T15:15:00+05:30,867.5,29,time_exit,24.65,84.5387,-59.8887,25584.6103
NSE:SUNPHARMA-EQ,long,2023-02-10T14:06:00+05:30,1005.0,2023-02-10T15:15:00+05:30,1006.95,25,time_exit,48.75,84.5095,-35.7595,25564.458
NSE:HDFCBANK-EQ,long,2023-02-10T14:33:00+05:30,827.5,2023-02-10T15:15:00+05:30,828.68,30,time_exit,35.4,84.0539,-48.6539,25165.6151
NSE:RELIANCE-EQ,long,2023-02-10T14:45:00+05:30,1166.72,2023-02-10T15:15:00+05:30,1168.47,21,time_exit,36.75,83.5745,-46.8245,25167.4445
NSE:ICICIBANK-EQ,short,2023-02-10T15:00:00+05:30,854.05,2023-02-10T15:15:00+05:30,852.1,29,time_exit,56.55,83.9014,-27.3514,25587.3956
NSE:BAJFINANCE-EQ,short,2023-02-10T15:03:00+05:30,643.71,2023-02-10T15:15:00+05:30,643.77,39,time_exit,-2.34,84.4424,-86.7824,25527.9645
NSE:KOTAKBANK-EQ,long,2023-02-10T15:06:00+05:30,354.5,2023-02-10T15:15:00+05:30,354.32,72,time_exit,-12.96,85.0526,-98.0126,25514.6559
NSE:RELIANCE-EQ,long,2023-02-10T15:18:00+05:30,1168.47,2023-02-10T15:21:00+05:30,1168.65,21,time_exit,3.78,83.603,-79.823,25434.833
NSE:TCS-EQ,long,2023-02-10T15:18:00+05:30,3538.75,2023-02-10T15:21:00+05:30,3537.15,7,time_exit,-11.2,83.9373,-95.1373,25419.5186
NSE:HDFCBANK-EQ,long,2023-02-10T15:18:00+05:30,828.7,2023-02-10T15:21:00+05:30,828.8,30,time_exit,3.0,84.0817,-81.0817,25433.5743
NSE:SUNPHARMA-EQ,long,2023-02-10T15:27:00+05:30,1007.05,2023-02-13T09:18:00+05:30,1005.0359,25,stoploss,-50.3525,84.5071,-134.8596,25298.7147
NSE:BAJFINANCE-EQ,short,2023-02-13T10:48:00+05:30,635.8,2023-02-13T11:03:00+05:30,637.0716,39,stoploss,-49.5924,84.0175,-133.6099,25165.1048
NSE:ICICIBANK-EQ,long,2023-02-13T11:12:00+05:30,858.3,2023-02-13T11:18:00+05:30,856.5834,29,stoploss,-49.7814,84.0839,-133.8653,25031.2394
NSE:TITAN-EQ,long,2023-02-13T11:27:00+05:30,2516.25,2023-02-13T11:30:00+05:30,2511.2175,9,stoploss,-45.2925,80.758,-126.0505,24905.1889
NSE:MARUTI-EQ,long,2023-02-13T11:18:00+05:30,8832.0,2023-02-13T11:33:00+05:30,8814.336,2,stoploss,-35.328,73.3752,-108.7032,24922.5363
NSE:TCS-EQ,short,2023-02-13T10:48:00+05:30,3495.3,2023-02-13T11:36:00+05:30,3481.3188,7,target,97.8684,83.4273,14.4411,25313.1558
NSE:HDFCBANK-EQ,short,2023-02-13T11:33:00+05:30,824.58,2023-02-13T11:36:00+05:30,826.2292,30,stoploss,-49.4748,83.9302,-133.405,24789.1313
NSE:WIPRO-EQ,short,2023-02-13T11:30:00+05:30,200.53,2023-02-13T11:39:00+05:30,199.7279,124,target,99.4629,84.0175,15.4454,24920.6343
NSE:BAJFINANCE-EQ,short,2023-02-13T11:21:00+05:30,635.99,2023-02-13T11:45:00+05:30,633.446,39,target,99.2144,83.9255,15.2889,25046.5283
NSE:BAJFINANCE-EQ,short,2023-02-13T12:00:00+05:30,633.29,2023-02-13T12:03:00+05:30,630.7568,39,target,98.7932,83.7696,15.0236,25061.552
NSE:ASIANPAINT-EQ,short,2023-02-13T10:54:00+05:30,2793.7,2023-02-13T12:15:00+05:30,2782.5252,9,target,100.5732,84.4285,16.1447,25314.8594
NSE:AXISBANK-EQ,short,2023-02-13T11:21:00+05:30,863.5,2023-02-13T12:15:00+05:30,860.046,28,target,96.712,82.9992,13.7128,25044.9522
NSE:SUNPHARMA-EQ,short,2023-02-13T11:51:00+05:30,1008.55,2023-02-13T12:15:00+05:30,1004.5158,24,target,96.8208,83.0395,13.7813,25060.3096
NSE:INFY-EQ,short,2023-02-13T11:00:00+05:30,1574.05,2023-02-13T12:30:00+05:30,1567.7538,16,target,100.7392,84.49,16.2492,25314.9639
NSE:KOTAKBANK-EQ,short,2023-02-13T11:21:00+05:30,353.8,2023-02-13T12:33:00+05:30,352.3848,70,target,99.064,83.8699,15.1941,25046.4336
NSE:MARUTI-EQ,short,2023-02-13T12:30:00+05:30,8803.0,2023-02-13T12:51:00+05:30,8820.606,2,stoploss,-35.212,73.3414,-108.5534,25206.4105
NSE:KOTAKBANK-EQ,short,2023-02-13T12:48:00+05:30,353.45,2023-02-13T12:51:00+05:30,354.1569,70,stoploss,-49.483,83.9363,-133.4193,24913.0143
NSE:ASIANPAINT-EQ,short,2023-02-13T12:42:00+05:30,2790.0,2023-02-13T12:57:00+05:30,2795.58,8,stoploss,-44.64,80.3408,-124.9808,24921.4528
NSE:SBIN-EQ,short,2023-02-13T12:48:00+05:30,535.6,2023-02-13T12:57:00+05:30,536.6712,46,stoploss,-49.2752,83.782,-133.0572,24913.3764
NSE:WIPRO-EQ,short,2023-02-13T11:51:00+05:30,200.53,2023-02-13T13:06:00+05:30,200.9311,124,stoploss,-49.7314,84.1207,-133.8521,24912.6762
NSE:SUNPHARMA-EQ,short,2023-02-13T13:03:00+05:30,1006.25,2023-02-13T13:12:00+05:30,1008.2625,24,stoploss,-48.3,83.058,-131.358,24782.0184
NSE:TCS-EQ,short,2023-02-13T11:57:00+05:30,3482.35,2023-02-13T13:15:00+05:30,3489.3147,7,stoploss,-48.7529,83.3942,-132.1471,24914.3812
NSE:ICICIBANK-EQ,short,2023-02-13T12:33:00+05:30,853.0,2023-02-13T13:18:00+05:30,854.706,29,stoploss,-49.474,83.9296,-133.4036,24913.03
NSE:AXISBANK-EQ,short,2023-02-13T12:48:00+05:30,858.25,2023-02-13T13:21:00+05:30,859.9665,29,stoploss,-49.7785,84.1556,-133.9341,24912.4994
NSE:LT-EQ,long,2023-02-13T13:36:00+05:30,2206.7,2023-02-13T13:39:00+05:30,2202.2866,11,stoploss,-48.5474,83.1697,-131.7171,24780.7824
NSE:TITAN-EQ,long,2023-02-13T13:42:00+05:30,2518.4,2023-02-13T14:09:00+05:30,2513.3632,9,stoploss,-45.3312,80.7867,-126.1179,24654.6645
NSE:LT-EQ,long,2023-02-13T13:48:00+05:30,2201.4,2023-02-13T14:36:00+05:30,2210.2056,11,target,96.8616,83.1983,13.6633,24794.4457
NSE:INFY-EQ,short,2023-02-13T12:57:00+05:30,1569.05,2023-02-13T14:45:00+05:30,1572.1881,15,stoploss,-47.0715,82.146,-129.2175,24784.1589
NSE:HDFCBANK-EQ,long,2023-02-13T14:45:00+05:30,828.43,2023-02-13T14:48:00+05:30,826.7731,29,stoploss,-48.0489,82.8003,-130.8493,24653.3097
NSE:RELIANCE-EQ,short,2023-02-13T11:21:00+05:30,1160.95,2023-02-13T14:57:00+05:30,1163.2719,21,stoploss,-48.7599,83.3994,-132.1593,24899.0801
NSE:MARUTI-EQ,long,2023-02-13T13:24:00+05:30,8818.7,2023-02-13T15:15:00+05:30,8806.0,2,time_exit,-25.4,73.3436,-98.7436,24813.7559
NSE:KOTAKBANK-EQ,long,2023-02-13T14:09:00+05:30,354.65,2023-02-13T15:15:00+05:30,354.58,69,time_exit,-4.83,83.4967,-88.3267,24566.3378
NSE:TITAN-EQ,long,2023-02-13T14:21:00+05:30,2517.2,2023-02-13T15:15:00+05:30,2520.0,9,time_exit,25.2,80.8265,-55.6265,24599.0379
NSE:LT-EQ,long,2023-02-13T15:03:00+05:30,2201.25,2023-02-13T15:15:00+05:30,2201.15,11,time_exit,-1.1,83.1183,-84.2183,24814.8618
NSE:RELIANCE-EQ,long,2023-02-13T15:06:00+05:30,1162.5,2023-02-13T15:15:00+05:30,1161.0,21,time_exit,-31.5,83.3891,-114.8891,24784.1911
NSE:HDFCBANK-EQ,long,2023-02-13T15:09:00+05:30,829.45,2023-02-13T15:15:00+05:30,829.25,30,time_exit,-6.0,84.1079,-90.1079,24808.9722
NSE:TCS-EQ,short,2023-02-13T15:15:00+05:30,3481.05,2023-02-13T15:18:00+05:30,3481.2,7,time_exit,-1.05,83.3477,-84.3977,24724.5744
NSE:INFY-EQ,short,2023-02-13T15:15:00+05:30,1567.0,2023-02-13T15:18:00+05:30,1567.0,15,time_exit,-0.0,82.0678,-82.0678,24726.9044
NSE:ICICIBANK-EQ,short,2023-02-13T15:18:00+05:30,850.5,2023-02-13T15:21:00+05:30,849.75,29,time_exit,21.75,83.7728,-62.0228,24664.8816
NSE:AXISBANK-EQ,short,2023-02-13T15:18:00+05:30,858.8,2023-02-13T15:21:00+05:30,859.65,28,time_exit,-23.8,82.8874,-106.6874,24620.217
NSE:ASIANPAINT-EQ,short,2023-02-13T15:27:00+05:30,2786.95,2023-02-14T09:15:00+05:30,2792.5239,8,stoploss,-44.5912,80.3046,-124.8958,24495.3212
NSE:ICICIBANK-EQ,long,2023-02-14T10:30:00+05:30,858.0,2023-02-14T10:42:00+05:30,856.284,28,stoploss,-48.048,82.7996,-130.8476,24364.4736
NSE:TCS-EQ,long,2023-02-14T10:21:00+05:30,3517.0,2023-02-14T11:00:00+05:30,3509.966,6,stoploss,-42.204,78.4697,-120.6737,24374.6475
NSE:BAJFINANCE-EQ,long,2023-02-14T10:48:00+05:30,637.86,2023-02-14T11:00:00+05:30,640.4114,38,target,96.9547,83.2329,13.7218,24378.1954
NSE:ICICIBANK-EQ,long,2023-02-14T10:45:00+05:30,857.35,2023-02-14T11:06:00+05:30,855.6353,28,stoploss,-48.0116,82.7727,-130.7843,24233.6893
NSE:BAJFINANCE-EQ,long,2023-02-14T11:12:00+05:30,640.66,2023-02-14T11:18:00+05:30,643.2226,37,target,94.8177,82.4387,12.379,24246.0683
NSE:INFY-EQ,long,2023-02-14T10:51:00+05:30,1592.3,2023-02-14T11:54:00+05:30,1589.1154,15,stoploss,-47.769,82.5929,-130.3619,24234.1117
NSE:ICICIBANK-EQ,long,2023-02-14T12:24:00+05:30,857.0,2023-02-14T12:48:00+05:30,860.428,28,target,95.984,82.8721,13.1119,24247.2235
NSE:SBIN-EQ,long,2023-02-14T12:39:00+05:30,534.45,2023-02-14T12:51:00+05:30,536.5878,45,target,96.201,82.9528,13.2482,24247.3599
NSE:SUNPHARMA-EQ,long,2023-02-14T12:24:00+05:30,1009.4,2023-02-14T13:09:00+05:30,1007.3812,24,stoploss,-48.4512,83.0984,-131.5496,24102.5621
NSE:TCS-EQ,long,2023-02-14T12:09:00+05:30,3520.3,2023-02-14T13:12:00+05:30,3513.2594,6,stoploss,-42.2436,78.4991,-120.7427,24113.369
NSE:ASIANPAINT-EQ,long,2023-02-14T12:06:00+05:30,2776.55,2023-02-14T13:15:00+05:30,2787.6562,8,target,88.8496,80.2207,8.6289,24242.7406
NSE:AXISBANK-EQ,long,2023-02-14T12:24:00+05:30,860.4,2023-02-14T13:21:00+05:30,863.8416,28,target,96.3648,83.0137,13.3511,24247.4628
NSE:BAJFINANCE-EQ,long,2023-02-14T12:33:00+05:30,643.9,2023-02-14T13:27:00+05:30,642.6122,37,stoploss,-47.6486,82.5037,-130.1523,24103.9594
NSE:SBIN-EQ,long,2023-02-14T12:57:00+05:30,535.85,2023-02-14T13:51:00+05:30,537.9934,45,target,96.453,83.0464,13.4066,24260.7664
NSE:MARUTI-EQ,long,2023-02-14T13:15:00+05:30,8820.05,2023-02-14T14:06:00+05:30,8802.4099,2,stoploss,-35.2802,73.3397,-108.6199,24134.1207
NSE:INFY-EQ,long,2023-02-14T12:48:00+05:30,1594.55,2023-02-14T14:12:00+05:30,1591.3609,15,stoploss,-47.8365,82.6429,-130.4794,24116.7441
NSE:HDFCBANK-EQ,long,2023-02-14T12:54:00+05:30,833.8,2023-02-14T14:21:00+05:30,837.1352,29,target,96.7208,83.146,13.5748,24260.9347
NSE:RELIANCE-EQ,long,2023-02-14T14:15:00+05:30,1189.08,2023-02-14T14:33:00+05:30,1186.7018,20,stoploss,-47.5632,82.4404,-130.0036,23986.7405
NSE:SUNPHARMA-EQ,long,2023-02-14T14:39:00+05:30,1009.6,2023-02-14T14:48:00+05:30,1007.5808,23,stoploss,-46.4416,81.6094,-128.051,23858.6894
NSE:TITAN-EQ,long,2023-02-14T12:21:00+05:30,2507.05,2023-02-14T15:03:00+05:30,2502.0359,9,stoploss,-45.1269,80.6353,-125.7622,24108.3494
NSE:LT-EQ,long,2023-02-14T15:00:00+05:30,2198.05,2023-02-14T15:03:00+05:30,2193.6539,10,stoploss,-43.961,79.7715,-123.7325,23734.9569
NSE:ASIANPAINT-EQ,long,2023-02-14T14:15:00+05:30,2783.85,2023-02-14T15:09:00+05:30,2778.2823,8,stoploss,-44.5416,80.2017,-124.7433,23992.0008
NSE:WIPRO-EQ,long,2023-02-14T11:00:00+05:30,202.45,2023-02-14T15:15:00+05:30,202.5,120,time_exit,6.0,83.243,-77.243,24300.9525
NSE:KOTAKBANK-EQ,long,2023-02-14T12:54:00+05:30,354.05,2023-02-14T15:15:00+05:30,354.07,68,time_exit,1.36,82.915,-81.555,24165.8049
NSE:RELIANCE-EQ,long,2023-02-14T14:45:00+05:30,1188.83,2023-02-14T15:15:00+05:30,1189.13,20,time_exit,6.0,82.4754,-76.4754,23910.265
NSE:AXISBANK-EQ,long,2023-02-14T15:06:00+05:30,870.8,2023-02-14T15:15:00+05:30,870.35,27,time_exit,-12.15,82.068,-94.218,23640.739
NSE:MARUTI-EQ,short,2023-02-14T15:18:00+05:30,8775.15,2023-02-14T15:21:00+05:30,8777.85,2,time_exit,-5.4,73.2382,-78.6382,23562.1008
NSE:MARUTI-EQ,short,2023-02-14T15:24:00+05:30,8777.85,2023-02-14T15:27:00+05:30,8779.8,2,time_exit,-3.9,73.2452,-77.1452,23484.9556
NSE:KOTAKBANK-EQ,long,2023-02-15T10:39:00+05:30,353.97,2023-02-15T11:06:00+05:30,355.3859,66,target,93.4481,81.9297,11.5184,23496.474
NSE:BAJFINANCE-EQ,long,2023-02-15T10:45:00+05:30,645.0,2023-02-15T11:09:00+05:30,647.58,36,target,92.88,81.7185,11.1615,23496.117
NSE:ICICIBANK-EQ,long,2023-02-15T10:36:00+05:30,862.9,2023-02-15T11:27:00+05:30,866.3516,27,target,93.1932,81.8349,11.3583,23496.3138
NSE:HDFCBANK-EQ,long,2023-02-15T10:42:00+05:30,836.15,2023-02-15T11:27:00+05:30,834.4777,28,stoploss,-46.8244,81.8931,-128.7175,23356.2381
NSE:AXISBANK-EQ,long,2023-02-15T11:24:00+05:30,869.55,2023-02-15T11:27:00+05:30,867.8109,27,stoploss,-46.9557,81.9903,-128.946,23367.171
NSE:SBIN-EQ,long,2023-02-15T10:45:00+05:30,542.3,2023-02-15T11:36:00+05:30,544.4692,43,target,93.2756,81.8656,11.41,23496.3656
NSE:SBIN-EQ,long,2023-02-15T11:39:00+05:30,544.0,2023-02-15T11:48:00+05:30,542.912,43,stoploss,-46.784,81.8631,-128.6471,23367.7185
NSE:ICICIBANK-EQ,long,2023-02-15T11:33:00+05:30,863.9,2023-02-15T12:00:00+05:30,862.1722,27,stoploss,-46.6506,81.7643,-128.4149,23238.7561
NSE:SBIN-EQ,long,2023-02-15T11:54:00+05:30,542.7,2023-02-15T12:06:00+05:30,541.6146,43,stoploss,-46.6722,81.7803,-128.4525,23239.266
NSE:MARUTI-EQ,long,2023-02-15T11:54:00+05:30,8886.9,2023-02-15T12:06:00+05:30,8869.1262,2,stoploss,-35.5476,73.5379,-109.0855,23258.633
NSE:TITAN-EQ,long,2023-02-15T11:24:00+05:30,2509.0,2023-02-15T12:09:00+05:30,2503.982,9,stoploss,-45.162,80.6614,-125.8234,23370.2937
NSE:RELIANCE-EQ,long,2023-02-15T11:57:00+05:30,1210.65,2023-02-15T12:09:00+05:30,1208.2287,19,stoploss,-46.0047,81.2857,-127.2904,23240.4281
NSE:AXISBANK-EQ,short,2023-02-15T12:06:00+05:30,866.0,2023-02-15T12:15:00+05:30,867.732,26,stoploss,-45.032,80.6318,-125.6638,23132.9692
NSE:BAJFINANCE-EQ,long,2023-02-15T11:30:00+05:30,646.72,2023-02-15T12:30:00+05:30,645.4266,36,stoploss,-46.5638,81.7,-128.2638,23238.9072
NSE:KOTAKBANK-EQ,long,2023-02-15T11:30:00+05:30,355.79,2023-02-15T12:33:00+05:30,357.2132,65,target,92.5054,81.5793,10.9261,23378.0971
NSE:AXISBANK-EQ,short,2023-02-15T12:36:00+05:30,867.25,2023-02-15T12:57:00+05:30,868.9845,26,stoploss,-45.097,80.6801,-125.7771,23252.32
NSE:BAJFINANCE-EQ,long,2023-02-15T12:51:00+05:30,647.21,2023-02-15T13:03:00+05:30,645.9156,36,stoploss,-46.5991,81.7261,-128.3253,23249.7718
NSE:LT-EQ,long,2023-02-15T13:06:00+05:30,2173.65,2023-02-15T13:21:00+05:30,2169.3027,10,stoploss,-43.473,79.4099,-122.8829,23126.8889
NSE:ASIANPAINT-EQ,long,2023-02-15T12:00:00+05:30,2779.1,2023-02-15T13:24:00+05:30,2790.2164,8,target,88.9312,80.251,8.6802,23247.4363
NSE:WIPRO-EQ,long,2023-02-15T12:03:00+05:30,202.05,2023-02-15T13:30:00+05:30,202.8582,115,target,92.943,81.742,11.201,23249.9572
NSE:TITAN-EQ,long,2023-02-15T12:57:00+05:30,2513.65,2023-02-15T13:30:00+05:30,2523.7046,9,target,90.4914,80.8308,9.6606,23261.9805
NSE:INFY-EQ,long,2023-02-15T11:45:00+05:30,1588.25,2023-02-15T14:00:00+05:30,1594.603,14,target,88.942,80.255,8.687,23505.0526
NSE:MARUTI-EQ,short,2023-02-15T13:51:00+05:30,8810.45,2023-02-15T14:03:00+05:30,8828.0709,2,stoploss,-35.2418,73.3636,-108.6054,23153.3752
NSE:TCS-EQ,long,2023-02-15T12:48:00+05:30,3492.3,2023-02-15T14:27:00+05:30,3506.2692,6,target,83.8152,78.3496,5.4656,23383.5626
NSE:ICICIBANK-EQ,long,2023-02-15T13:00:00+05:30,864.1,2023-02-15T14:30:00+05:30,862.3718,26,stoploss,-44.9332,80.4918,-125.425,23126.8949
NSE:ASIANPAINT-EQ,long,2023-02-15T14:27:00+05:30,2787.1,2023-02-15T14:45:00+05:30,2781.5258,8,stoploss,-44.5936,80.2402,-124.8338,23258.7288
NSE:HDFCBANK-EQ,short,2023-02-15T13:21:00+05:30,831.35,2023-02-15T15:00:00+05:30,833.0127,27,stoploss,-44.8929,80.5286,-125.4215,23001.4674
NSE:RELIANCE-EQ,long,2023-02-15T14:12:00+05:30,1210.58,2023-02-15T15:06:00+05:30,1215.4223,19,target,92.0041,81.393,10.6111,23163.9862
NSE:SUNPHARMA-EQ,short,2023-02-15T13:24:00+05:30,996.7,2023-02-15T15:15:00+05:30,995.55,23,time_exit,26.45,81.1878,-54.7378,23192.6986
NSE:INFY-EQ,long,2023-02-15T14:03:00+05:30,1593.8,2023-02-15T15:15:00+05:30,1596.85,14,time_exit,42.7,80.3337,-37.6337,23115.7415
NSE:LT-EQ,long,2023-02-15T14:15:00+05:30,2173.5,2023-02-15T15:15:00+05:30,2174.3,10,time_exit,8.0,79.4485,-71.4485,23081.9267
NSE:MARUTI-EQ,long,2023-02-15T15:03:00+05:30,8838.8,2023-02-15T15:15:00+05:30,8845.6,2,time_exit,13.6,73.4341,-59.8341,22941.6333
NSE:TITAN-EQ,long,2023-02-15T15:03:00+05:30,2524.95,2023-02-15T15:15:00+05:30,2523.4,9,time_exit,-13.95,80.899,-94.849,22906.6184
NSE:WIPRO-EQ,long,2023-02-15T15:09:00+05:30,203.75,2023-02-15T15:15:00+05:30,203.85,113,time_exit,11.3,81.3628,-70.0628,23093.9234
NSE:KOTAKBANK-EQ,long,2023-02-15T15:15:00+05:30,356.96,2023-02-15T15:18:00+05:30,357.16,64,time_exit,12.8,81.0995,-68.2995,23025.6239
NSE:LT-EQ,long,2023-02-15T15:18:00+05:30,2174.3,2023-02-15T15:21:00+05:30,2175.05,10,time_exit,7.5,79.4599,-71.9599,22953.6639
NSE:WIPRO-EQ,long,2023-02-15T15:21:00+05:30,203.8,2023-02-15T15:24:00+05:30,203.63,112,time_exit,-19.04,81.0449,-100.0849,22853.5791
NSE:INFY-EQ,long,2023-02-15T15:24:00+05:30,1596.9,2023-02-15T15:27:00+05:30,1597.0,14,time_exit,1.4,80.3653,-78.9653,22774.6137
NSE:INFY-EQ,long,2023-02-16T10:21:00+05:30,1609.45,2023-02-16T10:33:00+05:30,1606.2311,14,stoploss,-45.0646,80.5892,-125.6538,22648.9599
NSE:RELIANCE-EQ,long,2023-02-16T10:51:00+05:30,1228.7,2023-02-16T11:00:00+05:30,1226.2426,18,stoploss,-44.2332,79.9732,-124.2064,22524.7536
NSE:WIPRO-EQ,long,2023-02-16T11:06:00+05:30,206.15,2023-02-16T11:21:00+05:30,205.7377,109,stoploss,-44.9407,80.4974,-125.4381,22399.3155
NSE:INFY-EQ,long,2023-02-16T11:33:00+05:30,1608.65,2023-02-16T11:42:00+05:30,1605.4327,13,stoploss,-41.8249,78.1888,-120.0137,22279.3017
NSE:HDFCBANK-EQ,long,2023-02-16T11:00:00+05:30,839.28,2023-02-16T11:54:00+05:30,837.6014,26,stoploss,-43.6426,79.5356,-123.1781,22401.5754
NSE:MARUTI-EQ,long,2023-02-16T10:51:00+05:30,8854.0,2023-02-16T12:06:00+05:30,8836.292,2,stoploss,-35.416,73.4404,-108.8564,22540.1036
NSE:AXISBANK-EQ,short,2023-02-16T11:54:00+05:30,868.0,2023-02-16T12:15:00+05:30,864.528,25,target,86.8,79.3302,7.4698,22409.0453
NSE:SBIN-EQ,short,2023-02-16T12:36:00+05:30,541.5,2023-02-16T13:18:00+05:30,542.583,41,stoploss,-44.403,80.1649,-124.5679,22284.4774
NSE:HDFCBANK-EQ,short,2023-02-16T13:12:00+05:30,836.5,2023-02-16T13:21:00+05:30,838.173,26,stoploss,-43.498,79.493,-122.991,22286.0543
NSE:AXISBANK-EQ,short,2023-02-16T13:09:00+05:30,864.95,2023-02-16T13:27:00+05:30,866.6799,25,stoploss,-43.2475,79.307,-122.5545,22286.4907
NSE:KOTAKBANK-EQ,long,2023-02-16T10:27:00+05:30,358.77,2023-02-16T13:30:00+05:30,360.2051,63,target,90.41,80.8006,9.6094,22784.2232
NSE:SBIN-EQ,long,2023-02-16T13:27:00+05:30,542.8,2023-02-16T13:57:00+05:30,541.7144,41,stoploss,-44.5096,80.178,-124.6876,22161.8032
NSE:RELIANCE-EQ,short,2023-02-16T12:30:00+05:30,1220.8,2023-02-16T14:03:00+05:30,1215.9168,18,target,87.8976,79.7365,8.1611,22417.2064
NSE:LT-EQ,short,2023-02-16T12:09:00+05:30,2183.0,2023-02-16T14:12:00+05:30,2187.366,10,stoploss,-43.66,79.6133,-123.2733,22416.8303
NSE:WIPRO-EQ,long,2023-02-16T13:27:00+05:30,205.75,2023-02-16T14:24:00+05:30,205.3385,108,stoploss,-44.442,80.1279,-124.5699,22161.9208
NSE:MARUTI-EQ,short,2023-02-16T13:12:00+05:30,8840.05,2023-02-16T14:27:00+05:30,8804.6898,2,target,70.7204,73.3781,-2.6577,22406.3876
NSE:HDFCBANK-EQ,short,2023-02-16T14:00:00+05:30,836.03,2023-02-16T14:27:00+05:30,832.6859,26,target,86.9471,79.3846,7.5625,22169.3656
NSE:BAJFINANCE-EQ,short,2023-02-16T12:24:00+05:30,645.0,2023-02-16T14:30:00+05:30,642.42,34,target,87.72,79.6707,8.0493,22417.0945
NSE:BAJFINANCE-EQ,short,2023-02-16T14:42:00+05:30,642.65,2023-02-16T14:51:00+05:30,643.9353,34,stoploss,-43.7002,79.6431,-123.3433,22293.7512
NSE:BAJFINANCE-EQ,short,2023-02-16T14:54:00+05:30,644.07,2023-02-16T15:00:00+05:30,645.3581,34,stoploss,-43.7968,79.7148,-123.5115,22170.2397
NSE:SUNPHARMA-EQ,short,2023-02-16T12:15:00+05:30,1001.05,2023-02-16T15:03:00+05:30,997.0458,22,target,88.0924,79.8086,8.2838,22417.3291
NSE:TITAN-EQ,short,2023-02-16T14:15:00+05:30,2531.95,2023-02-16T15:09:00+05:30,2521.8222,8,target,81.0224,77.1915,3.8309,22420.6612
NSE:ICICIBANK-EQ,short,2023-02-16T13:09:00+05:30,871.4,2023-02-16T15:15:00+05:30,870.25,25,time_exit,28.75,79.4964,-50.7464,22358.2988
NSE:WIPRO-EQ,short,2023-02-16T14:33:00+05:30,205.58,2023-02-16T15:15:00+05:30,204.98,109,time_exit,65.4,80.3956,-14.9956,22402.099
NSE:SBIN-EQ,short,2023-02-16T14:39:00+05:30,541.4,2023-02-16T15:15:00+05:30,540.15,41,time_exit,51.25,80.0926,-28.8426,22388.2519
NSE:RELIANCE-EQ,short,2023-02-16T15:03:00+05:30,1215.53,2023-02-16T15:15:00+05:30,1214.72,18,time_exit,14.58,79.6465,-65.0665,22352.2626
NSE:MARUTI-EQ,short,2023-02-16T15:15:00+05:30,8804.85,2023-02-16T15:18:00+05:30,8801.15,2,time_exit,7.4,73.3175,-65.9175,22286.3452
NSE:ICICIBANK-EQ,short,2023-02-16T15:18:00+05:30,870.2,2023-02-16T15:21:00+05:30,870.3,25,time_exit,-2.5,79.4735,-81.9735,22204.3716
NSE:SUNPHARMA-EQ,short,2023-02-17T10:30:00+05:30,991.9,2023-02-17T10:36:00+05:30,993.8838,22,stoploss,-43.6436,79.6011,-123.2447,22081.1269
NSE:KOTAKBANK-EQ,short,2023-02-17T10:33:00+05:30,356.0,2023-02-17T10:57:00+05:30,354.576,62,target,88.288,79.881,8.407,22212.7787
NSE:HDFCBANK-EQ,short,2023-02-17T10:51:00+05:30,829.6,2023-02-17T11:15:00+05:30,831.2592,26,stoploss,-43.1392,79.2266,-122.3658,21958.7611
NSE:ICICIBANK-EQ,short,2023-02-17T10:33:00+05:30,863.7,2023-02-17T11:27:00+05:30,860.2452,25,target,86.37,79.171,7.199,22211.5706
NSE:SBIN-EQ,short,2023-02-17T11:06:00+05:30,536.05,2023-02-17T11:30:00+05:30,533.9058,41,target,87.9122,79.7419,8.1703,22220.949
NSE:INFY-EQ,short,2023-02-17T10:57:00+05:30,1588.2,2023-02-17T11:39:00+05:30,1591.3764,13,stoploss,-41.2932,77.8561,-119.1493,22093.6293
NSE:TCS-EQ,short,2023-02-17T10:57:00+05:30,3524.0,2023-02-17T11:45:00+05:30,3531.048,6,stoploss,-42.288,78.5947,-120.8827,22091.896
NSE:ICICIBANK-EQ,short,2023-02-17T11:33:00+05:30,860.8,2023-02-17T11:45:00+05:30,862.5216,25,stoploss,-43.04,79.153,-122.193,22098.756
NSE:RELIANCE-EQ,short,2023-02-17T11:15:00+05:30,1215.97,2023-02-17T11:54:00+05:30,1218.4019,18,stoploss,-43.7749,79.6986,-123.4735,21835.2876
NSE:ICICIBANK-EQ,short,2023-02-17T11:51:00+05:30,861.55,2023-02-17T12:03:00+05:30,863.2731,25,stoploss,-43.0775,79.1808,-122.2583,21976.4977
NSE:AXISBANK-EQ,short,2023-02-17T10:33:00+05:30,863.55,2023-02-17T12:12:00+05:30,860.0958,25,target,86.355,79.1655,7.1895,22211.5612
NSE:KOTAKBANK-EQ,short,2023-02-17T11:54:00+05:30,354.69,2023-02-17T12:15:00+05:30,353.2712,62,target,87.9631,79.7607,8.2024,21843.49
NSE:BAJFINANCE-EQ,short,2023-02-17T12:27:00+05:30,642.05,2023-02-17T12:33:00+05:30,643.3341,34,stoploss,-43.6594,79.6128,-123.2722,21720.2178
NSE:HDFCBANK-EQ,short,2023-02-17T12:12:00+05:30,828.23,2023-02-17T12:57:00+05:30,824.9171,26,target,86.1359,79.0844,7.0516,22218.6127
NSE:KOTAKBANK-EQ,short,2023-02-17T12:54:00+05:30,352.86,2023-02-17T12:57:00+05:30,351.4486,61,target,86.0978,79.0703,7.0276,21727.2454
NSE:AXISBANK-EQ,short,2023-02-17T12:54:00+05:30,857.9,2023-02-17T12:57:00+05:30,854.4684,25,target,85.79,78.9563,6.8337,21727.0515
NSE:SBIN-EQ,short,2023-02-17T12:39:00+05:30,532.3,2023-02-17T13:09:00+05:30,530.1708,40,target,85.168,78.7261,6.4419,21726.6598
NSE:SUNPHARMA-EQ,short,2023-02-17T12:42:00+05:30,991.45,2023-02-17T13:18:00+05:30,993.4329,21,stoploss,-41.6409,78.1143,-119.7552,21600.4626
NSE:TITAN-EQ,short,2023-02-17T11:36:00+05:30,2515.0,2023-02-17T13:30:00+05:30,2504.94,8,target,80.48,76.9907,3.4893,22224.4382
NSE:TCS-EQ,short,2023-02-17T12:24:00+05:30,3522.9,2023-02-17T13:30:00+05:30,3508.8084,6,target,84.5496,78.4972,6.0524,21849.5425
NSE:INFY-EQ,short,2023-02-17T12:33:00+05:30,1588.75,2023-02-17T14:09:00+05:30,1582.395,13,target,82.615,77.781,4.834,21725.0518
NSE:BAJFINANCE-EQ,short,2023-02-17T13:27:00+05:30,639.03,2023-02-17T14:24:00+05:30,640.3081,33,stoploss,-42.176,78.5115,-120.6875,21479.7751
NSE:HDFCBANK-EQ,short,2023-02-17T13:51:00+05:30,823.23,2023-02-17T14:24:00+05:30,824.8765,26,stoploss,-42.808,78.9807,-121.7887,21727.7538
NSE:TCS-EQ,short,2023-02-17T14:21:00+05:30,3507.0,2023-02-17T14:42:00+05:30,3492.972,6,target,84.168,78.3559,5.8121,21730.8639
NSE:SBIN-EQ,short,2023-02-17T14:45:00+05:30,528.8,2023-02-17T14:54:00+05:30,529.8576,41,stoploss,-43.3616,79.3917,-122.7533,21608.1106
NSE:WIPRO-EQ,short,2023-02-17T11:45:00+05:30,202.68,2023-02-17T15:00:00+05:30,203.0854,108,stoploss,-43.7789,79.7015,-123.4804,21975.2756
NSE:ASIANPAINT-EQ,short,2023-02-17T14:51:00+05:30,2825.25,2023-02-17T15:00:00+05:30,2830.9005,7,stoploss,-39.5535,76.5646,-116.1181,21614.7458
NSE:AXISBANK-EQ,short,2023-02-17T14:15:00+05:30,852.5,2023-02-17T15:09:00+05:30,854.205,25,stoploss,-42.625,78.8449,-121.4699,21603.5819
NSE:MARUTI-EQ,short,2023-02-17T13:42:00+05:30,8822.8,2023-02-17T15:15:00+05:30,8805.65,2,time_exit,34.3,73.3521,-39.0521,21810.4904
NSE:TITAN-EQ,short,2023-02-17T14:54:00+05:30,2499.15,2023-02-17T15:15:00+05:30,2504.1483,8,stoploss,-39.9864,76.886,-116.8724,21491.2382
NSE:LT-EQ,short,2023-02-17T15:00:00+05:30,2225.1,2023-02-17T15:15:00+05:30,2225.35,9,time_exit,-2.25,76.9084,-79.1584,21535.5874
NSE:RELIANCE-EQ,long,2023-02-17T15:24:00+05:30,1220.68,2023-02-17T15:27:00+05:30,1218.2386,17,stoploss,-41.5031,77.9504,-119.4535,21416.1339
NSE:BAJFINANCE-EQ,long,2023-02-17T15:24:00+05:30,642.21,2023-02-17T15:27:00+05:30,643.04,33,time_exit,27.39,78.6597,-51.2697,21484.3177
NSE:KOTAKBANK-EQ,long,2023-02-20T10:00:00+05:30,352.57,2023-02-20T10:03:00+05:30,351.8649,60,stoploss,-42.3084,78.5471,-120.8555,21363.4622
NSE:HDFCBANK-EQ,long,2023-02-20T10:27:00+05:30,832.85,2023-02-20T10:33:00+05:30,831.1843,25,stoploss,-41.6425,78.0537,-119.6962,21243.7661
NSE:HDFCBANK-EQ,long,2023-02-20T10:36:00+05:30,831.75,2023-02-20T10:39:00+05:30,830.0865,25,stoploss,-41.5875,78.0129,-119.6004,21124.1656
NSE:RELIANCE-EQ,short,2023-02-20T10:57:00+05:30,1214.0,2023-02-20T11:00:00+05:30,1216.428,17,stoploss,-41.276,77.8434,-119.1194,21005.0462
NSE:SUNPHARMA-EQ,short,2023-02-20T11:00:00+05:30,983.3,2023-02-20T11:03:00+05:30,985.2666,21,stoploss,-41.2986,77.8602,-119.1588,20885.8875
NSE:ASIANPAINT-EQ,short,2023-02-20T11:06:00+05:30,2825.0,2023-02-20T11:15:00+05:30,2830.65,7,stoploss,-39.55,76.562,-116.112,20769.7755
NSE:MARUTI-EQ,short,2023-02-20T10:42:00+05:30,8790.0,2023-02-20T11:21:00+05:30,8754.84,2,target,70.32,73.2299,-2.9099,21121.2557
NSE:BAJFINANCE-EQ,long,2023-02-20T11:18:00+05:30,642.4,2023-02-20T11:21:00+05:30,641.1152,32,stoploss,-41.1136,77.6618,-118.7754,20651.0001
NSE:AXISBANK-EQ,short,2023-02-20T11:00:00+05:30,854.5,2023-02-20T11:27:00+05:30,851.082,24,target,82.032,77.5652,4.4668,21009.513
NSE:KOTAKBANK-EQ,short,2023-02-20T11:27:00+05:30,351.1,2023-02-20T11:30:00+05:30,349.6956,58,target,81.4552,77.3517,4.1035,21013.6165
NSE:SBIN-EQ,short,2023-02-20T10:48:00+05:30,528.9,2023-02-20T11:39:00+05:30,526.7844,39,target,82.5084,77.7416,4.7668,21128.9324
NSE:ICICIBANK-EQ,short,2023-02-20T11:27:00+05:30,860.0,2023-02-20T11:39:00+05:30,856.56,24,target,82.56,77.7607,4.7993,21014.3123
NSE:KOTAKBANK-EQ,short,2023-02-20T11:39:00+05:30,349.77,2023-02-20T12:06:00+05:30,350.4695,60,stoploss,-41.9724,78.3604,-120.3328,20893.9795
NSE:ICICIBANK-EQ,short,2023-02-20T11:54:00+05:30,859.4,2023-02-20T12:09:00+05:30,855.9624,24,target,82.5024,77.7394,4.763,21019.0754
NSE:RELIANCE-EQ,long,2023-02-20T11:21:00+05:30,1219.25,2023-02-20T12:12:00+05:30,1216.8115,17,stoploss,-41.4545,77.9144,-119.3689,20531.6312
NSE:AXISBANK-EQ,short,2023-02-20T12:09:00+05:30,850.7,2023-02-20T12:12:00+05:30,847.2972,24,target,81.6672,77.4302,4.237,21023.3124
NSE:LT-EQ,short,2023-02-20T11:45:00+05:30,2230.25,2023-02-20T12:15:00+05:30,2221.329,9,target,80.289,76.92,3.369,21017.6813
NSE:HDFCBANK-EQ,short,2023-02-20T11:54:00+05:30,829.9,2023-02-20T12:15:00+05:30,826.5804,25,target,82.99,77.9199,5.0701,21019.3825
NSE:TCS-EQ,short,2023-02-20T11:06:00+05:30,3499.6,2023-02-20T12:18:00+05:30,3485.6016,5,target,69.992,73.1085,-3.1165,20882.771
NSE:SBIN-EQ,short,2023-02-20T11:45:00+05:30,527.25,2023-02-20T12:24:00+05:30,528.3045,39,stoploss,-41.1255,77.7316,-118.8571,20895.4552
NSE:LT-EQ,short,2023-02-20T12:21:00+05:30,2226.85,2023-02-20T12:42:00+05:30,2217.9426,9,target,80.1666,76.8747,3.2919,20886.0629
NSE:MARUTI-EQ,short,2023-02-20T12:33:00+05:30,8742.5,2023-02-20T12:42:00+05:30,8759.985,2,stoploss,-34.97,73.1618,-108.1318,20787.3234
NSE:WIPRO-EQ,short,2023-02-20T12:18:00+05:30,202.53,2023-02-20T12:48:00+05:30,202.9351,103,stoploss,-41.7212,78.1739,-119.8951,20762.876
NSE:BAJFINANCE-EQ,short,2023-02-20T12:18:00+05:30,640.85,2023-02-20T12:51:00+05:30,638.2866,32,target,82.0288,77.5641,4.4647,20887.2358
NSE:ICICIBANK-EQ,short,2023-02-20T12:24:00+05:30,859.25,2023-02-20T12:57:00+05:30,855.813,24,target,82.488,77.734,4.754,20900.2092
NSE:TITAN-EQ,short,2023-02-20T10:54:00+05:30,2490.15,2023-02-20T13:24:00+05:30,2480.1894,8,target,79.6848,76.6964,2.9884,21127.154
NSE:RELIANCE-EQ,short,2023-02-20T12:45:00+05:30,1215.03,2023-02-20T13:27:00+05:30,1210.1699,17,target,82.622,77.7836,4.8384,20792.1618
NSE:SBIN-EQ,short,2023-02-20T12:27:00+05:30,528.25,2023-02-20T13:39:00+05:30,526.137,39,target,82.407,77.704,4.703,20900.1581
NSE:LT-EQ,short,2023-02-20T13:09:00+05:30,2220.65,2023-02-20T13:39:00+05:30,2225.0913,9,stoploss,-39.9717,76.8751,-116.8468,20783.3624
NSE:BAJFINANCE-EQ,short,2023-02-20T13:30:00+05:30,639.93,2023-02-20T13:42:00+05:30,637.3703,32,target,81.911,77.5205,4.3906,20796.5524
NSE:SUNPHARMA-EQ,short,2023-02-20T13:06:00+05:30,983.5,2023-02-20T14:18:00+05:30,979.566,21,target,82.614,77.7807,4.8333,20905.0425
NSE:AXISBANK-EQ,short,2023-02-20T14:12:00+05:30,846.4,2023-02-20T14:27:00+05:30,843.0144,24,target,81.2544,77.2774,3.977,20800.5294
NSE:MARUTI-EQ,short,2023-02-20T12:45:00+05:30,8751.7,2023-02-20T15:00:00+05:30,8716.6932,2,target,70.0136,73.1165,-3.1029,20784.2205
NSE:ASIANPAINT-EQ,short,2023-02-20T12:27:00+05:30,2826.0,2023-02-20T15:15:00+05:30,2823.4,7,time_exit,18.2,76.5324,-58.3324,20837.1228
NSE:TCS-EQ,short,2023-02-20T12:51:00+05:30,3485.7,2023-02-20T15:15:00+05:30,3488.0,5,time_exit,-11.5,73.0617,-84.5617,20802.674
NSE:TITAN-EQ,short,2023-02-20T15:03:00+05:30,2473.45,2023-02-20T15:15:00+05:30,2473.3,8,time_exit,1.2,76.5525,-75.3525,20708.868
NSE:LT-EQ,long,2023-02-21T10:51:00+05:30,2252.9,2023-02-21T10:54:00+05:30,2248.3942,9,stoploss,-40.5522,77.2459,-117.7981,20591.07
NSE:HDFCBANK-EQ,long,2023-02-21T11:06:00+05:30,827.35,2023-02-21T11:15:00+05:30,830.6594,24,target,79.4256,76.7183,2.7073,20593.7773
NSE:TITAN-EQ,long,2023-02-21T11:15:00+05:30,2472.35,2023-02-21T11:33:00+05:30,2467.4053,8,stoploss,-39.5576,76.5089,-116.0665,20477.7108
NSE:LT-EQ,long,2023-02-21T10:57:00+05:30,2248.8,2023-02-21T11:42:00+05:30,2244.3024,9,stoploss,-40.4784,77.1912,-117.6696,20473.4004
NSE:AXISBANK-EQ,long,2023-02-21T11:06:00+05:30,844.65,2023-02-21T11:42:00+05:30,842.9607,24,stoploss,-40.5432,77.2392,-117.7824,20473.2876
NSE:RELIANCE-EQ,long,2023-02-21T11:21:00+05:30,1212.05,2023-02-21T11:45:00+05:30,1209.6259,16,stoploss,-38.7856,75.937,-114.7226,20479.0548
NSE:ICICIBANK-EQ,long,2023-02-21T11:06:00+05:30,856.75,2023-02-21T12:03:00+05:30,855.0365,24,stoploss,-41.124,77.6695,-118.7935,20472.2765
NSE:BAJFINANCE-EQ,long,2023-02-21T11:09:00+05:30,639.45,2023-02-21T12:09:00+05:30,638.1711,32,stoploss,-40.9248,77.5219,-118.4467,20472.6232
NSE:SBIN-EQ,long,2023-02-21T11:12:00+05:30,527.45,2023-02-21T12:09:00+05:30,526.3951,39,stoploss,-41.1411,77.6822,-118.8233,20472.2467
NSE:WIPRO-EQ,short,2023-02-21T11:39:00+05:30,201.9,2023-02-21T12:45:00+05:30,202.3038,101,stoploss,-40.7838,77.478,-118.2618,20359.449
NSE:AXISBANK-EQ,short,2023-02-21T12:42:00+05:30,837.8,2023-02-21T12:45:00+05:30,839.4756,24,stoploss,-40.2144,77.0552,-117.2696,20354.977
NSE:SUNPHARMA-EQ,short,2023-02-21T11:54:00+05:30,978.4,2023-02-21T12:48:00+05:30,974.4864,20,target,78.272,76.1734,2.0986,20481.1533
NSE:RELIANCE-EQ,short,2023-02-21T12:24:00+05:30,1209.1,2023-02-21T12:51:00+05:30,1211.5182,16,stoploss,-38.6912,75.9244,-114.6156,20357.6311
NSE:AXISBANK-EQ,short,2023-02-21T12:57:00+05:30,839.65,2023-02-21T13:09:00+05:30,841.3293,24,stoploss,-40.3032,77.1212,-117.4244,20240.2067
NSE:HDFCBANK-EQ,short,2023-02-21T13:00:00+05:30,821.53,2023-02-21T13:09:00+05:30,823.1731,24,stoploss,-39.4334,76.4755,-115.9089,20241.7222
NSE:TITAN-EQ,short,2023-02-21T13:12:00+05:30,2455.35,2023-02-21T13:33:00+05:30,2460.2607,8,stoploss,-39.2856,76.3657,-115.6513,20126.0709
NSE:KOTAKBANK-EQ,long,2023-02-21T13:30:00+05:30,347.62,2023-02-21T13:33:00+05:30,346.9248,58,stoploss,-40.3239,77.0767,-117.4006,20124.3215
NSE:ICICIBANK-EQ,short,2023-02-21T12:57:00+05:30,852.1,2023-02-21T13:45:00+05:30,853.8042,23,stoploss,-39.1966,76.2996,-115.4962,20242.1348
NSE:ASIANPAINT-EQ,short,2023-02-21T11:39:00+05:30,2809.0,2023-02-21T14:03:00+05:30,2814.618,7,stoploss,-39.326,76.3957,-115.7217,20361.9891
NSE:MARUTI-EQ,short,2023-02-21T11:45:00+05:30,8658.65,2023-02-21T14:15:00+05:30,8675.9673,2,stoploss,-34.6346,72.9128,-107.5474,20371.5074
NSE:WIPRO-EQ,long,2023-02-21T13:57:00+05:30,202.3,2023-02-21T14:18:00+05:30,201.8954,100,stoploss,-40.46,77.1776,-117.6376,20124.4973
NSE:INFY-EQ,short,2023-02-21T11:39:00+05:30,1586.05,2023-02-21T14:27:00+05:30,1579.7058,12,target,76.1304,75.3807,0.7497,20478.4605
NSE:TCS-EQ,short,2023-02-21T12:12:00+05:30,3473.95,2023-02-21T14:30:00+05:30,3460.0542,5,target,69.479,72.9186,-3.4396,20468.8071
NSE:BAJFINANCE-EQ,short,2023-02-21T12:39:00+05:30,637.24,2023-02-21T14:45:00+05:30,638.5145,32,stoploss,-40.7834,77.4776,-118.261,20353.9857
NSE:SBIN-EQ,short,2023-02-21T14:27:00+05:30,524.15,2023-02-21T14:45:00+05:30,525.1983,38,stoploss,-39.8354,76.7739,-116.6093,20361.8512
NSE:HDFCBANK-EQ,short,2023-02-21T14:30:00+05:30,823.08,2023-02-21T14:45:00+05:30,824.7262,24,stoploss,-39.5078,76.5307,-116.0385,20352.7686
NSE:KOTAKBANK-EQ,short,2023-02-21T15:03:00+05:30,345.88,2023-02-21T15:06:00+05:30,346.5718,58,stoploss,-40.1221,76.9867,-117.1088,20235.6598
NSE:KOTAKBANK-EQ,short,2023-02-21T15:09:00+05:30,345.87,2023-02-21T15:15:00+05:30,346.11,58,time_exit,-13.92,76.9677,-90.8877,20144.7721
NSE:SUNPHARMA-EQ,short,2023-02-21T15:15:00+05:30,971.0,2023-02-21T15:18:00+05:30,972.0,20,time_exit,-20.0,76.0219,-96.0219,20048.7502
NSE:SBIN-EQ,short,2023-02-22T09:15:00+05:30,520.75,2023-02-22T09:24:00+05:30,518.667,38,target,79.154,76.4999,2.6541,20051.4043
NSE:KOTAKBANK-EQ,short,2023-02-22T10:24:00+05:30,342.8,2023-02-22T10:30:00+05:30,343.4856,58,stoploss,-39.7648,76.7215,-116.4863,19934.9181
NSE:LT-EQ,short,2023-02-22T10:30:00+05:30,2214.1,2023-02-22T10:36:00+05:30,2218.5282,9,stoploss,-39.8538,76.7875,-116.6413,19818.2767
NSE:HDFCBANK-EQ,short,2023-02-22T10:24:00+05:30,818.5,2023-02-22T10:42:00+05:30,815.226,24,target,78.576,76.286,2.29,20053.6944
NSE:ASIANPAINT-EQ,short,2023-02-22T10:42:00+05:30,2789.0,2023-02-22T10:57:00+05:30,2794.578,7,stoploss,-39.046,76.1878,-115.2338,19938.4606
NSE:ICICIBANK-EQ,short,2023-02-22T10:24:00+05:30,850.05,2023-02-22T11:00:00+05:30,846.6498,23,target,78.2046,76.1485,2.0561,20053.4605
NSE:KOTAKBANK-EQ,short,2023-02-22T10:45:00+05:30,342.76,2023-02-22T11:00:00+05:30,343.4455,58,stoploss,-39.7602,76.718,-116.4782,19937.2162
NSE:AXISBANK-EQ,short,2023-02-22T10:54:00+05:30,834.85,2023-02-22T11:00:00+05:30,831.5106,24,target,80.1456,76.867,3.2786,20056.973
NSE:LT-EQ,short,2023-02-22T11:00:00+05:30,2217.05,2023-02-22T11:06:00+05:30,2221.4841,8,stoploss,-35.4728,73.5351,-109.0079,19947.9651
NSE:MARUTI-EQ,short,2023-02-22T11:09:00+05:30,8660.05,2023-02-22T11:12:00+05:30,8677.3701,2,stoploss,-34.6402,72.9169,-107.5571,19840.408
NSE:KOTAKBANK-EQ,short,2023-02-22T11:03:00+05:30,342.8,2023-02-22T11:39:00+05:30,341.4288,58,target,79.5296,76.6389,2.8907,20059.8637
NSE:RELIANCE-EQ,short,2023-02-22T11:21:00+05:30,1198.0,2023-02-22T11:39:00+05:30,1200.396,16,stoploss,-38.336,75.6607,-113.9967,19726.4113
NSE:BAJFINANCE-EQ,short,2023-02-22T11:36:00+05:30,622.75,2023-02-22T11:51:00+05:30,623.9955,31,stoploss,-38.6105,75.8645,-114.475,19725.933
NSE:SUNPHARMA-EQ,short,2023-02-22T12:15:00+05:30,970.65,2023-02-22T12:18:00+05:30,972.5913,20,stoploss,-38.826,76.0245,-114.8505,19611.0825
NSE:LT-EQ,short,2023-02-22T11:09:00+05:30,2222.0,2023-02-22T12:36:00+05:30,2213.112,8,target,71.104,73.5201,-2.4161,19945.5491
NSE:MARUTI-EQ,short,2023-02-22T11:15:00+05:30,8678.0,2023-02-22T12:39:00+05:30,8643.288,2,target,69.424,72.8982,-3.4742,19836.9338
NSE:HDFCBANK-EQ,short,2023-02-22T12:12:00+05:30,812.8,2023-02-22T12:39:00+05:30,809.5488,24,target,78.0288,76.0834,1.9454,19727.8784
NSE:TITAN-EQ,short,2023-02-22T11:06:00+05:30,2442.0,2023-02-22T12:45:00+05:30,2432.232,8,target,78.144,76.126,2.018,19949.9831
NSE:AXISBANK-EQ,short,2023-02-22T12:09:00+05:30,835.35,2023-02-22T12:48:00+05:30,837.0207,23,stoploss,-38.4261,75.7276,-114.1537,19611.7793
NSE:SUNPHARMA-EQ,short,2023-02-22T12:30:00+05:30,970.5,2023-02-22T12:54:00+05:30,972.441,20,stoploss,-38.82,76.02,-114.84,19496.2425
NSE:BAJFINANCE-EQ,short,2023-02-22T12:54:00+05:30,621.2,2023-02-22T13:03:00+05:30,622.4424,31,stoploss,-38.5144,75.7932,-114.3076,19381.9349
NSE:TCS-EQ,short,2023-02-22T11:51:00+05:30,3430.2,2023-02-22T13:12:00+05:30,3416.4792,5,target,68.604,72.5947,-3.9907,19721.9423
NSE:ICICIBANK-EQ,short,2023-02-22T12:12:00+05:30,843.5,2023-02-22T13:27:00+05:30,840.126,23,target,77.602,75.9254,1.6766,19727.6096
NSE:RELIANCE-EQ,short,2023-02-22T11:57:00+05:30,1197.58,2023-02-22T13:30:00+05:30,1192.7897,16,target,76.6451,75.5712,1.0739,19727.0069
NSE:HDFCBANK-EQ,short,2023-02-22T13:06:00+05:30,810.65,2023-02-22T13:33:00+05:30,807.4074,23,target,74.5798,74.8067,-0.2269,19381.708
NSE:MARUTI-EQ,short,2023-02-22T12:57:00+05:30,8636.1,2023-02-22T13:42:00+05:30,8601.5556,2,target,69.0888,72.7741,-3.6853,19492.5571
NSE:BAJFINANCE-EQ,short,2023-02-22T13:06:00+05:30,622.4,2023-02-22T13:45:00+05:30,619.9104,31,target,77.1776,75.7683,1.4093,19383.3442
NSE:WIPRO-EQ,short,2023-02-22T11:33:00+05:30,198.58,2023-02-22T14:03:00+05:30,197.7857,99,target,78.6377,76.3088,2.3289,19842.7369
NSE:SBIN-EQ,short,2023-02-22T11:24:00+05:30,516.4,2023-02-22T14:06:00+05:30,514.3344,38,target,78.4928,76.2552,2.2376,19842.6457
NSE:AXISBANK-EQ,short,2023-02-22T13:51:00+05:30,833.75,2023-02-22T14:06:00+05:30,830.415,23,target,76.705,75.5934,1.1116,19384.4558
NSE:SUNPHARMA-EQ,short,2023-02-22T14:00:00+05:30,970.05,2023-02-22T14:21:00+05:30,971.9901,19,stoploss,-36.8619,74.5663,-111.4282,19271.916
NSE:ASIANPAINT-EQ,short,2023-02-22T13:42:00+05:30,2793.5,2023-02-22T14:30:00+05:30,2799.087,6,stoploss,-33.522,72.0868,-105.6088,19386.9484
NSE:ICICIBANK-EQ,short,2023-02-22T13:30:00+05:30,841.6,2023-02-22T14:33:00+05:30,843.2832,23,stoploss,-38.7136,75.941,-114.6546,19612.3523
NSE:ASIANPAINT-EQ,long,2023-02-22T15:00:00+05:30,2798.35,2023-02-22T15:03:00+05:30,2792.7533,7,stoploss,-39.1769,76.2269,-115.4038,19496.9485
NSE:RELIANCE-EQ,short,2023-02-22T14:36:00+05:30,1194.0,2023-02-22T15:06:00+05:30,1189.224,16,target,76.416,75.4864,0.9296,19613.2819
NSE:INFY-EQ,short,2023-02-22T15:06:00+05:30,1561.05,2023-02-22T15:12:00+05:30,1564.1721,12,stoploss,-37.4652,75.0142,-112.4794,19500.8024
NSE:WIPRO-EQ,short,2023-02-22T14:06:00+05:30,197.78,2023-02-22T15:15:00+05:30,197.63,100,time_exit,15.0,76.5287,-61.5287,19322.9271
NSE:WIPRO-EQ,short,2023-02-22T15:18:00+05:30,197.63,2023-02-22T15:21:00+05:30,197.65,97,time_exit,-1.94,75.6387,-77.5787,19245.3485
NSE:KOTAKBANK-EQ,long,2023-02-23T10:45:00+05:30,342.29,2023-02-23T10:51:00+05:30,341.6054,56,stoploss,-38.3365,75.6042,-113.9407,19131.4078
NSE:ICICIBANK-EQ,long,2023-02-23T10:48:00+05:30,840.35,2023-02-23T10:51:00+05:30,838.6693,22,stoploss,-36.9754,74.5958,-111.5712,19133.7773
NSE:MARUTI-EQ,long,2023-02-23T10:33:00+05:30,8665.0,2023-02-23T10:57:00+05:30,8647.67,2,stoploss,-34.66,72.8802,-107.5402,19137.8082
NSE:KOTAKBANK-EQ,long,2023-02-23T10:54:00+05:30,341.53,2023-02-23T10:57:00+05:30,340.8469,56,stoploss,-38.2514,75.5411,-113.7925,19019.9848
NSE:SUNPHARMA-EQ,long,2023-02-23T10:39:00+05:30,972.0,2023-02-23T11:54:00+05:30,970.056,19,stoploss,-36.936,74.5666,-111.5026,19133.8459
NSE:RELIANCE-EQ,long,2023-02-23T11:21:00+05:30,1196.47,2023-02-23T11:57:00+05:30,1194.0771,15,stoploss,-35.8941,73.7946,-109.6887,18910.2961
NSE:KOTAKBANK-EQ,long,2023-02-23T11:00:00+05:30,340.78,2023-02-23T12:06:00+05:30,340.0984,55,stoploss,-37.4858,74.9739,-112.4597,18907.5251
NSE:TCS-EQ,long,2023-02-23T11:18:00+05:30,3445.7,2023-02-23T12:09:00+05:30,3438.8086,5,stoploss,-34.457,72.7298,-107.1868,18912.798
NSE:RELIANCE-EQ,long,2023-02-23T12:00:00+05:30,1195.45,2023-02-23T12:09:00+05:30,1193.0591,15,stoploss,-35.8635,73.7719,-109.6354,18800.6607
NSE:TITAN-EQ,short,2023-02-23T11:03:00+05:30,2402.4,2023-02-23T12:21:00+05:30,2392.7904,7,target,67.2672,72.0998,-4.8326,19015.1522
NSE:ICICIBANK-EQ,short,2023-02-23T12:15:00+05:30,835.85,2023-02-23T12:33:00+05:30,837.5217,22,stoploss,-36.7774,74.5036,-111.281,18689.3797
NSE:SBIN-EQ,short,2023-02-23T12:15:00+05:30,516.25,2023-02-23T12:36:00+05:30,517.2825,36,stoploss,-37.17,74.7951,-111.9651,18688.6956
NSE:LT-EQ,short,2023-02-23T11:09:00+05:30,2182.0,2023-02-23T12:42:00+05:30,2173.272,8,target,69.824,73.0463,-3.2223,19016.7625
NSE:ICICIBANK-EQ,short,2023-02-23T12:36:00+05:30,835.4,2023-02-23T12:45:00+05:30,837.0708,22,stoploss,-36.7576,74.4889,-111.2465,18577.4491
NSE:HDFCBANK-EQ,short,2023-02-23T12:36:00+05:30,798.78,2023-02-23T12:51:00+05:30,800.3776,23,stoploss,-36.7439,74.4787,-111.2226,18577.473
NSE:MARUTI-EQ,long,2023-02-23T11:42:00+05:30,8678.3,2023-02-23T12:54:00+05:30,8713.0132,2,target,69.4264,73.0021,-3.5757,19016.4091
NSE:SBIN-EQ,short,2023-02-23T12:39:00+05:30,516.9,2023-02-23T12:54:00+05:30,517.9338,36,stoploss,-37.2168,74.8298,-112.0466,18576.649
NSE:INFY-EQ,short,2023-02-23T12:12:00+05:30,1558.0,2023-02-23T13:09:00+05:30,1561.116,12,stoploss,-37.392,74.9599,-112.3519,18688.3088
NSE:SUNPHARMA-EQ,short,2023-02-23T12:48:00+05:30,968.85,2023-02-23T13:09:00+05:30,970.7877,19,stoploss,-36.8163,74.5325,-111.3488,18466.1003
NSE:TITAN-EQ,short,2023-02-23T13:06:00+05:30,2388.5,2023-02-23T13:09:00+05:30,2393.277,7,stoploss,-33.439,72.0252,-105.4642,18471.1848
NSE:LT-EQ,short,2023-02-23T13:09:00+05:30,2173.0,2023-02-23T13:12:00+05:30,2177.346,8,stoploss,-34.768,73.0118,-107.7798,18363.405
NSE:ASIANPAINT-EQ,short,2023-02-23T12:12:00+05:30,2728.0,2023-02-23T13:42:00+05:30,2733.456,6,stoploss,-32.736,71.5033,-104.2393,18696.4214
NSE:BAJFINANCE-EQ,long,2023-02-23T10:42:00+05:30,621.96,2023-02-23T13:45:00+05:30,624.4478,30,target,74.6352,74.9379,-0.3027,19245.0457
NSE:HDFCBANK-EQ,long,2023-02-23T13:45:00+05:30,801.95,2023-02-23T13:54:00+05:30,800.3461,23,stoploss,-36.8897,74.5323,-111.422,19133.6238
NSE:BAJFINANCE-EQ,long,2023-02-23T13:57:00+05:30,624.8,2023-02-23T14:06:00+05:30,623.5504,30,stoploss,-37.488,74.9755,-112.4635,19021.1602
NSE:HDFCBANK-EQ,long,2023-02-23T14:00:00+05:30,801.83,2023-02-23T14:15:00+05:30,805.0373,23,target,73.7684,74.6158,-0.8474,19132.7764
NSE:BAJFINANCE-EQ,long,2023-02-23T14:09:00+05:30,623.85,2023-02-23T14:18:00+05:30,622.6023,30,stoploss,-37.431,74.9333,-112.3643,18908.7959
NSE:LT-EQ,short,2023-02-23T14:33:00+05:30,2176.85,2023-02-23T14:36:00+05:30,2168.1426,8,target,69.6592,72.9853,-3.3261,18905.4698
NSE:WIPRO-EQ,short,2023-02-23T12:09:00+05:30,198.03,2023-02-23T14:45:00+05:30,197.2379,95,target,75.2514,75.0553,0.1961,18800.8568
NSE:MARUTI-EQ,long,2023-02-23T14:27:00+05:30,8727.65,2023-02-23T15:03:00+05:30,8710.1947,2,stoploss,-34.9106,73.0659,-107.9765,18800.8194
NSE:RELIANCE-EQ,short,2023-02-23T14:33:00+05:30,1190.28,2023-02-23T15:03:00+05:30,1185.5189,15,target,71.4168,73.6359,-2.2191,18906.5768
NSE:INFY-EQ,short,2023-02-23T14:36:00+05:30,1557.2,2023-02-23T15:03:00+05:30,1550.9712,12,target,74.7456,74.8681,-0.1225,18905.3474
NSE:TCS-EQ,short,2023-02-23T14:42:00+05:30,3424.3,2023-02-23T15:09:00+05:30,3410.6028,5,target,68.486,72.551,-4.065,18901.4048
NSE:TITAN-EQ,short,2023-02-23T15:15:00+05:30,2393.45,2023-02-23T15:18:00+05:30,2391.9,7,time_exit,10.85,72.0459,-61.1959,18840.2089
NSE:ICICIBANK-EQ,long,2023-02-24T10:24:00+05:30,843.25,2023-02-24T10:30:00+05:30,841.5635,22,stoploss,-37.103,74.6903,-111.7933,18728.4156
NSE:SUNPHARMA-EQ,long,2023-02-24T10:03:00+05:30,980.5,2023-02-24T10:33:00+05:30,978.539,19,stoploss,-37.259,74.8059,-112.0649,18728.144
NSE:AXISBANK-EQ,long,2023-02-24T10:18:00+05:30,852.5,2023-02-24T10:36:00+05:30,850.795,22,stoploss,-37.51,74.9918,-112.5018,18727.7071
NSE:ICICIBANK-EQ,long,2023-02-24T10:33:00+05:30,844.5,2023-02-24T10:36:00+05:30,842.811,22,stoploss,-37.158,74.731,-111.889,18616.255
NSE:HDFCBANK-EQ,short,2023-02-24T10:36:00+05:30,798.88,2023-02-24T11:00:00+05:30,795.6845,23,target,73.497,74.4059,-0.9089,18615.3461
NSE:LT-EQ,short,2023-02-24T10:57:00+05:30,2161.25,2023-02-24T11:00:00+05:30,2165.5725,8,stoploss,-34.58,72.8723,-107.4523,18508.8027
NSE:ICICIBANK-EQ,short,2023-02-24T11:03:00+05:30,838.75,2023-02-24T11:06:00+05:30,840.4275,22,stoploss,-36.905,74.5983,-111.5033,18397.2994
NSE:LT-EQ,short,2023-02-24T11:09:00+05:30,2159.8,2023-02-24T11:18:00+05:30,2164.1196,8,stoploss,-34.5568,72.855,-107.4118,18289.8876
NSE:KOTAKBANK-EQ,short,2023-02-24T11:24:00+05:30,342.1,2023-02-24T11:30:00+05:30,342.7842,53,stoploss,-36.2626,74.1214,-110.384,18179.5036
NSE:SBIN-EQ,short,2023-02-24T11:48:00+05:30,521.05,2023-02-24T11:54:00+05:30,522.0921,34,stoploss,-35.4314,73.5043,-108.9357,18070.5678
NSE:LT-EQ,short,2023-02-24T11:30:00+05:30,2162.9,2023-02-24T11:57:00+05:30,2154.2484,8,target,69.2128,72.82,-3.6072,18175.8963
NSE:WIPRO-EQ,short,2023-02-24T11:00:00+05:30,197.33,2023-02-24T12:03:00+05:30,197.7247,94,stoploss,-37.098,74.7416,-111.8397,18396.9631
NSE:MARUTI-EQ,short,2023-02-24T10:36:00+05:30,8690.15,2023-02-24T12:15:00+05:30,8655.3894,2,target,69.5212,72.9342,-3.413,18612.842
NSE:HDFCBANK-EQ,short,2023-02-24T11:09:00+05:30,799.28,2023-02-24T12:15:00+05:30,796.0829,23,target,73.5338,74.4195,-0.8857,18396.4137
NSE:TITAN-EQ,short,2023-02-24T11:30:00+05:30,2392.45,2023-02-24T12:15:00+05:30,2382.8802,7,target,66.9886,71.9967,-5.0081,18174.4954
NSE:MARUTI-EQ,short,2023-02-24T12:18:00+05:30,8658.5,2023-02-24T12:33:00+05:30,8623.866,2,target,69.268,72.8405,-3.5725,18170.923
NSE:TCS-EQ,short,2023-02-24T11:39:00+05:30,3420.0,2023-02-24T12:42:00+05:30,3406.32,5,target,68.4,72.5192,-4.1192,18175.3844
NSE:KOTAKBANK-EQ,short,2023-02-24T12:15:00+05:30,342.05,2023-02-24T12:51:00+05:30,340.6818,53,target,72.5146,74.0422,-1.5276,18172.9678
NSE:BAJFINANCE-EQ,short,2023-02-24T12:27:00+05:30,624.5,2023-02-24T12:54:00+05:30,622.002,29,target,72.442,74.0154,-1.5734,18172.9221
NSE:RELIANCE-EQ,short,2023-02-24T12:03:00+05:30,1189.65,2023-02-24T13:06:00+05:30,1184.8914,15,target,71.379,73.6219,-2.2429,18394.7202
NSE:TITAN-EQ,short,2023-02-24T12:21:00+05:30,2381.95,2023-02-24T13:18:00+05:30,2386.7139,7,stoploss,-33.3473,71.9571,-105.3044,18069.191
NSE:INFY-EQ,short,2023-02-24T11:15:00+05:30,1554.2,2023-02-24T13:24:00+05:30,1547.9832,11,target,68.3848,72.5135,-4.1287,18393.1707
NSE:MARUTI-EQ,short,2023-02-24T13:18:00+05:30,8635.0,2023-02-24T13:42:00+05:30,8652.27,2,stoploss,-34.54,72.8426,-107.3826,17961.8085
NSE:TITAN-EQ,short,2023-02-24T13:21:00+05:30,2383.95,2023-02-24T13:42:00+05:30,2388.7179,7,stoploss,-33.3753,71.9779,-105.3532,17963.8379
NSE:HDFCBANK-EQ,short,2023-02-24T12:18:00+05:30,796.65,2023-02-24T13:45:00+05:30,798.2433,22,stoploss,-35.0526,73.2231,-108.2757,18066.2197
NSE:RELIANCE-EQ,short,2023-02-24T13:12:00+05:30,1185.9,2023-02-24T13:45:00+05:30,1188.2718,15,stoploss,-35.577,73.6124,-109.1894,18285.5307
NSE:KOTAKBANK-EQ,short,2023-02-24T13:06:00+05:30,340.66,2023-02-24T13:48:00+05:30,341.3413,53,stoploss,-36.11,74.0081,-110.1181,18284.6021
NSE:BAJFINANCE-EQ,short,2023-02-24T13:42:00+05:30,622.86,2023-02-24T14:00:00+05:30,624.1057,29,stoploss,-36.1259,74.0199,-110.1458,17853.6921
NSE:SBIN-EQ,short,2023-02-24T12:48:00+05:30,522.05,2023-02-24T14:06:00+05:30,519.9618,34,target,70.9988,73.4811,-2.4823,18172.902
NSE:SBIN-EQ,short,2023-02-24T14:15:00+05:30,520.05,2023-02-24T14:27:00+05:30,517.9698,34,target,70.7268,73.3805,-2.6537,18170.2484
NSE:INFY-EQ,short,2023-02-24T14:18:00+05:30,1547.55,2023-02-24T14:30:00+05:30,1550.6451,11,stoploss,-34.0461,72.4759,-106.522,18066.3801
NSE:TCS-EQ,short,2023-02-24T14:21:00+05:30,3393.2,2023-02-24T14:39:00+05:30,3399.9864,5,stoploss,-33.932,72.3912,-106.3232,18066.5789
NSE:SUNPHARMA-EQ,short,2023-02-24T13:39:00+05:30,966.95,2023-02-24T15:03:00+05:30,968.8839,19,stoploss,-36.7441,74.4789,-111.223,18281.9477
NSE:RELIANCE-EQ,short,2023-02-24T14:54:00+05:30,1187.55,2023-02-24T15:03:00+05:30,1189.9251,15,stoploss,-35.6265,73.6492,-109.2757,17957.3032
NSE:BAJFINANCE-EQ,short,2023-02-24T14:57:00+05:30,622.33,2023-02-24T15:03:00+05:30,623.5747,29,stoploss,-36.0951,73.9971,-110.0922,17956.4866
NSE:WIPRO-EQ,short,2023-02-24T13:33:00+05:30,197.03,2023-02-24T15:15:00+05:30,196.53,93,time_exit,46.5,74.3497,-27.8497,18365.321
NSE:ASIANPAINT-EQ,short,2023-02-24T14:30:00+05:30,2740.95,2023-02-24T15:15:00+05:30,2738.45,6,time_exit,15.0,71.5855,-56.5855,18009.7946
NSE:SUNPHARMA-EQ,short,2023-02-27T10:24:00+05:30,964.7,2023-02-27T10:51:00+05:30,960.8412,18,target,69.4584,72.9109,-3.4525,18006.342
NSE:LT-EQ,short,2023-02-27T10:42:00+05:30,2107.0,2023-02-27T10:54:00+05:30,2098.572,8,target,67.424,72.1579,-4.7339,18005.0607
NSE:TCS-EQ,short,2023-02-27T10:51:00+05:30,3329.3,2023-02-27T10:54:00+05:30,3335.9586,5,stoploss,-33.293,71.9168,-105.2098,17901.1322
NSE:TITAN-EQ,short,2023-02-27T10:36:00+05:30,2380.0,2023-02-27T10:57:00+05:30,2384.76,7,stoploss,-33.32,71.9368,-105.2568,17904.5377
NSE:WIPRO-EQ,short,2023-02-27T10:54:00+05:30,193.53,2023-02-27T10:57:00+05:30,193.9171,93,stoploss,-35.9966,73.9239,-109.9205,17791.2117
NSE:ASIANPAINT-EQ,short,2023-02-27T10:54:00+05:30,2736.1,2023-02-27T10:57:00+05:30,2741.5722,6,stoploss,-32.8332,71.5754,-104.4086,17796.7236
NSE:HDFCBANK-EQ,short,2023-02-27T10:27:00+05:30,793.33,2023-02-27T11:00:00+05:30,794.9167,22,stoploss,-34.9065,73.1147,-108.0212,17901.7734
NSE:TCS-EQ,short,2023-02-27T10:57:00+05:30,3336.95,2023-02-27T11:00:00+05:30,3343.6239,5,stoploss,-33.3695,71.9736,-105.3431,17691.3805
NSE:AXISBANK-EQ,short,2023-02-27T10:30:00+05:30,847.9,2023-02-27T11:06:00+05:30,849.5958,21,stoploss,-35.6118,73.6383,-109.2501,17900.5445
NSE:BAJFINANCE-EQ,short,2023-02-27T11:00:00+05:30,616.94,2023-02-27T11:06:00+05:30,618.1739,28,stoploss,-34.5486,72.849,-107.3976,17583.9829
NSE:TITAN-EQ,short,2023-02-27T11:00:00+05:30,2387.55,2023-02-27T11:06:00+05:30,2392.3251,7,stoploss,-33.4257,72.0153,-105.441,17585.9395
NSE:ICICIBANK-EQ,short,2023-02-27T11:03:00+05:30,839.95,2023-02-27T11:06:00+05:30,841.6299,21,stoploss,-35.2779,73.3904,-108.6683,17582.7123
NSE:SUNPHARMA-EQ,short,2023-02-27T11:00:00+05:30,962.25,2023-02-27T11:12:00+05:30,964.1745,18,stoploss,-34.641,72.9175,-107.5585,17583.822
NSE:ICICIBANK-EQ,long,2023-02-27T11:15:00+05:30,845.2,2023-02-27T11:36:00+05:30,848.5808,20,target,67.616,72.3293,-4.7133,17579.1087
NSE:HDFCBANK-EQ,long,2023-02-27T11:18:00+05:30,794.88,2023-02-27T11:39:00+05:30,798.0595,22,target,69.9494,73.1965,-3.247,17580.575
NSE:TITAN-EQ,long,2023-02-27T11:39:00+05:30,2394.35,2023-02-27T11:42:00+05:30,2389.5613,7,stoploss,-33.5209,72.0362,-105.5571,17475.0178
NSE:SBIN-EQ,long,2023-02-27T11:15:00+05:30,524.8,2023-02-27T11:54:00+05:30,526.8992,33,target,69.2736,72.9453,-3.6717,17580.1503
NSE:HDFCBANK-EQ,long,2023-02-27T12:00:00+05:30,798.0,2023-02-27T12:03:00+05:30,796.404,22,stoploss,-35.112,73.2151,-108.3271,17471.8232
NSE:LT-EQ,short,2023-02-27T11:09:00+05:30,2101.85,2023-02-27T12:06:00+05:30,2093.4426,8,target,67.2592,72.0969,-4.8377,17577.8746
NSE:ASIANPAINT-EQ,long,2023-02-27T12:06:00+05:30,2746.45,2023-02-27T12:09:00+05:30,2740.9571,6,stoploss,-32.9574,71.6187,-104.5761,17473.2984
NSE:WIPRO-EQ,short,2023-02-27T12:15:00+05:30,193.15,2023-02-27T12:18:00+05:30,193.5363,90,stoploss,-34.767,73.0111,-107.7781,17365.5203
NSE:AXISBANK-EQ,long,2023-02-27T12:00:00+05:30,853.0,2023-02-27T12:48:00+05:30,856.412,20,target,68.24,72.5612,-4.3212,17575.8291
NSE:BAJFINANCE-EQ,short,2023-02-27T12:42:00+05:30,615.04,2023-02-27T12:48:00+05:30,616.2701,28,stoploss,-34.4422,72.77,-107.2122,17258.3081
NSE:WIPRO-EQ,short,2023-02-27T12:21:00+05:30,193.73,2023-02-27T12:57:00+05:30,194.1175,89,stoploss,-34.4839,72.8009,-107.2849,17258.2355
NSE:ASIANPAINT-EQ,short,2023-02-27T13:03:00+05:30,2741.0,2023-02-27T13:06:00+05:30,2746.482,6,stoploss,-32.892,71.6191,-104.5111,17153.7244
NSE:MARUTI-EQ,short,2023-02-27T12:36:00+05:30,8606.0,2023-02-27T13:18:00+05:30,8571.576,2,target,68.848,72.685,-3.837,17361.6833
NSE:BAJFINANCE-EQ,short,2023-02-27T13:03:00+05:30,615.3,2023-02-27T14:03:00+05:30,616.5306,28,stoploss,-34.4568,72.7808,-107.2376,17150.9979
NSE:SBIN-EQ,long,2023-02-27T13:57:00+05:30,527.25,2023-02-27T14:06:00+05:30,529.359,32,target,67.488,72.2817,-4.7937,17356.8897
NSE:KOTAKBANK-EQ,long,2023-02-27T13:54:00+05:30,345.4,2023-02-27T14:15:00+05:30,344.7092,50,stoploss,-34.54,72.7913,-107.3313,17254.352
NSE:AXISBANK-EQ,long,2023-02-27T14:09:00+05:30,856.65,2023-02-27T14:15:00+05:30,854.9367,20,stoploss,-34.266,72.5883,-106.8543,17250.0353
NSE:RELIANCE-EQ,short,2023-02-27T12:12:00+05:30,1182.47,2023-02-27T14:30:00+05:30,1177.7401,14,target,66.2183,71.7116,-5.4933,17467.8052
NSE:TCS-EQ,short,2023-02-27T12:33:00+05:30,3329.1,2023-02-27T14:57:00+05:30,3335.7582,5,stoploss,-33.291,71.9153,-105.2063,17260.3141
NSE:ICICIBANK-EQ,long,2023-02-27T14:18:00+05:30,851.5,2023-02-27T15:03:00+05:30,854.906,20,target,68.12,72.5166,-4.3966,17245.6388
NSE:KOTAKBANK-EQ,long,2023-02-27T14:18:00+05:30,344.06,2023-02-27T15:09:00+05:30,345.4362,50,target,68.812,72.7738,-3.9618,17246.0736
NSE:LT-EQ,long,2023-02-27T15:00:00+05:30,2115.0,2023-02-27T15:15:00+05:30,2111.05,8,time_exit,-31.6,72.2744,-103.8744,17156.4396
NSE:SBIN-EQ,long,2023-02-27T15:03:00+05:30,527.4,2023-02-27T15:15:00+05:30,527.9,32,time_exit,16.0,72.2481,-56.2481,17189.3907
NSE:KOTAKBANK-EQ,long,2023-02-27T15:12:00+05:30,345.51,2023-02-27T15:15:00+05:30,345.17,49,time_exit,-16.66,72.3011,-88.9611,17157.1125
NSE:ICICIBANK-EQ,long,2023-02-28T10:33:00+05:30,855.65,2023-02-28T10:39:00+05:30,853.9387,20,stoploss,-34.226,72.5587,-106.7847,17050.3278
NSE:ASIANPAINT-EQ,long,2023-02-28T10:39:00+05:30,2764.15,2023-02-28T11:00:00+05:30,2775.2066,6,target,66.3396,71.8549,-5.5153,17044.8125
NSE:AXISBANK-EQ,short,2023-02-28T11:06:00+05:30,850.5,2023-02-28T11:09:00+05:30,852.201,20,stoploss,-34.02,72.4565,-106.4765,16938.336
NSE:TCS-EQ,short,2023-02-28T11:09:00+05:30,3335.25,2023-02-28T11:12:00+05:30,3341.9205,5,stoploss,-33.3525,71.961,-105.3135,16833.0226
NSE:ICICIBANK-EQ,short,2023-02-28T11:06:00+05:30,851.85,2023-02-28T11:33:00+05:30,853.5537,20,stoploss,-34.074,72.4966,-106.5706,16938.2419
NSE:SBIN-EQ,short,2023-02-28T10:45:00+05:30,524.25,2023-02-28T11:48:00+05:30,525.2985,32,stoploss,-33.552,72.1091,-105.6611,16944.6668
NSE:AXISBANK-EQ,short,2023-02-28T11:45:00+05:30,849.35,2023-02-28T11:48:00+05:30,851.0487,19,stoploss,-32.2753,71.1612,-103.4365,16834.8054
NSE:TCS-EQ,short,2023-02-28T11:33:00+05:30,3341.0,2023-02-28T11:51:00+05:30,3347.682,5,stoploss,-33.41,72.0036,-105.4136,16832.8283
NSE:AXISBANK-EQ,short,2023-02-28T11:51:00+05:30,850.2,2023-02-28T11:54:00+05:30,851.9004,19,stoploss,-32.3076,71.1852,-103.4928,16729.3355
NSE:INFY-EQ,short,2023-02-28T10:51:00+05:30,1506.0,2023-02-28T11:57:00+05:30,1509.012,11,stoploss,-33.132,71.7973,-104.9293,16945.3986
NSE:SUNPHARMA-EQ,short,2023-02-28T11:24:00+05:30,968.0,2023-02-28T12:00:00+05:30,969.936,17,stoploss,-32.912,71.6339,-104.5459,16728.4766
NSE:RELIANCE-EQ,short,2023-02-28T11:18:00+05:30,1169.63,2023-02-28T12:09:00+05:30,1171.9693,14,stoploss,-32.7496,71.5134,-104.263,16728.7595
NSE:LT-EQ,short,2023-02-28T11:54:00+05:30,2118.0,2023-02-28T12:39:00+05:30,2109.528,7,target,59.304,69.1522,-9.8482,16719.4873
NSE:WIPRO-EQ,long,2023-02-28T12:06:00+05:30,195.28,2023-02-28T12:39:00+05:30,194.8894,85,stoploss,-33.1976,71.7967,-104.9943,16623.4823
NSE:ICICIBANK-EQ,long,2023-02-28T12:30:00+05:30,854.25,2023-02-28T12:39:00+05:30,852.5415,19,stoploss,-32.4615,71.2513,-103.7128,16625.0467
NSE:BAJFINANCE-EQ,short,2023-02-28T11:03:00+05:30,618.04,2023-02-28T12:42:00+05:30,615.5678,27,target,66.7483,71.9078,-5.1595,17039.6531
NSE:TCS-EQ,short,2023-02-28T12:45:00+05:30,3340.5,2023-02-28T12:48:00+05:30,3347.181,5,stoploss,-33.405,71.9999,-105.4049,16934.2481
NSE:INFY-EQ,short,2023-02-28T12:45:00+05:30,1504.9,2023-02-28T12:54:00+05:30,1498.8804,11,target,66.2156,71.7106,-5.495,17034.1581
NSE:BAJFINANCE-EQ,short,2023-02-28T12:48:00+05:30,615.26,2023-02-28T12:57:00+05:30,616.4905,27,stoploss,-33.224,71.8656,-105.0896,16829.1585
NSE:TITAN-EQ,long,2023-02-28T12:18:00+05:30,2418.05,2023-02-28T13:15:00+05:30,2413.2139,6,stoploss,-29.0166,68.6989,-97.7155,16631.044
NSE:HDFCBANK-EQ,short,2023-02-28T13:12:00+05:30,798.23,2023-02-28T13:21:00+05:30,799.8265,21,stoploss,-33.5257,72.0895,-105.6152,16723.5434
NSE:BAJFINANCE-EQ,short,2023-02-28T13:00:00+05:30,616.25,2023-02-28T13:33:00+05:30,613.785,27,target,66.555,71.8362,-5.2812,16823.8773
NSE:RELIANCE-EQ,short,2023-02-28T13:00:00+05:30,1168.43,2023-02-28T13:36:00+05:30,1163.7563,14,target,65.4321,71.4206,-5.9885,16823.17
NSE:TITAN-EQ,short,2023-02-28T13:27:00+05:30,2413.3,2023-02-28T13:42:00+05:30,2403.6468,6,target,57.9192,68.6396,-10.7204,16712.823
NSE:SUNPHARMA-EQ,short,2023-02-28T13:36:00+05:30,967.05,2023-02-28T13:48:00+05:30,963.1818,17,target,65.7594,71.5417,-5.7823,16817.3877
NSE:MARUTI-EQ,long,2023-02-28T12:06:00+05:30,8666.0,2023-02-28T14:00:00+05:30,8648.668,1,stoploss,-17.332,60.0416,-77.3736,16651.1031
NSE:WIPRO-EQ,short,2023-02-28T13:36:00+05:30,193.93,2023-02-28T14:00:00+05:30,193.1543,86,target,66.7119,71.8943,-5.1824,16817.9877
NSE:LT-EQ,short,2023-02-28T13:36:00+05:30,2103.25,2023-02-28T14:00:00+05:30,2094.837,7,target,58.891,68.9993,-10.1083,16813.0618
NSE:HDFCBANK-EQ,short,2023-02-28T13:48:00+05:30,798.5,2023-02-28T14:06:00+05:30,795.306,20,target,63.88,70.846,-6.966,16810.4217
NSE:SUNPHARMA-EQ,short,2023-02-28T14:42:00+05:30,964.8,2023-02-28T14:45:00+05:30,960.9408,17,target,65.6064,71.4851,-5.8787,16804.543
NSE:HDFCBANK-EQ,short,2023-02-28T14:45:00+05:30,795.95,2023-02-28T14:48:00+05:30,797.5419,21,stoploss,-33.4299,72.0184,-105.4483,16699.0947
NSE:WIPRO-EQ,short,2023-02-28T14:57:00+05:30,193.03,2023-02-28T15:00:00+05:30,193.4161,86,stoploss,-33.2012,71.8486,-105.0498,16594.0449
NSE:SBIN-EQ,short,2023-02-28T15:00:00+05:30,524.3,2023-02-28T15:09:00+05:30,522.2028,31,target,65.0132,71.2655,-6.2523,16587.7926
NSE:SBIN-EQ,short,2023-02-28T15:12:00+05:30,522.4,2023-02-28T15:15:00+05:30,523.4448,31,stoploss,-32.3888,71.2455,-103.6343,16484.1583
NSE:ASIANPAINT-EQ,long,2023-02-28T15:15:00+05:30,2828.85,2023-02-28T15:18:00+05:30,2830.95,5,time_exit,10.5,68.1902,-57.6902,16426.4682
NSE:ASIANPAINT-EQ,long,2023-02-28T15:21:00+05:30,2831.0,2023-02-28T15:24:00+05:30,2828.7,5,time_exit,-11.5,68.1887,-79.6887,16346.7795
NSE:LT-EQ,long,2023-03-01T10:21:00+05:30,2129.25,2023-03-01T10:24:00+05:30,2124.9915,7,stoploss,-29.8095,69.2864,-99.0959,16247.6836
NSE:HDFCBANK-EQ,long,2023-03-01T10:30:00+05:30,801.88,2023-03-01T10:36:00+05:30,800.2762,20,stoploss,-32.0752,70.9651,-103.0403,16144.6433
NSE:KOTAKBANK-EQ,long,2023-03-01T10:30:00+05:30,346.6,2023-03-01T10:36:00+05:30,345.9068,46,stoploss,-31.8872,70.8258,-102.713,16144.9706
NSE:RELIANCE-EQ,long,2023-03-01T10:33:00+05:30,1167.45,2023-03-01T10:36:00+05:30,1165.1151,13,stoploss,-30.3537,69.6896,-100.0433,16147.6403
NSE:SBIN-EQ,long,2023-03-01T10:27:00+05:30,528.3,2023-03-01T10:39:00+05:30,530.4132,30,target,63.396,70.7609,-7.3649,16240.3186
NSE:HDFCBANK-EQ,long,2023-03-01T10:39:00+05:30,801.88,2023-03-01T10:45:00+05:30,800.2762,20,stoploss,-32.0752,70.9651,-103.0403,16137.2783
NSE:TCS-EQ,long,2023-03-01T10:42:00+05:30,3362.35,2023-03-01T10:51:00+05:30,3355.6253,4,stoploss,-26.8988,67.1298,-94.0286,16146.29
NSE:MARUTI-EQ,long,2023-03-01T10:24:00+05:30,8693.45,2023-03-01T11:03:00+05:30,8676.0631,1,stoploss,-17.3869,60.0823,-77.4692,16170.2144
NSE:ICICIBANK-EQ,long,2023-03-01T10:27:00+05:30,860.5,2023-03-01T11:12:00+05:30,858.779,18,stoploss,-30.978,70.1522,-101.1302,16146.5534
NSE:KOTAKBANK-EQ,long,2023-03-01T10:39:00+05:30,346.79,2023-03-01T11:15:00+05:30,348.1772,46,target,63.8094,70.9145,-7.1052,16233.2135
NSE:ICICIBANK-EQ,long,2023-03-01T11:15:00+05:30,859.9,2023-03-01T11:30:00+05:30,858.1802,18,stoploss,-30.9564,70.1362,-101.0926,16132.1209
NSE:WIPRO-EQ,long,2023-03-01T10:51:00+05:30,194.58,2023-03-01T11:33:00+05:30,195.3583,82,target,63.8222,70.9193,-7.0971,16139.1929
NSE:ASIANPAINT-EQ,long,2023-03-01T11:33:00+05:30,2835.0,2023-03-01T11:42:00+05:30,2829.33,5,stoploss,-28.35,68.205,-96.555,16042.6379
NSE:AXISBANK-EQ,long,2023-03-01T10:36:00+05:30,860.0,2023-03-01T11:51:00+05:30,863.44,18,target,61.92,70.2124,-8.2924,16139.3479
NSE:INFY-EQ,long,2023-03-01T11:00:00+05:30,1494.15,2023-03-01T12:03:00+05:30,1500.1266,10,target,59.766,69.4118,-9.6458,16136.6442
NSE:RELIANCE-EQ,long,2023-03-01T11:09:00+05:30,1167.65,2023-03-01T12:09:00+05:30,1165.3147,13,stoploss,-30.3589,69.6935,-100.0524,16070.162
NSE:INFY-EQ,long,2023-03-01T12:09:00+05:30,1498.1,2023-03-01T12:15:00+05:30,1495.1038,10,stoploss,-29.962,69.3994,-99.3614,15970.8006
NSE:HDFCBANK-EQ,long,2023-03-01T11:18:00+05:30,801.5,2023-03-01T12:18:00+05:30,799.897,20,stoploss,-32.06,70.9538,-103.0138,16130.1996
NSE:BAJFINANCE-EQ,long,2023-03-01T11:24:00+05:30,618.2,2023-03-01T12:18:00+05:30,616.9636,26,stoploss,-32.1464,71.0179,-103.1643,16130.0492
NSE:TITAN-EQ,short,2023-03-01T12:24:00+05:30,2383.0,2023-03-01T12:30:00+05:30,2387.766,6,stoploss,-28.596,68.4297,-97.0257,16033.0235
NSE:RELIANCE-EQ,short,2023-03-01T12:45:00+05:30,1165.38,2023-03-01T12:51:00+05:30,1167.7108,13,stoploss,-30.2999,69.6947,-99.9946,15933.0289
NSE:TCS-EQ,long,2023-03-01T11:48:00+05:30,3364.05,2023-03-01T13:15:00+05:30,3377.5062,4,target,53.8248,67.2038,-13.379,16029.2589
NSE:BAJFINANCE-EQ,long,2023-03-01T13:06:00+05:30,618.4,2023-03-01T13:54:00+05:30,617.1632,25,stoploss,-30.92,70.1092,-101.0292,15831.9997
NSE:KOTAKBANK-EQ,long,2023-03-01T13:51:00+05:30,349.35,2023-03-01T13:54:00+05:30,348.6513,45,stoploss,-31.4415,70.4956,-101.9371,15927.3218
NSE:AXISBANK-EQ,long,2023-03-01T13:51:00+05:30,866.2,2023-03-01T13:57:00+05:30,864.4676,18,stoploss,-31.1832,70.3042,-101.4874,15927.7715
NSE:SBIN-EQ,long,2023-03-01T13:57:00+05:30,533.4,2023-03-01T14:12:00+05:30,535.5336,29,target,61.8744,70.1954,-8.321,15919.4505
NSE:TITAN-EQ,short,2023-03-01T12:51:00+05:30,2380.6,2023-03-01T14:27:00+05:30,2385.3612,6,stoploss,-28.5672,68.4083,-96.9755,15836.0534
NSE:MARUTI-EQ,long,2023-03-01T14:03:00+05:30,8736.5,2023-03-01T14:30:00+05:30,8771.446,1,target,34.946,60.1876,-25.2416,15902.5299
NSE:LT-EQ,short,2023-03-01T12:30:00+05:30,2112.0,2023-03-01T14:33:00+05:30,2116.224,7,stoploss,-29.568,69.1513,-98.7193,15934.3042
NSE:ICICIBANK-EQ,short,2023-03-01T12:45:00+05:30,855.0,2023-03-01T14:42:00+05:30,856.71,18,stoploss,-30.78,70.0511,-100.8311,15932.1924
NSE:TITAN-EQ,long,2023-03-01T14:42:00+05:30,2385.0,2023-03-01T15:03:00+05:30,2380.23,6,stoploss,-28.62,68.4051,-97.0251,15835.1673
NSE:SUNPHARMA-EQ,long,2023-03-01T13:57:00+05:30,961.15,2023-03-01T15:06:00+05:30,959.2277,16,stoploss,-30.7568,69.9883,-100.7451,15827.0264
NSE:AXISBANK-EQ,long,2023-03-01T14:00:00+05:30,865.95,2023-03-01T15:12:00+05:30,864.2181,18,stoploss,-31.1742,70.2975,-101.4717,15826.2998
NSE:WIPRO-EQ,long,2023-03-01T11:42:00+05:30,195.18,2023-03-01T15:15:00+05:30,195.58,82,time_exit,32.8,70.9677,-38.1677,16004.4702
NSE:ASIANPAINT-EQ,long,2023-03-01T13:06:00+05:30,2838.15,2023-03-01T15:15:00+05:30,2842.0,5,time_exit,19.25,68.2661,-49.0161,15884.0128
NSE:INFY-EQ,long,2023-03-01T13:09:00+05:30,1495.2,2023-03-01T15:15:00+05:30,1496.0,10,time_exit,8.0,69.3864,-61.3864,15871.6425
NSE:TCS-EQ,long,2023-03-01T13:48:00+05:30,3380.9,2023-03-01T15:15:00+05:30,3385.2,4,time_exit,17.2,67.2748,-50.0748,15979.1841
NSE:MARUTI-EQ,long,2023-03-01T15:03:00+05:30,8761.6,2023-03-01T15:15:00+05:30,8765.05,1,time_exit,3.45,60.1999,-56.7499,15778.4174
NSE:SBIN-EQ,long,2023-03-01T15:15:00+05:30,536.65,2023-03-01T15:18:00+05:30,536.4,29,time_exit,-7.25,70.2805,-77.5305,15700.8869
NSE:KOTAKBANK-EQ,short,2023-03-02T10:06:00+05:30,347.53,2023-03-02T10:12:00+05:30,346.1399,45,target,62.5554,70.3557,-7.8003,15693.0866
NSE:AXISBANK-EQ,short,2023-03-02T10:18:00+05:30,853.0,2023-03-02T10:27:00+05:30,849.588,18,target,61.416,69.9339,-8.5179,15684.5687
NSE:BAJFINANCE-EQ,short,2023-03-02T10:36:00+05:30,611.9,2023-03-02T10:54:00+05:30,609.4524,25,target,61.19,69.8503,-8.6603,15675.9084
NSE:RELIANCE-EQ,short,2023-03-02T10:18:00+05:30,1166.63,2023-03-02T11:00:00+05:30,1168.9633,13,stoploss,-30.3324,69.7188,-100.0512,15593.0354
NSE:SUNPHARMA-EQ,short,2023-03-02T10:33:00+05:30,954.35,2023-03-02T11:00:00+05:30,956.2587,16,stoploss,-30.5392,69.8724,-100.4116,15584.1571
NSE:INFY-EQ,short,2023-03-02T10:48:00+05:30,1474.3,2023-03-02T11:15:00+05:30,1477.2486,10,stoploss,-29.486,69.0905,-98.5765,15585.9922
NSE:TCS-EQ,short,2023-03-02T10:36:00+05:30,3331.9,2023-03-02T11:51:00+05:30,3338.5638,4,stoploss,-26.6552,66.9889,-93.6441,15590.9246
NSE:TITAN-EQ,short,2023-03-02T10:51:00+05:30,2376.8,2023-03-02T12:03:00+05:30,2367.2928,6,target,57.0432,68.3153,-11.2721,15673.2966
NSE:ASIANPAINT-EQ,long,2023-03-02T11:48:00+05:30,2843.75,2023-03-02T12:15:00+05:30,2838.0625,5,stoploss,-28.4375,68.2699,-96.7074,15489.2848
NSE:HDFCBANK-EQ,short,2023-03-02T11:03:00+05:30,797.55,2023-03-02T12:21:00+05:30,794.3598,19,target,60.6138,69.637,-9.0232,15575.1339
NSE:SUNPHARMA-EQ,short,2023-03-02T11:33:00+05:30,954.0,2023-03-02T12:24:00+05:30,955.908,16,stoploss,-30.528,69.864,-100.392,15485.6002
NSE:ASIANPAINT-EQ,long,2023-03-02T12:18:00+05:30,2837.5,2023-03-02T12:24:00+05:30,2831.825,5,stoploss,-28.375,68.2236,-96.5986,15392.6863
NSE:RELIANCE-EQ,long,2023-03-02T11:42:00+05:30,1169.53,2023-03-02T13:03:00+05:30,1167.1909,13,stoploss,-30.4078,69.7297,-100.1375,15485.8547
NSE:WIPRO-EQ,long,2023-03-02T12:18:00+05:30,194.88,2023-03-02T13:09:00+05:30,194.4902,79,stoploss,-30.791,70.0136,-100.8047,15388.4802
NSE:AXISBANK-EQ,short,2023-03-02T11:03:00+05:30,850.8,2023-03-02T13:30:00+05:30,847.3968,18,target,61.2576,69.8753,-8.6177,15575.5394
NSE:ICICIBANK-EQ,long,2023-03-02T12:09:00+05:30,860.15,2023-03-02T13:33:00+05:30,858.4297,18,stoploss,-30.9654,70.1428,-101.1082,15572.1883
NSE:RELIANCE-EQ,short,2023-03-02T13:24:00+05:30,1168.0,2023-03-02T13:33:00+05:30,1163.328,13,target,60.736,69.6822,-8.9462,15379.5339
NSE:KOTAKBANK-EQ,short,2023-03-02T13:03:00+05:30,346.87,2023-03-02T13:36:00+05:30,345.4825,44,target,61.0491,69.7981,-8.749,15477.1057
NSE:TITAN-EQ,short,2023-03-02T12:48:00+05:30,2363.35,2023-03-02T13:39:00+05:30,2353.8966,6,target,56.7204,68.1958,-11.4754,15381.2109
NSE:HDFCBANK-EQ,short,2023-03-02T13:03:00+05:30,794.98,2023-03-02T13:51:00+05:30,791.8001,19,target,60.4185,69.5647,-9.1462,15476.7085
NSE:MARUTI-EQ,short,2023-03-02T13:18:00+05:30,8604.6,2023-03-02T13:57:00+05:30,8570.1816,1,target,34.4184,59.9404,-25.522,15362.9581
NSE:INFY-EQ,short,2023-03-02T13:03:00+05:30,1474.55,2023-03-02T14:00:00+05:30,1468.6518,10,target,58.982,69.033,-10.051,15475.8038
NSE:TCS-EQ,short,2023-03-02T12:48:00+05:30,3331.8,2023-03-02T14:21:00+05:30,3338.4636,4,stoploss,-26.6544,66.9883,-93.6427,15299.0436
NSE:SBIN-EQ,short,2023-03-02T13:39:00+05:30,534.55,2023-03-02T14:24:00+05:30,535.6191,28,stoploss,-29.9348,69.4236,-99.3584,15281.8524
NSE:LT-EQ,short,2023-03-02T14:27:00+05:30,2111.05,2023-03-02T14:45:00+05:30,2115.2721,7,stoploss,-29.5547,69.1415,-98.6962,15183.1563
NSE:ASIANPAINT-EQ,short,2023-03-02T12:48:00+05:30,2833.25,2023-03-02T14:54:00+05:30,2838.9165,5,stoploss,-28.3325,68.2341,-96.5666,15296.1197
NSE:KOTAKBANK-EQ,short,2023-03-02T14:33:00+05:30,345.66,2023-03-02T15:12:00+05:30,344.2774,44,target,60.8362,69.7193,-8.8832,15272.9693
NSE:BAJFINANCE-EQ,short,2023-03-02T13:33:00+05:30,609.61,2023-03-02T15:15:00+05:30,608.09,25,time_exit,38.0,69.7814,-31.7814,15347.7525
NSE:WIPRO-EQ,short,2023-03-02T14:06:00+05:30,194.1,2023-03-02T15:15:00+05:30,194.08,79,time_exit,1.58,69.9455,-68.3655,15407.4382
NSE:ICICIBANK-EQ,short,2023-03-02T14:24:00+05:30,856.0,2023-03-02T15:15:00+05:30,854.1,17,time_exit,32.3,68.7644,-36.4644,15245.388
NSE:AXISBANK-EQ,short,2023-03-02T14:36:00+05:30,847.35,2023-03-02T15:15:00+05:30,846.2,18,time_exit,20.7,69.8112,-49.1112,15232.7412
NSE:HDFCBANK-EQ,short,2023-03-02T14:39:00+05:30,792.2,2023-03-02T15:15:00+05:30,792.6,19,time_exit,-7.6,69.5334,-77.1334,15204.719
NSE:SBIN-EQ,short,2023-03-02T15:06:00+05:30,534.6,2023-03-02T15:15:00+05:30,533.65,28,time_exit,26.6,69.3866,-42.7866,15253.3331
NSE:TITAN-EQ,short,2023-03-02T15:06:00+05:30,2356.4,2023-03-02T15:15:00+05:30,2360.15,6,time_exit,-22.5,68.1887,-90.6887,15205.4309
NSE:TCS-EQ,short,2023-03-02T15:09:00+05:30,3320.5,2023-03-02T15:15:00+05:30,3323.05,4,time_exit,-10.2,66.9098,-77.1098,15219.0098
NSE:ICICIBANK-EQ,short,2023-03-02T15:18:00+05:30,854.1,2023-03-02T15:21:00+05:30,852.65,17,time_exit,24.65,68.7218,-44.0718,15174.9381
NSE:SBIN-EQ,short,2023-03-02T15:18:00+05:30,533.65,2023-03-02T15:21:00+05:30,532.85,28,time_exit,22.4,69.3501,-46.9501,15172.0598
NSE:BAJFINANCE-EQ,short,2023-03-02T15:18:00+05:30,608.09,2023-03-02T15:21:00+05:30,608.17,25,time_exit,-2.0,69.7527,-71.7527,15147.2571
NSE:INFY-EQ,short,2023-03-02T15:21:00+05:30,1470.35,2023-03-02T15:24:00+05:30,1471.2,10,time_exit,-8.5,69.0173,-77.5173,15069.7398
NSE:TCS-EQ,long,2023-03-03T10:48:00+05:30,3350.75,2023-03-03T10:51:00+05:30,3344.0485,4,stoploss,-26.806,67.0611,-93.8671,14975.8727
NSE:TITAN-EQ,long,2023-03-03T10:27:00+05:30,2378.1,2023-03-03T11:06:00+05:30,2387.6124,6,target,57.0744,68.4115,-11.3371,15058.4027
NSE:KOTAKBANK-EQ,long,2023-03-03T10:51:00+05:30,348.2,2023-03-03T11:06:00+05:30,347.5036,43,stoploss,-29.9452,69.3869,-99.3321,14876.5406
NSE:RELIANCE-EQ,long,2023-03-03T11:03:00+05:30,1179.97,2023-03-03T11:15:00+05:30,1177.6101,12,stoploss,-28.3193,68.1823,-96.5016,14879.3712
NSE:AXISBANK-EQ,long,2023-03-03T11:06:00+05:30,856.0,2023-03-03T11:15:00+05:30,854.288,17,stoploss,-29.104,68.7637,-97.8677,14778.6729
NSE:KOTAKBANK-EQ,long,2023-03-03T11:09:00+05:30,348.78,2023-03-03T11:15:00+05:30,348.0824,42,stoploss,-29.2975,68.9071,-98.2046,14778.336
NSE:BAJFINANCE-EQ,long,2023-03-03T11:03:00+05:30,610.85,2023-03-03T11:21:00+05:30,613.2934,24,target,58.6416,68.994,-10.3524,14965.5204
NSE:KOTAKBANK-EQ,long,2023-03-03T11:18:00+05:30,348.2,2023-03-03T11:21:00+05:30,349.5928,42,target,58.4976,68.9404,-10.4428,14767.8932
NSE:BAJFINANCE-EQ,long,2023-03-03T11:30:00+05:30,612.3,2023-03-03T11:33:00+05:30,611.0754,24,stoploss,-29.3904,68.9759,-98.3663,14669.5269
NSE:AXISBANK-EQ,long,2023-03-03T11:18:00+05:30,854.1,2023-03-03T11:39:00+05:30,857.5164,17,target,58.0788,68.7848,-10.706,14767.63
NSE:SUNPHARMA-EQ,long,2023-03-03T11:27:00+05:30,967.35,2023-03-03T12:09:00+05:30,965.4153,15,stoploss,-29.0205,68.7018,-97.7223,14670.1708
NSE:BAJFINANCE-EQ,long,2023-03-03T11:39:00+05:30,611.87,2023-03-03T12:12:00+05:30,610.6463,23,stoploss,-28.146,68.0539,-96.1999,14671.4301
NSE:AXISBANK-EQ,long,2023-03-03T12:03:00+05:30,856.4,2023-03-03T12:21:00+05:30,854.6872,17,stoploss,-29.1176,68.7738,-97.8914,14669.7386
NSE:ASIANPAINT-EQ,long,2023-03-03T12:15:00+05:30,2830.05,2023-03-03T12:27:00+05:30,2824.3899,5,stoploss,-28.3005,68.1684,-96.4689,14574.9612
NSE:INFY-EQ,long,2023-03-03T10:42:00+05:30,1480.6,2023-03-03T12:30:00+05:30,1477.6388,10,stoploss,-29.612,69.1401,-98.7521,14970.9877
NSE:WIPRO-EQ,long,2023-03-03T12:09:00+05:30,195.2,2023-03-03T12:30:00+05:30,194.8096,75,stoploss,-29.28,68.8941,-98.1741,14571.9968
NSE:TITAN-EQ,long,2023-03-03T12:15:00+05:30,2392.5,2023-03-03T12:30:00+05:30,2387.715,6,stoploss,-28.71,68.4718,-97.1818,14574.2483
NSE:HDFCBANK-EQ,long,2023-03-03T12:30:00+05:30,807.18,2023-03-03T12:36:00+05:30,805.5656,18,stoploss,-29.0585,68.73,-97.7884,14476.4599
NSE:TCS-EQ,long,2023-03-03T11:51:00+05:30,3347.0,2023-03-03T12:42:00+05:30,3340.306,4,stoploss,-26.776,67.0388,-93.8148,14673.8152
NSE:RELIANCE-EQ,long,2023-03-03T11:21:00+05:30,1179.78,2023-03-03T12:57:00+05:30,1184.4991,12,target,56.6294,68.2461,-11.6167,14756.2765
NSE:SUNPHARMA-EQ,short,2023-03-03T12:51:00+05:30,964.4,2023-03-03T13:00:00+05:30,960.5424,15,target,57.864,68.6191,-10.7551,14663.0601
NSE:WIPRO-EQ,short,2023-03-03T13:03:00+05:30,194.9,2023-03-03T13:30:00+05:30,195.2898,75,stoploss,-29.235,68.9041,-98.1391,14564.9209
NSE:SBIN-EQ,long,2023-03-03T13:33:00+05:30,562.3,2023-03-03T13:39:00+05:30,561.1754,25,stoploss,-28.115,68.0309,-96.1459,14468.775
NSE:RELIANCE-EQ,long,2023-03-03T13:30:00+05:30,1186.13,2023-03-03T13:42:00+05:30,1190.8745,12,target,56.9342,68.3594,-11.4252,14553.4958
NSE:LT-EQ,long,2023-03-03T11:27:00+05:30,2149.8,2023-03-03T14:06:00+05:30,2145.5004,6,stoploss,-25.7976,66.3139,-92.1115,14675.7817
NSE:ICICIBANK-EQ,long,2023-03-03T11:27:00+05:30,868.7,2023-03-03T14:15:00+05:30,872.1748,16,target,55.5968,67.8624,-12.2656,14755.6276
NSE:ASIANPAINT-EQ,long,2023-03-03T13:33:00+05:30,2825.45,2023-03-03T14:27:00+05:30,2836.7518,5,target,56.509,68.2014,-11.6924,14553.2286
NSE:ICICIBANK-EQ,long,2023-03-03T14:21:00+05:30,871.8,2023-03-03T15:00:00+05:30,870.0564,16,stoploss,-27.8976,67.8698,-95.7674,14659.8602
NSE:TCS-EQ,long,2023-03-03T13:39:00+05:30,3349.8,2023-03-03T15:03:00+05:30,3343.1004,4,stoploss,-26.7984,67.0554,-93.8538,14374.9212
NSE:SBIN-EQ,long,2023-03-03T13:48:00+05:30,561.8,2023-03-03T15:06:00+05:30,560.6764,25,stoploss,-28.09,68.0124,-96.1024,14457.3934
NSE:INFY-EQ,long,2023-03-03T14:21:00+05:30,1479.85,2023-03-03T15:06:00+05:30,1476.8903,9,stoploss,-26.6373,66.9361,-93.5734,14662.0542
NSE:TITAN-EQ,long,2023-03-03T13:48:00+05:30,2397.7,2023-03-03T15:12:00+05:30,2392.9046,6,stoploss,-28.7724,68.518,-97.2904,14456.2054
NSE:HDFCBANK-EQ,long,2023-03-03T13:24:00+05:30,808.43,2023-03-03T15:15:00+05:30,807.7,18,time_exit,-13.14,68.7759,-81.9159,14581.1441
NSE:MARUTI-EQ,long,2023-03-03T13:27:00+05:30,8590.7,2023-03-03T15:15:00+05:30,8605.5,1,time_exit,14.8,59.9553,-45.1553,14617.9047
NSE:WIPRO-EQ,long,2023-03-03T14:33:00+05:30,195.33,2023-03-03T15:15:00+05:30,195.28,74,time_exit,-3.7,68.639,-72.339,14480.8895
NSE:TCS-EQ,long,2023-03-06T10:27:00+05:30,3389.95,2023-03-06T10:30:00+05:30,3383.1701,4,stoploss,-27.1196,67.2934,-94.413,14386.4765
NSE:ASIANPAINT-EQ,long,2023-03-06T10:21:00+05:30,2862.75,2023-03-06T10:42:00+05:30,2874.201,5,target,57.255,68.4786,-11.2236,14469.6659
NSE:LT-EQ,long,2023-03-06T10:21:00+05:30,2170.0,2023-03-06T10:45:00+05:30,2178.68,6,target,52.08,66.5554,-14.4754,14466.4141
NSE:AXISBANK-EQ,long,2023-03-06T10:21:00+05:30,861.95,2023-03-06T10:57:00+05:30,860.2261,16,stoploss,-27.5824,67.6363,-95.2187,14385.6708
NSE:ASIANPAINT-EQ,long,2023-03-06T10:57:00+05:30,2865.95,2023-03-06T11:00:00+05:30,2860.2181,5,stoploss,-28.6595,68.4343,-97.0938,14288.577
NSE:BAJFINANCE-EQ,long,2023-03-06T10:42:00+05:30,614.6,2023-03-06T11:03:00+05:30,617.0584,23,target,56.5432,68.2141,-11.6709,14457.995
NSE:MARUTI-EQ,long,2023-03-06T10:42:00+05:30,8637.75,2023-03-06T11:03:00+05:30,8620.4745,1,stoploss,-17.2755,59.9997,-77.2752,14392.3906
NSE:SBIN-EQ,long,2023-03-06T10:06:00+05:30,565.95,2023-03-06T11:06:00+05:30,564.8181,25,stoploss,-28.2975,68.1661,-96.4636,14384.4259
NSE:RELIANCE-EQ,long,2023-03-06T11:03:00+05:30,1206.75,2023-03-06T11:06:00+05:30,1204.3365,11,stoploss,-26.5485,66.8703,-93.4188,14298.9719
NSE:HDFCBANK-EQ,long,2023-03-06T10:42:00+05:30,817.08,2023-03-06T11:09:00+05:30,815.4458,17,stoploss,-27.7807,67.7832,-95.564,14374.1019
NSE:INFY-EQ,long,2023-03-06T11:06:00+05:30,1509.8,2023-03-06T12:00:00+05:30,1515.8392,9,target,54.3528,67.4,-13.0472,14285.9246
NSE:SUNPHARMA-EQ,long,2023-03-06T10:57:00+05:30,978.0,2023-03-06T12:09:00+05:30,976.044,14,stoploss,-27.384,67.4893,-94.8733,14290.7975
NSE:WIPRO-EQ,long,2023-03-06T11:18:00+05:30,197.4,2023-03-06T12:09:00+05:30,198.1896,72,target,56.8512,68.3286,-11.4774,14362.6246
NSE:TCS-EQ,long,2023-03-06T12:03:00+05:30,3390.5,2023-03-06T12:27:00+05:30,3404.062,4,target,54.248,67.3611,-13.1131,14272.8115
NSE:AXISBANK-EQ,short,2023-03-06T12:30:00+05:30,858.65,2023-03-06T12:51:00+05:30,860.3673,16,stoploss,-27.4768,67.5988,-95.0756,14177.7359
NSE:SBIN-EQ,short,2023-03-06T13:03:00+05:30,561.3,2023-03-06T13:12:00+05:30,562.4226,25,stoploss,-28.065,68.0355,-96.1005,14081.6354
NSE:KOTAKBANK-EQ,short,2023-03-06T13:00:00+05:30,350.33,2023-03-06T13:15:00+05:30,348.9287,40,target,56.0528,67.9487,-11.8959,14165.84
NSE:RELIANCE-EQ,long,2023-03-06T11:18:00+05:30,1206.28,2023-03-06T13:21:00+05:30,1211.1051,11,target,53.0763,66.9256,-13.8493,14360.2526
NSE:LT-EQ,short,2023-03-06T12:33:00+05:30,2159.4,2023-03-06T13:33:00+05:30,2150.7624,6,target,51.8256,66.3839,-14.5583,14258.2532
NSE:HDFCBANK-EQ,short,2023-03-06T13:15:00+05:30,815.5,2023-03-06T13:33:00+05:30,812.238,17,target,55.454,67.727,-12.273,14153.567
NSE:SBIN-EQ,short,2023-03-06T13:33:00+05:30,560.7,2023-03-06T13:54:00+05:30,561.8214,25,stoploss,-28.035,68.0132,-96.0482,14057.5188
NSE:TITAN-EQ,short,2023-03-06T13:30:00+05:30,2404.0,2023-03-06T14:00:00+05:30,2394.384,5,target,48.08,64.9975,-16.9175,14343.3351
NSE:AXISBANK-EQ,short,2023-03-06T13:54:00+05:30,856.5,2023-03-06T14:00:00+05:30,858.213,16,stoploss,-27.408,67.5477,-94.9557,13962.563
NSE:ASIANPAINT-EQ,long,2023-03-06T12:00:00+05:30,2873.0,2023-03-06T14:27:00+05:30,2867.254,5,stoploss,-28.73,68.4866,-97.2166,14188.7081
NSE:LT-EQ,short,2023-03-06T14:21:00+05:30,2149.2,2023-03-06T14:54:00+05:30,2140.6032,6,target,51.5808,66.2933,-14.7125,13947.8505
NSE:HDFCBANK-EQ,short,2023-03-06T14:45:00+05:30,811.28,2023-03-06T15:09:00+05:30,812.9026,17,stoploss,-27.5835,67.6781,-95.2616,14093.4465
NSE:MARUTI-EQ,long,2023-03-06T12:12:00+05:30,8630.25,2023-03-06T15:15:00+05:30,8630.0,1,time_exit,-0.25,60.0021,-60.2521,14302.3725
NSE:SUNPHARMA-EQ,short,2023-03-06T14:00:00+05:30,967.95,2023-03-06T15:15:00+05:30,964.75,14,time_exit,44.8,67.2713,-22.4713,13940.0917
NSE:ICICIBANK-EQ,short,2023-03-06T14:21:00+05:30,868.85,2023-03-06T15:15:00+05:30,868.65,16,time_exit,3.2,67.8197,-64.6197,13897.9433
NSE:BAJFINANCE-EQ,short,2023-03-06T14:39:00+05:30,613.85,2023-03-06T15:15:00+05:30,613.66,23,time_exit,4.37,68.1407,-63.7707,14124.9373
NSE:INFY-EQ,short,2023-03-06T14:57:00+05:30,1508.95,2023-03-06T15:15:00+05:30,1506.75,9,time_exit,19.8,67.332,-47.532,13900.3185
NSE:RELIANCE-EQ,short,2023-03-06T15:00:00+05:30,1206.33,2023-03-06T15:15:00+05:30,1203.25,11,time_exit,33.88,66.861,-32.981,13914.8695
NSE:WIPRO-EQ,short,2023-03-06T15:00:00+05:30,197.15,2023-03-06T15:15:00+05:30,196.78,70,time_exit,25.9,67.654,-41.754,13906.0965
NSE:TCS-EQ,short,2023-03-06T15:03:00+05:30,3375.3,2023-03-06T15:15:00+05:30,3370.2,4,time_exit,20.4,67.2138,-46.8138,13901.0367
NSE:INFY-EQ,short,2023-03-06T15:18:00+05:30,1506.8,2023-03-06T15:21:00+05:30,1506.6,9,time_exit,1.8,67.3157,-65.5157,13835.5209
NSE:ICICIBANK-EQ,short,2023-03-06T15:18:00+05:30,868.65,2023-03-06T15:21:00+05:30,868.55,16,time_exit,1.6,67.8161,-66.2161,13834.8206
NSE:BAJFINANCE-EQ,short,2023-03-06T15:18:00+05:30,613.68,2023-03-06T15:21:00+05:30,613.6,22,time_exit,1.76,67.2264,-65.4664,13835.5703
NSE:WIPRO-EQ,short,2023-03-06T15:21:00+05:30,196.83,2023-03-06T15:24:00+05:30,196.75,70,time_exit,5.6,67.6348,-62.0348,13773.5354
NSE:HDFCBANK-EQ,long,2023-03-08T10:33:00+05:30,816.85,2023-03-08T10:42:00+05:30,815.2163,16,stoploss,-26.1392,66.567,-92.7062,13680.8292
NSE:LT-EQ,long,2023-03-08T10:54:00+05:30,2176.95,2023-03-08T10:57:00+05:30,2172.5961,6,stoploss,-26.1234,66.5553,-92.6787,13588.1505
NSE:MARUTI-EQ,long,2023-03-08T10:33:00+05:30,8678.8,2023-03-08T11:30:00+05:30,8661.4424,1,stoploss,-17.3576,60.0606,-77.4182,13696.1173
NSE:HDFCBANK-EQ,short,2023-03-08T11:21:00+05:30,812.35,2023-03-08T11:33:00+05:30,813.9747,16,stoploss,-25.9952,66.4989,-92.4941,13495.6565
NSE:SUNPHARMA-EQ,short,2023-03-08T11:36:00+05:30,949.75,2023-03-08T11:45:00+05:30,951.6495,14,stoploss,-26.593,66.9427,-93.5357,13402.1208
NSE:LT-EQ,short,2023-03-08T12:06:00+05:30,2156.45,2023-03-08T12:15:00+05:30,2160.7629,6,stoploss,-25.8774,66.4114,-92.2888,13309.8319
NSE:KOTAKBANK-EQ,short,2023-03-08T11:12:00+05:30,346.31,2023-03-08T12:30:00+05:30,347.0026,39,stoploss,-27.0122,67.2539,-94.2661,13493.8845
NSE:SUNPHARMA-EQ,short,2023-03-08T11:48:00+05:30,950.55,2023-03-08T12:39:00+05:30,952.4511,14,stoploss,-26.6154,66.9593,-93.5747,13308.546
NSE:AXISBANK-EQ,short,2023-03-08T12:30:00+05:30,857.0,2023-03-08T12:51:00+05:30,853.572,15,target,51.42,66.2338,-14.8138,13479.0707
NSE:HDFCBANK-EQ,short,2023-03-08T11:36:00+05:30,813.1,2023-03-08T13:09:00+05:30,814.7262,16,stoploss,-26.0192,66.5167,-92.5359,13403.1206
NSE:LT-EQ,short,2023-03-08T12:18:00+05:30,2161.2,2023-03-08T13:15:00+05:30,2165.5224,6,stoploss,-25.9344,66.4537,-92.3881,13217.4438
NSE:WIPRO-EQ,short,2023-03-08T11:54:00+05:30,195.45,2023-03-08T13:24:00+05:30,195.8409,68,stoploss,-26.5812,66.9339,-93.5151,13308.6056
NSE:RELIANCE-EQ,long,2023-03-08T13:12:00+05:30,1204.4,2023-03-08T13:36:00+05:30,1201.9912,11,stoploss,-26.4968,66.832,-93.3288,13309.7918
NSE:MARUTI-EQ,short,2023-03-08T12:15:00+05:30,8654.75,2023-03-08T13:51:00+05:30,8672.0595,1,stoploss,-17.3095,60.0506,-77.3601,13232.4718
NSE:ICICIBANK-EQ,short,2023-03-08T12:15:00+05:30,864.05,2023-03-08T13:57:00+05:30,865.7781,15,stoploss,-25.9215,66.4442,-92.3657,13217.4663
NSE:SBIN-EQ,long,2023-03-08T12:48:00+05:30,559.95,2023-03-08T13:57:00+05:30,562.1898,23,target,51.5154,66.3455,-14.8301,13293.7159
NSE:TITAN-EQ,short,2023-03-08T11:21:00+05:30,2382.7,2023-03-08T14:03:00+05:30,2387.4654,5,stoploss,-23.827,64.8892,-88.7162,13499.4343
NSE:ICICIBANK-EQ,long,2023-03-08T14:12:00+05:30,865.75,2023-03-08T14:27:00+05:30,869.213,15,target,51.945,66.5052,-14.5602,13484.8741
NSE:ASIANPAINT-EQ,long,2023-03-08T13:36:00+05:30,2850.05,2023-03-08T14:42:00+05:30,2844.3499,4,stoploss,-22.8004,64.0932,-86.8936,13222.8982
NSE:KOTAKBANK-EQ,long,2023-03-08T14:12:00+05:30,346.96,2023-03-08T14:42:00+05:30,348.3478,38,target,52.7379,66.7999,-14.062,13485.3724
NSE:INFY-EQ,short,2023-03-08T11:15:00+05:30,1487.8,2023-03-08T15:00:00+05:30,1490.7756,9,stoploss,-26.7804,67.0818,-93.8622,13494.2883
NSE:TCS-EQ,long,2023-03-08T13:57:00+05:30,3373.0,2023-03-08T15:03:00+05:30,3386.492,3,target,40.476,62.2428,-21.7668,13271.9491
NSE:AXISBANK-EQ,long,2023-03-08T15:03:00+05:30,858.35,2023-03-08T15:09:00+05:30,861.7834,15,target,51.501,66.3402,-14.8392,13257.11
NSE:BAJFINANCE-EQ,short,2023-03-08T11:42:00+05:30,600.0,2023-03-08T15:15:00+05:30,599.78,22,time_exit,4.84,66.7778,-61.9378,13433.7187
NSE:WIPRO-EQ,long,2023-03-08T13:57:00+05:30,195.85,2023-03-08T15:15:00+05:30,196.18,67,time_exit,22.11,66.6829,-44.5729,13249.143
NSE:RELIANCE-EQ,long,2023-03-08T14:12:00+05:30,1205.55,2023-03-08T15:15:00+05:30,1208.5,11,time_exit,32.45,66.8974,-34.4474,13464.9869
NSE:MARUTI-EQ,long,2023-03-08T14:24:00+05:30,8673.35,2023-03-08T15:15:00+05:30,8693.8,1,time_exit,20.45,60.0824,-39.6324,13459.8019
NSE:RELIANCE-EQ,long,2023-03-08T15:18:00+05:30,1208.47,2023-03-08T15:21:00+05:30,1209.33,11,time_exit,9.46,66.9268,-57.4668,13402.3351
NSE:WIPRO-EQ,long,2023-03-08T15:18:00+05:30,196.18,2023-03-08T15:21:00+05:30,196.35,68,time_exit,11.56,66.9983,-55.4383,13404.3636
NSE:TITAN-EQ,short,2023-03-09T11:03:00+05:30,2390.2,2023-03-09T11:06:00+05:30,2394.9804,5,stoploss,-23.902,64.9449,-88.8469,13315.5167
NSE:ICICIBANK-EQ,short,2023-03-09T10:33:00+05:30,864.5,2023-03-09T11:15:00+05:30,866.229,15,stoploss,-25.935,66.4542,-92.3892,13311.9744
NSE:SBIN-EQ,short,2023-03-09T10:45:00+05:30,561.95,2023-03-09T11:15:00+05:30,563.0739,23,stoploss,-25.8497,66.3909,-92.2406,13312.123
NSE:BAJFINANCE-EQ,short,2023-03-09T11:06:00+05:30,598.42,2023-03-09T11:18:00+05:30,599.6168,22,stoploss,-26.3305,66.7478,-93.0783,13222.4384
NSE:MARUTI-EQ,short,2023-03-09T10:57:00+05:30,8655.6,2023-03-09T11:21:00+05:30,8672.9112,1,stoploss,-17.3112,60.0519,-77.3631,13327.0005
NSE:ASIANPAINT-EQ,short,2023-03-09T10:36:00+05:30,2852.65,2023-03-09T11:33:00+05:30,2858.3553,4,stoploss,-22.8212,64.1425,-86.9637,13317.3999
NSE:HDFCBANK-EQ,long,2023-03-09T11:30:00+05:30,819.3,2023-03-09T11:39:00+05:30,822.5772,16,target,52.4352,66.6874,-14.2522,13312.7483
NSE:SBIN-EQ,long,2023-03-09T11:33:00+05:30,563.7,2023-03-09T11:54:00+05:30,562.5726,23,stoploss,-25.9302,66.4122,-92.3424,13225.0575
NSE:ICICIBANK-EQ,long,2023-03-09T11:36:00+05:30,867.55,2023-03-09T11:54:00+05:30,865.8149,15,stoploss,-26.0265,66.4835,-92.51,13224.8899
NSE:BAJFINANCE-EQ,long,2023-03-09T11:57:00+05:30,600.08,2023-03-09T12:00:00+05:30,598.8798,22,stoploss,-26.4035,66.7629,-93.1664,13131.7235
NSE:AXISBANK-EQ,long,2023-03-09T11:18:00+05:30,871.75,2023-03-09T12:03:00+05:30,870.0065,15,stoploss,-26.1525,66.5769,-92.7294,13129.7091
NSE:ICICIBANK-EQ,long,2023-03-09T11:57:00+05:30,866.0,2023-03-09T12:03:00+05:30,864.268,15,stoploss,-25.98,66.4491,-92.4291,13132.4608
NSE:SUNPHARMA-EQ,short,2023-03-09T10:48:00+05:30,952.2,2023-03-09T12:27:00+05:30,948.3912,14,target,53.3232,66.9383,-13.6151,13390.7485
NSE:RELIANCE-EQ,short,2023-03-09T10:45:00+05:30,1190.63,2023-03-09T12:48:00+05:30,1185.8675,11,target,52.3877,66.592,-14.2043,13390.1593
NSE:INFY-EQ,short,2023-03-09T12:51:00+05:30,1482.25,2023-03-09T12:54:00+05:30,1485.2145,9,stoploss,-26.6805,67.0076,-93.6881,13296.4711
NSE:WIPRO-EQ,short,2023-03-09T11:12:00+05:30,195.7,2023-03-09T13:00:00+05:30,196.0914,68,stoploss,-26.6152,66.9592,-93.5744,13221.9423
NSE:INFY-EQ,short,2023-03-09T13:00:00+05:30,1487.7,2023-03-09T13:21:00+05:30,1481.7492,8,target,47.6064,64.8221,-17.2157,13204.7266
NSE:ASIANPAINT-EQ,long,2023-03-09T11:57:00+05:30,2859.2,2023-03-09T13:27:00+05:30,2870.6368,4,target,45.7472,64.2018,-18.4546,13206.4353
NSE:RELIANCE-EQ,short,2023-03-09T13:18:00+05:30,1186.93,2023-03-09T13:42:00+05:30,1182.1823,11,target,52.2249,66.5317,-14.3068,13207.6355
NSE:TCS-EQ,short,2023-03-09T10:48:00+05:30,3362.6,2023-03-09T13:48:00+05:30,3349.1496,3,target,40.3512,62.1365,-21.7853,13382.5783
NSE:INFY-EQ,short,2023-03-09T13:24:00+05:30,1481.65,2023-03-09T13:57:00+05:30,1475.7234,8,target,47.4128,64.7505,-17.3377,13187.3889
NSE:SBIN-EQ,short,2023-03-09T12:30:00+05:30,562.2,2023-03-09T14:09:00+05:30,559.9512,23,target,51.7224,66.3457,-14.6233,13376.1252
NSE:LT-EQ,long,2023-03-09T11:21:00+05:30,2185.45,2023-03-09T14:18:00+05:30,2194.1918,6,target,52.4508,66.6932,-14.2424,13312.7582
NSE:BAJFINANCE-EQ,short,2023-03-09T13:57:00+05:30,593.72,2023-03-09T14:24:00+05:30,591.3451,22,target,52.2474,66.5401,-14.2927,13173.0962
NSE:TCS-EQ,short,2023-03-09T14:15:00+05:30,3350.0,2023-03-09T14:48:00+05:30,3336.6,3,target,40.2,62.0806,-21.8806,13354.2446
NSE:ASIANPAINT-EQ,short,2023-03-09T14:45:00+05:30,2849.0,2023-03-09T15:00:00+05:30,2854.698,4,stoploss,-22.792,64.1208,-86.9128,13086.1834
NSE:KOTAKBANK-EQ,short,2023-03-09T12:24:00+05:30,344.2,2023-03-09T15:15:00+05:30,343.16,38,time_exit,39.52,66.5752,-27.0552,13105.4056
NSE:SUNPHARMA-EQ,short,2023-03-09T12:30:00+05:30,950.0,2023-03-09T15:15:00+05:30,951.9,14,stoploss,-26.6,66.9479,-93.5479,13297.2006
NSE:TITAN-EQ,short,2023-03-09T13:36:00+05:30,2375.75,2023-03-09T15:15:00+05:30,2366.247,5,target,47.515,64.7883,-17.2733,13189.162
NSE:WIPRO-EQ,short,2023-03-09T14:03:00+05:30,195.43,2023-03-09T15:15:00+05:30,195.03,67,time_exit,26.8,66.6051,-39.8051,13147.5838
NSE:AXISBANK-EQ,short,2023-03-09T14:33:00+05:30,869.7,2023-03-09T15:15:00+05:30,868.0,15,time_exit,25.5,66.5343,-41.0343,13132.0619
NSE:HDFCBANK-EQ,short,2023-03-09T14:39:00+05:30,817.63,2023-03-09T15:15:00+05:30,814.83,16,time_exit,44.8,66.5752,-21.7752,13151.321
NSE:KOTAKBANK-EQ,short,2023-03-09T15:21:00+05:30,343.21,2023-03-09T15:24:00+05:30,343.01,38,time_exit,7.6,66.5415,-58.9415,13092.3795
NSE:WIPRO-EQ,short,2023-03-09T15:27:00+05:30,195.03,2023-03-10T09:15:00+05:30,194.2499,67,target,52.268,66.5477,-14.2797,13078.0998
NSE:MARUTI-EQ,short,2023-03-09T15:27:00+05:30,8545.25,2023-03-10T09:15:00+05:30,8511.069,1,target,34.181,59.8526,-25.6716,13066.708
NSE:RELIANCE-EQ,short,2023-03-10T09:15:00+05:30,1170.75,2023-03-10T09:18:00+05:30,1166.067,11,target,51.513,66.2682,-14.7552,13051.9527
NSE:HDFCBANK-EQ,short,2023-03-10T10:57:00+05:30,797.63,2023-03-10T11:06:00+05:30,799.2253,16,stoploss,-25.5242,66.1492,-91.6733,12960.2794
NSE:SUNPHARMA-EQ,short,2023-03-10T10:54:00+05:30,949.0,2023-03-10T11:09:00+05:30,950.898,13,stoploss,-24.674,65.518,-90.192,12961.7607
NSE:KOTAKBANK-EQ,short,2023-03-10T11:09:00+05:30,340.05,2023-03-10T11:15:00+05:30,340.7301,38,stoploss,-25.8438,66.3865,-92.2303,12869.5304
NSE:SBIN-EQ,short,2023-03-10T10:54:00+05:30,549.75,2023-03-10T11:36:00+05:30,547.551,23,target,50.577,65.9217,-15.3447,13036.608
NSE:WIPRO-EQ,short,2023-03-10T11:03:00+05:30,193.98,2023-03-10T11:51:00+05:30,194.368,67,stoploss,-25.9933,66.4975,-92.4908,12959.4619
NSE:AXISBANK-EQ,short,2023-03-10T10:57:00+05:30,853.0,2023-03-10T11:54:00+05:30,849.588,15,target,51.18,66.145,-14.965,13036.9878
NSE:SUNPHARMA-EQ,long,2023-03-10T11:24:00+05:30,950.8,2023-03-10T12:03:00+05:30,948.8984,13,stoploss,-24.7208,65.5161,-90.2369,12779.2935
NSE:RELIANCE-EQ,short,2023-03-10T10:24:00+05:30,1164.0,2023-03-10T12:12:00+05:30,1159.344,11,target,51.216,66.1583,-14.9423,13037.0105
NSE:LT-EQ,short,2023-03-10T12:09:00+05:30,2151.75,2023-03-10T12:12:00+05:30,2156.0535,5,stoploss,-21.5175,63.1746,-84.6921,12694.6014
NSE:SUNPHARMA-EQ,short,2023-03-10T12:33:00+05:30,948.0,2023-03-10T12:42:00+05:30,949.896,13,stoploss,-24.648,65.4987,-90.1467,12604.4547
NSE:SBIN-EQ,short,2023-03-10T12:36:00+05:30,546.7,2023-03-10T12:42:00+05:30,547.7934,23,stoploss,-25.1482,65.8701,-91.0183,12603.5831
NSE:ICICIBANK-EQ,short,2023-03-10T12:15:00+05:30,842.75,2023-03-10T13:03:00+05:30,844.4355,15,stoploss,-25.2825,65.9698,-91.2523,12603.3491
NSE:SBIN-EQ,short,2023-03-10T12:45:00+05:30,547.8,2023-03-10T13:03:00+05:30,548.8956,23,stoploss,-25.1988,65.9076,-91.1064,12512.4767
NSE:RELIANCE-EQ,short,2023-03-10T12:15:00+05:30,1159.55,2023-03-10T13:06:00+05:30,1161.8691,10,stoploss,-23.191,64.417,-87.608,12606.9934
NSE:INFY-EQ,short,2023-03-10T11:48:00+05:30,1466.05,2023-03-10T13:12:00+05:30,1468.9821,8,stoploss,-23.4568,64.6144,-88.0712,12948.5368
NSE:ASIANPAINT-EQ,long,2023-03-10T13:00:00+05:30,2839.8,2023-03-10T13:15:00+05:30,2834.1204,4,stoploss,-22.7184,64.0325,-86.7509,12516.8323
NSE:WIPRO-EQ,long,2023-03-10T13:12:00+05:30,194.7,2023-03-10T13:30:00+05:30,194.3106,64,stoploss,-24.9216,65.6649,-90.5865,12857.9503
NSE:MARUTI-EQ,short,2023-03-10T10:54:00+05:30,8534.9,2023-03-10T13:39:00+05:30,8551.9698,1,stoploss,-17.0698,59.8726,-76.9424,12975.0103
NSE:LT-EQ,long,2023-03-10T13:15:00+05:30,2158.9,2023-03-10T13:45:00+05:30,2154.5822,5,stoploss,-21.589,63.1957,-84.7847,12432.0476
NSE:KOTAKBANK-EQ,short,2023-03-10T12:45:00+05:30,339.8,2023-03-10T13:48:00+05:30,338.4408,37,target,50.2904,65.8157,-15.5253,12588.0579
NSE:TCS-EQ,long,2023-03-10T13:12:00+05:30,3328.95,2023-03-10T13:48:00+05:30,3322.2921,3,stoploss,-19.9737,61.9989,-81.9726,12866.5642
NSE:HDFCBANK-EQ,short,2023-03-10T12:00:00+05:30,797.55,2023-03-10T14:03:00+05:30,794.3598,16,target,51.0432,66.0943,-15.0511,13021.9367
NSE:ASIANPAINT-EQ,long,2023-03-10T13:27:00+05:30,2832.85,2023-03-10T14:03:00+05:30,2827.1843,4,stoploss,-22.6628,63.9913,-86.6541,12430.1782
NSE:ASIANPAINT-EQ,short,2023-03-10T14:06:00+05:30,2827.0,2023-03-10T15:00:00+05:30,2832.654,4,stoploss,-22.616,63.9902,-86.6062,12343.572
NSE:WIPRO-EQ,short,2023-03-10T13:51:00+05:30,193.95,2023-03-10T15:03:00+05:30,194.3379,66,stoploss,-25.6014,66.2065,-91.8079,12774.7563
NSE:KOTAKBANK-EQ,short,2023-03-10T14:03:00+05:30,339.39,2023-03-10T15:15:00+05:30,340.0688,37,stoploss,-25.1149,65.8453,-90.9602,12339.218
NSE:HDFCBANK-EQ,short,2023-03-10T14:06:00+05:30,795.55,2023-03-10T15:15:00+05:30,794.35,15,time_exit,18.0,64.8896,-46.8896,12383.2886
NSE:TCS-EQ,long,2023-03-10T15:15:00+05:30,3330.05,2023-03-10T15:18:00+05:30,3334.95,3,time_exit,14.7,62.0312,-47.3312,12335.9574
NSE:MARUTI-EQ,long,2023-03-13T10:12:00+05:30,8617.05,2023-03-13T10:30:00+05:30,8599.8159,1,stoploss,-17.2341,59.9691,-77.2032,12258.7542
NSE:TITAN-EQ,long,2023-03-13T10:27:00+05:30,2374.0,2023-03-13T10:30:00+05:30,2369.252,5,stoploss,-23.74,64.7894,-88.5294,12247.428
NSE:ASIANPAINT-EQ,short,2023-03-13T10:33:00+05:30,2824.95,2023-03-13T10:45:00+05:30,2830.5999,4,stoploss,-22.5996,63.978,-86.5776,12160.8504
NSE:SUNPHARMA-EQ,short,2023-03-13T10:33:00+05:30,952.95,2023-03-13T10:51:00+05:30,954.8559,12,stoploss,-22.8708,64.1793,-87.0501,12160.3779
NSE:INFY-EQ,short,2023-03-13T11:12:00+05:30,1448.45,2023-03-13T11:24:00+05:30,1451.3469,8,stoploss,-23.1752,64.4053,-87.5805,12072.7974
NSE:INFY-EQ,short,2023-03-13T11:27:00+05:30,1451.2,2023-03-13T11:33:00+05:30,1445.3952,8,target,46.4384,64.3898,-17.9514,12054.846
NSE:AXISBANK-EQ,short,2023-03-13T11:09:00+05:30,850.2,2023-03-13T11:36:00+05:30,846.7992,14,target,47.6112,64.8239,-17.2127,12143.1651
NSE:HDFCBANK-EQ,short,2023-03-13T11:21:00+05:30,796.5,2023-03-13T11:36:00+05:30,793.314,15,target,47.79,64.8901,-17.1001,12143.2778
NSE:INFY-EQ,short,2023-03-13T11:42:00+05:30,1445.8,2023-03-13T11:54:00+05:30,1448.6916,8,stoploss,-23.1328,64.3738,-87.5066,12055.7711
NSE:KOTAKBANK-EQ,short,2023-03-13T11:42:00+05:30,340.23,2023-03-13T12:15:00+05:30,338.8691,35,target,47.6322,64.8317,-17.1995,12126.0783
NSE:HDFCBANK-EQ,short,2023-03-13T12:24:00+05:30,794.65,2023-03-13T12:27:00+05:30,791.4714,15,target,47.679,64.849,-17.17,12108.9083
NSE:RELIANCE-EQ,short,2023-03-13T12:24:00+05:30,1164.13,2023-03-13T12:33:00+05:30,1159.4735,10,target,46.5652,64.4367,-17.8715,12108.2067
NSE:KOTAKBANK-EQ,short,2023-03-13T12:27:00+05:30,339.38,2023-03-13T12:36:00+05:30,338.0225,35,target,47.5132,64.7876,-17.2744,12091.6338
NSE:TCS-EQ,short,2023-03-13T12:24:00+05:30,3305.6,2023-03-13T12:42:00+05:30,3292.3776,3,target,39.6672,61.8833,-22.2161,12103.8621
NSE:AXISBANK-EQ,short,2023-03-13T12:24:00+05:30,845.15,2023-03-13T12:42:00+05:30,841.7694,14,target,47.3284,64.7192,-17.3908,12108.6874
NSE:HDFCBANK-EQ,short,2023-03-13T12:30:00+05:30,791.65,2023-03-13T12:45:00+05:30,788.4834,15,target,47.499,64.7824,-17.2834,12091.6249
NSE:RELIANCE-EQ,short,2023-03-13T12:39:00+05:30,1159.28,2023-03-13T12:45:00+05:30,1154.6429,10,target,46.3712,64.3649,-17.9937,12073.6401
NSE:TITAN-EQ,short,2023-03-13T12:45:00+05:30,2346.3,2023-03-13T12:48:00+05:30,2336.9148,5,target,46.926,64.5703,-17.6443,12055.9958
NSE:ICICIBANK-EQ,short,2023-03-13T12:27:00+05:30,843.65,2023-03-13T12:57:00+05:30,840.2754,14,target,47.2444,64.6881,-17.4437,12091.4645
NSE:LT-EQ,short,2023-03-13T12:24:00+05:30,2150.0,2023-03-13T13:03:00+05:30,2141.4,5,target,43.0,63.117,-20.117,12105.9612
NSE:SUNPHARMA-EQ,short,2023-03-13T11:18:00+05:30,952.65,2023-03-13T13:18:00+05:30,954.5553,12,stoploss,-22.8636,64.174,-87.0376,12073.3403
NSE:LT-EQ,short,2023-03-13T13:18:00+05:30,2147.6,2023-03-13T13:33:00+05:30,2139.0096,5,target,42.952,63.0993,-20.1473,12053.193
NSE:BAJFINANCE-EQ,short,2023-03-13T12:09:00+05:30,588.9,2023-03-13T13:36:00+05:30,586.5444,20,target,47.112,64.6391,-17.5271,12038.244
NSE:BAJFINANCE-EQ,short,2023-03-13T13:39:00+05:30,586.73,2023-03-13T14:00:00+05:30,584.3831,20,target,46.9384,64.5749,-17.6365,12020.6075
NSE:WIPRO-EQ,short,2023-03-13T12:06:00+05:30,193.83,2023-03-13T14:18:00+05:30,193.0547,62,target,48.0698,64.9937,-16.9239,12038.8473
NSE:MARUTI-EQ,short,2023-03-13T12:18:00+05:30,8542.8,2023-03-13T14:21:00+05:30,8508.6288,1,target,34.1712,59.8489,-25.6777,12100.4005
NSE:RELIANCE-EQ,short,2023-03-13T13:42:00+05:30,1151.83,2023-03-13T14:30:00+05:30,1147.2227,10,target,46.0732,64.2546,-18.1814,12020.0626
NSE:KOTAKBANK-EQ,short,2023-03-13T14:03:00+05:30,335.2,2023-03-13T14:30:00+05:30,333.8592,35,target,46.928,64.571,-17.643,12002.9645
NSE:TCS-EQ,short,2023-03-13T13:24:00+05:30,3296.0,2023-03-13T14:33:00+05:30,3282.816,3,target,39.552,61.8407,-22.2887,12051.0516
NSE:TITAN-EQ,short,2023-03-13T13:42:00+05:30,2334.5,2023-03-13T14:33:00+05:30,2325.162,5,target,46.69,64.4829,-17.7929,12020.4511
NSE:MARUTI-EQ,short,2023-03-13T15:06:00+05:30,8500.05,2023-03-13T15:12:00+05:30,8517.0501,1,stoploss,-17.0001,59.8209,-76.821,11943.6301
NSE:ASIANPAINT-EQ,short,2023-03-13T15:18:00+05:30,2782.25,2023-03-13T15:21:00+05:30,2787.55,4,time_exit,-21.2,63.7236,-84.9236,11858.7064
NSE:WIPRO-EQ,short,2023-03-13T15:21:00+05:30,192.7,2023-03-13T15:24:00+05:30,193.0854,61,stoploss,-23.5094,64.6534,-88.1628,11770.5436
NSE:ASIANPAINT-EQ,short,2023-03-14T10:33:00+05:30,2756.75,2023-03-14T10:36:00+05:30,2762.2635,4,stoploss,-22.054,63.5729,-85.6269,11684.9167
NSE:INFY-EQ,short,2023-03-14T10:36:00+05:30,1420.45,2023-03-14T10:39:00+05:30,1423.2909,8,stoploss,-22.7272,64.0727,-86.7999,11598.1168
NSE:RELIANCE-EQ,short,2023-03-14T10:18:00+05:30,1142.97,2023-03-14T10:42:00+05:30,1145.2559,10,stoploss,-22.8594,64.1709,-87.0303,11683.5133
NSE:KOTAKBANK-EQ,short,2023-03-14T10:39:00+05:30,330.29,2023-03-14T10:57:00+05:30,330.9506,35,stoploss,-23.1203,64.3646,-87.4849,11510.6319
NSE:AXISBANK-EQ,short,2023-03-14T10:48:00+05:30,824.25,2023-03-14T11:00:00+05:30,820.953,14,target,46.158,64.286,-18.128,11665.3854
NSE:INFY-EQ,short,2023-03-14T10:45:00+05:30,1425.0,2023-03-14T11:03:00+05:30,1419.3,8,target,45.6,64.0794,-18.4794,11665.0339
NSE:KOTAKBANK-EQ,short,2023-03-14T11:00:00+05:30,330.88,2023-03-14T11:06:00+05:30,329.5565,34,target,44.9997,63.8572,-18.8575,11646.5278
NSE:INFY-EQ,short,2023-03-14T11:06:00+05:30,1419.55,2023-03-14T11:09:00+05:30,1422.3891,8,stoploss,-22.7128,64.062,-86.7748,11559.753
NSE:HDFCBANK-EQ,short,2023-03-14T10:54:00+05:30,785.25,2023-03-14T11:12:00+05:30,782.109,14,target,43.974,63.4776,-19.5036,11664.0098
NSE:BAJFINANCE-EQ,short,2023-03-14T10:27:00+05:30,573.93,2023-03-14T11:21:00+05:30,575.0779,20,stoploss,-22.9572,64.2435,-87.2007,11683.3429
NSE:ASIANPAINT-EQ,short,2023-03-14T10:51:00+05:30,2762.45,2023-03-14T11:24:00+05:30,2751.4002,4,target,44.1992,63.5609,-19.3617,11664.1516
NSE:KOTAKBANK-EQ,short,2023-03-14T11:09:00+05:30,329.95,2023-03-14T11:24:00+05:30,330.6099,35,stoploss,-23.0965,64.3469,-87.4434,11472.3096
NSE:AXISBANK-EQ,short,2023-03-14T11:06:00+05:30,820.45,2023-03-14T11:27:00+05:30,822.0909,14,stoploss,-22.9726,64.2549,-87.2275,11559.3003
NSE:ICICIBANK-EQ,short,2023-03-14T11:06:00+05:30,820.55,2023-03-14T11:33:00+05:30,822.1911,14,stoploss,-22.9754,64.257,-87.2324,11559.2954
NSE:RELIANCE-EQ,short,2023-03-14T11:15:00+05:30,1144.45,2023-03-14T11:39:00+05:30,1146.7389,10,stoploss,-22.889,64.1928,-87.0818,11576.928
NSE:SBIN-EQ,short,2023-03-14T11:24:00+05:30,522.3,2023-03-14T11:39:00+05:30,523.3446,22,stoploss,-22.9812,64.2613,-87.2425,11385.0671
NSE:BAJFINANCE-EQ,short,2023-03-14T11:24:00+05:30,574.79,2023-03-14T11:39:00+05:30,575.9396,20,stoploss,-22.9916,64.269,-87.2606,11385.049
NSE:ICICIBANK-EQ,short,2023-03-14T11:36:00+05:30,821.95,2023-03-14T11:39:00+05:30,823.5939,14,stoploss,-23.0146,64.2861,-87.3007,11471.9947
NSE:ASIANPAINT-EQ,short,2023-03-14T11:27:00+05:30,2756.0,2023-03-14T11:42:00+05:30,2744.976,4,target,44.096,63.5227,-19.4267,11539.8736
NSE:MARUTI-EQ,short,2023-03-14T10:39:00+05:30,8473.9,2023-03-14T11:45:00+05:30,8490.8478,1,stoploss,-16.9478,59.7821,-76.7299,11521.3869
NSE:TCS-EQ,short,2023-03-14T11:24:00+05:30,3257.4,2023-03-14T11:57:00+05:30,3263.9148,3,stoploss,-19.5444,61.7098,-81.2542,11391.0554
NSE:SBIN-EQ,short,2023-03-14T11:42:00+05:30,523.6,2023-03-14T11:57:00+05:30,521.5056,21,target,43.9824,63.4807,-19.4983,11520.3753
NSE:ICICIBANK-EQ,short,2023-03-14T11:42:00+05:30,822.15,2023-03-14T12:00:00+05:30,818.8614,13,target,42.7518,63.0251,-20.2733,11519.6002
NSE:SBIN-EQ,short,2023-03-14T12:03:00+05:30,520.85,2023-03-14T12:06:00+05:30,521.8917,22,stoploss,-22.9174,64.2139,-87.1313,11432.4689
NSE:TITAN-EQ,short,2023-03-14T11:39:00+05:30,2344.25,2023-03-14T12:09:00+05:30,2348.9385,4,stoploss,-18.754,61.123,-79.877,11392.1177
NSE:HDFCBANK-EQ,short,2023-03-14T11:36:00+05:30,782.23,2023-03-14T12:21:00+05:30,783.7945,14,stoploss,-21.9024,63.4604,-85.3628,11473.9326
NSE:AXISBANK-EQ,short,2023-03-14T11:39:00+05:30,823.35,2023-03-14T12:21:00+05:30,824.9967,14,stoploss,-23.0538,64.3152,-87.369,11384.6258
NSE:RELIANCE-EQ,short,2023-03-14T11:42:00+05:30,1143.55,2023-03-14T12:21:00+05:30,1145.8371,10,stoploss,-22.871,64.1795,-87.0505,11452.8231
NSE:TCS-EQ,short,2023-03-14T12:06:00+05:30,3260.7,2023-03-14T12:21:00+05:30,3267.2214,3,stoploss,-19.5642,61.7245,-81.2887,11351.1802
NSE:TITAN-EQ,short,2023-03-14T12:15:00+05:30,2350.95,2023-03-14T12:21:00+05:30,2355.6519,4,stoploss,-18.8076,61.1628,-79.9704,11312.1474
NSE:WIPRO-EQ,short,2023-03-14T12:00:00+05:30,189.98,2023-03-14T12:24:00+05:30,190.36,60,stoploss,-22.7976,64.125,-86.9226,11432.6777
NSE:LT-EQ,long,2023-03-14T12:39:00+05:30,2158.6,2023-03-14T12:42:00+05:30,2154.2828,5,stoploss,-21.586,63.1935,-84.7795,11347.8982
NSE:SUNPHARMA-EQ,long,2023-03-14T12:24:00+05:30,959.95,2023-03-14T12:45:00+05:30,958.0301,11,stoploss,-21.1189,62.8474,-83.9663,11348.7114
NSE:HDFCBANK-EQ,long,2023-03-14T12:45:00+05:30,787.23,2023-03-14T12:48:00+05:30,785.6555,14,stoploss,-22.0424,63.5316,-85.5741,11263.1373
NSE:WIPRO-EQ,short,2023-03-14T13:00:00+05:30,189.53,2023-03-14T13:15:00+05:30,188.7719,59,target,44.7291,63.7571,-19.028,11244.1093
NSE:LT-EQ,short,2023-03-14T13:27:00+05:30,2144.4,2023-03-14T14:06:00+05:30,2148.6888,5,stoploss,-21.444,63.1201,-84.5641,11159.5452
NSE:MARUTI-EQ,short,2023-03-14T13:33:00+05:30,8463.2,2023-03-14T14:06:00+05:30,8480.1264,1,stoploss,-16.9264,59.7662,-76.6926,11167.4167
NSE:SUNPHARMA-EQ,long,2023-03-14T12:48:00+05:30,958.6,2023-03-14T14:24:00+05:30,962.4344,11,target,42.1784,62.8755,-20.6971,11242.4402
NSE:MARUTI-EQ,short,2023-03-14T14:09:00+05:30,8477.55,2023-03-14T14:24:00+05:30,8494.5051,1,stoploss,-16.9551,59.7875,-76.7426,11090.6741
NSE:WIPRO-EQ,short,2023-03-14T14:18:00+05:30,189.55,2023-03-14T14:24:00+05:30,189.9291,58,stoploss,-21.9878,63.5238,-85.5116,11081.9051
NSE:BAJFINANCE-EQ,short,2023-03-14T14:21:00+05:30,574.08,2023-03-14T14:24:00+05:30,575.2282,19,stoploss,-21.815,63.3955,-85.2106,11082.2062
NSE:TITAN-EQ,long,2023-03-14T14:33:00+05:30,2360.05,2023-03-14T14:39:00+05:30,2355.3299,4,stoploss,-18.8804,61.1888,-80.0692,11002.1369
NSE:SUNPHARMA-EQ,long,2023-03-14T14:33:00+05:30,960.45,2023-03-14T15:00:00+05:30,958.5291,11,stoploss,-21.1299,62.8555,-83.9854,10998.2207
NSE:LT-EQ,short,2023-03-14T14:12:00+05:30,2142.9,2023-03-14T15:12:00+05:30,2147.1858,5,stoploss,-21.429,63.1089,-84.5379,11082.8788
NSE:ICICIBANK-EQ,long,2023-03-15T10:18:00+05:30,839.6,2023-03-15T10:21:00+05:30,837.9208,13,stoploss,-21.8296,63.3739,-85.2035,10997.6752
NSE:SBIN-EQ,long,2023-03-15T10:24:00+05:30,528.7,2023-03-15T10:30:00+05:30,527.6426,20,stoploss,-21.148,62.8689,-84.0169,10913.6583
NSE:TCS-EQ,long,2023-03-15T10:42:00+05:30,3250.0,2023-03-15T10:51:00+05:30,3243.5,3,stoploss,-19.5,61.6479,-81.1479,10832.5104
NSE:WIPRO-EQ,short,2023-03-15T11:12:00+05:30,189.55,2023-03-15T11:27:00+05:30,189.9291,57,stoploss,-21.6087,63.2423,-84.851,10747.6594
NSE:RELIANCE-EQ,short,2023-03-15T11:21:00+05:30,1134.2,2023-03-15T11:33:00+05:30,1136.4684,9,stoploss,-20.4156,62.3566,-82.7722,10749.7382
NSE:TCS-EQ,long,2023-03-15T11:30:00+05:30,3247.0,2023-03-15T11:36:00+05:30,3240.506,3,stoploss,-19.482,61.6346,-81.1166,10666.5428
NSE:SUNPHARMA-EQ,long,2023-03-15T10:42:00+05:30,961.45,2023-03-15T11:45:00+05:30,959.5271,11,stoploss,-21.1519,62.8718,-84.0237,10829.6346
NSE:ASIANPAINT-EQ,long,2023-03-15T11:48:00+05:30,2849.2,2023-03-15T11:51:00+05:30,2843.5016,3,stoploss,-17.0952,59.8661,-76.9613,10752.6732
NSE:BAJFINANCE-EQ,long,2023-03-15T11:42:00+05:30,579.37,2023-03-15T12:00:00+05:30,578.2113,18,stoploss,-20.8573,62.6536,-83.5109,10583.0319
NSE:ICICIBANK-EQ,short,2023-03-15T12:24:00+05:30,832.4,2023-03-15T12:45:00+05:30,834.0648,12,stoploss,-19.9776,62.0314,-82.009,10501.0229
NSE:HDFCBANK-EQ,short,2023-03-15T12:09:00+05:30,782.75,2023-03-15T12:51:00+05:30,779.619,13,target,40.703,62.2668,-21.5638,10561.4681
NSE:MARUTI-EQ,short,2023-03-15T12:18:00+05:30,8550.15,2023-03-15T12:51:00+05:30,8515.9494,1,target,34.2006,59.8598,-25.6592,10557.3727
NSE:LT-EQ,short,2023-03-15T12:24:00+05:30,2183.85,2023-03-15T12:51:00+05:30,2175.1146,4,target,34.9416,60.1341,-25.1925,10557.8394
NSE:WIPRO-EQ,short,2023-03-15T12:06:00+05:30,189.4,2023-03-15T12:54:00+05:30,188.6424,55,target,41.668,62.624,-20.956,10562.0759
NSE:RELIANCE-EQ,short,2023-03-15T12:27:00+05:30,1133.85,2023-03-15T13:00:00+05:30,1129.3146,9,target,40.8186,62.3095,-21.4909,10561.541
NSE:INFY-EQ,long,2023-03-15T11:33:00+05:30,1426.25,2023-03-15T13:06:00+05:30,1423.3975,7,stoploss,-19.9675,61.9943,-81.9618,10667.7764
NSE:ICICIBANK-EQ,short,2023-03-15T12:48:00+05:30,832.65,2023-03-15T13:06:00+05:30,834.3153,12,stoploss,-19.9836,62.0359,-82.0195,10419.0034
NSE:SBIN-EQ,short,2023-03-15T12:54:00+05:30,525.9,2023-03-15T13:06:00+05:30,526.9518,20,stoploss,-21.036,62.8172,-83.8532,10478.2228
NSE:AXISBANK-EQ,short,2023-03-15T13:06:00+05:30,827.5,2023-03-15T13:21:00+05:30,824.19,12,target,39.72,61.9029,-22.1829,10456.0399
NSE:LT-EQ,short,2023-03-15T13:30:00+05:30,2174.45,2023-03-15T13:48:00+05:30,2178.7989,4,stoploss,-17.3956,60.1145,-77.5101,10378.5298
NSE:AXISBANK-EQ,short,2023-03-15T13:45:00+05:30,824.5,2023-03-15T13:51:00+05:30,821.202,12,target,39.576,61.8496,-22.2736,10433.7663
NSE:BAJFINANCE-EQ,short,2023-03-15T13:57:00+05:30,576.62,2023-03-15T14:06:00+05:30,577.7732,18,stoploss,-20.7583,62.611,-83.3693,10350.397
NSE:HDFCBANK-EQ,short,2023-03-15T13:45:00+05:30,778.3,2023-03-15T14:21:00+05:30,775.1868,13,target,40.4716,62.1811,-21.7095,10434.3304
NSE:SUNPHARMA-EQ,short,2023-03-15T13:48:00+05:30,952.15,2023-03-15T14:33:00+05:30,954.0543,10,stoploss,-19.043,61.3376,-80.3806,10298.1492
NSE:SBIN-EQ,short,2023-03-15T14:39:00+05:30,524.1,2023-03-15T14:42:00+05:30,522.0036,19,target,39.8316,61.9442,-22.1126,10276.0366
NSE:TCS-EQ,short,2023-03-15T13:45:00+05:30,3218.9,2023-03-15T14:45:00+05:30,3206.0244,3,target,38.6268,61.4982,-22.8714,10433.1685
NSE:MARUTI-EQ,short,2023-03-15T14:12:00+05:30,8520.0,2023-03-15T14:51:00+05:30,8485.92,1,target,34.08,59.8152,-25.7352,10324.6618
NSE:RELIANCE-EQ,short,2023-03-15T13:36:00+05:30,1127.55,2023-03-15T14:54:00+05:30,1123.0398,9,target,40.5918,62.2256,-21.6338,10434.4061
NSE:BAJFINANCE-EQ,short,2023-03-15T14:18:00+05:30,576.9,2023-03-15T14:54:00+05:30,574.5924,17,target,39.2292,61.7212,-22.492,10327.905
NSE:INFY-EQ,short,2023-03-15T13:24:00+05:30,1423.35,2023-03-15T15:06:00+05:30,1417.6566,7,target,39.8538,61.9524,-22.0986,10433.9413
NSE:KOTAKBANK-EQ,short,2023-03-15T13:42:00+05:30,334.66,2023-03-15T15:06:00+05:30,333.3214,31,target,41.4978,62.561,-21.0631,10434.9768
NSE:HDFCBANK-EQ,short,2023-03-15T15:00:00+05:30,772.68,2023-03-15T15:06:00+05:30,769.5893,13,target,40.1794,62.0729,-21.8936,10306.0114
NSE:ASIANPAINT-EQ,short,2023-03-15T14:15:00+05:30,2832.9,2023-03-15T15:12:00+05:30,2821.5684,3,target,33.9948,59.7836,-25.7888,10324.6081
NSE:WIPRO-EQ,short,2023-03-15T14:57:00+05:30,188.2,2023-03-15T15:15:00+05:30,187.6,54,time_exit,32.4,62.2533,-29.8533,10298.0517
NSE:LT-EQ,short,2023-03-15T15:15:00+05:30,2175.65,2023-03-15T15:18:00+05:30,2178.9,4,time_exit,-13.0,60.1186,-73.1186,10224.9331
NSE:AXISBANK-EQ,short,2023-03-15T15:18:00+05:30,822.1,2023-03-15T15:21:00+05:30,823.7442,12,stoploss,-19.7304,61.8479,-81.5783,10143.3548
NSE:ASIANPAINT-EQ,short,2023-03-15T15:21:00+05:30,2823.05,2023-03-15T15:24:00+05:30,2821.45,3,time_exit,4.8,59.76,-54.96,10088.3948
NSE:KOTAKBANK-EQ,short,2023-03-15T15:24:00+05:30,333.03,2023-03-15T15:27:00+05:30,333.28,30,time_exit,-7.5,62.0259,-69.5259,10018.8689
NSE:BAJFINANCE-EQ,short,2023-03-16T10:18:00+05:30,568.8,2023-03-16T10:21:00+05:30,569.9376,17,stoploss,-19.3392,61.5575,-80.8967,9937.9723
NSE:SUNPHARMA-EQ,long,2023-03-16T10:39:00+05:30,958.1,2023-03-16T10:48:00+05:30,961.9324,10,target,38.324,61.443,-23.119,9914.8533
NSE:HDFCBANK-EQ,long,2023-03-16T11:21:00+05:30,776.08,2023-03-16T11:27:00+05:30,779.1843,12,target,37.2518,61.0445,-23.7927,9891.0606
NSE:KOTAKBANK-EQ,long,2023-03-16T11:27:00+05:30,335.64,2023-03-16T11:30:00+05:30,334.9687,29,stoploss,-19.4671,61.6235,-81.0907,9809.9699
NSE:ASIANPAINT-EQ,long,2023-03-16T11:15:00+05:30,2857.1,2023-03-16T11:33:00+05:30,2868.5284,3,target,34.2852,59.942,-25.6568,9889.1965
NSE:TCS-EQ,long,2023-03-16T11:03:00+05:30,3208.15,2023-03-16T11:36:00+05:30,3201.7337,3,stoploss,-19.2489,61.4619,-80.7108,9834.1425
NSE:BAJFINANCE-EQ,long,2023-03-16T11:21:00+05:30,571.54,2023-03-16T11:36:00+05:30,570.3969,17,stoploss,-19.4324,61.5978,-81.0302,9833.8231
NSE:KOTAKBANK-EQ,long,2023-03-16T11:36:00+05:30,334.32,2023-03-16T11:39:00+05:30,333.6514,29,stoploss,-19.3906,61.5668,-80.9574,9752.8657
NSE:MARUTI-EQ,long,2023-03-16T11:21:00+05:30,8517.05,2023-03-16T11:45:00+05:30,8500.0159,1,stoploss,-17.0341,59.8209,-76.855,9837.9983
NSE:HDFCBANK-EQ,long,2023-03-16T11:36:00+05:30,777.88,2023-03-16T11:45:00+05:30,776.3242,12,stoploss,-18.6691,61.0323,-79.7014,9754.1217
NSE:TITAN-EQ,long,2023-03-16T11:18:00+05:30,2475.65,2023-03-16T12:00:00+05:30,2470.6987,4,stoploss,-19.8052,61.874,-81.6792,9833.174
NSE:SBIN-EQ,short,2023-03-16T12:15:00+05:30,517.95,2023-03-16T12:27:00+05:30,518.9859,18,stoploss,-18.6462,61.043,-79.6892,9753.4849
NSE:KOTAKBANK-EQ,short,2023-03-16T12:36:00+05:30,331.14,2023-03-16T12:42:00+05:30,331.8023,29,stoploss,-19.2061,61.4587,-80.6648,9672.8201
NSE:ASIANPAINT-EQ,long,2023-03-16T11:42:00+05:30,2866.7,2023-03-16T12:51:00+05:30,2878.1668,3,target,34.4004,59.9848,-25.5844,9727.2813
NSE:SUNPHARMA-EQ,long,2023-03-16T11:45:00+05:30,963.85,2023-03-16T13:00:00+05:30,967.7054,10,target,38.554,61.5285,-22.9745,9731.1472
NSE:ICICIBANK-EQ,short,2023-03-16T11:54:00+05:30,818.5,2023-03-16T13:00:00+05:30,820.137,11,stoploss,-18.007,60.5684,-78.5754,9675.5463
NSE:HDFCBANK-EQ,short,2023-03-16T12:39:00+05:30,772.63,2023-03-16T13:00:00+05:30,774.1753,12,stoploss,-18.5431,60.9664,-79.5096,9673.9753
NSE:TCS-EQ,short,2023-03-16T13:00:00+05:30,3187.2,2023-03-16T13:12:00+05:30,3193.5744,3,stoploss,-19.1232,61.3971,-80.5203,9593.455
NSE:BAJFINANCE-EQ,long,2023-03-16T13:21:00+05:30,572.92,2023-03-16T13:30:00+05:30,571.7742,16,stoploss,-18.3334,60.7836,-79.117,9514.338
NSE:MARUTI-EQ,short,2023-03-16T12:57:00+05:30,8448.95,2023-03-16T13:33:00+05:30,8465.8479,1,stoploss,-16.8979,59.745,-76.6429,9650.6384
NSE:ASIANPAINT-EQ,long,2023-03-16T13:09:00+05:30,2884.6,2023-03-16T13:39:00+05:30,2896.1384,3,target,34.6152,60.0646,-25.4494,9648.5259
NSE:RELIANCE-EQ,long,2023-03-16T13:27:00+05:30,1120.22,2023-03-16T13:42:00+05:30,1117.9796,8,stoploss,-17.9235,60.4799,-78.4034,9515.0516
NSE:SBIN-EQ,long,2023-03-16T13:39:00+05:30,521.0,2023-03-16T13:45:00+05:30,519.958,18,stoploss,-18.756,61.0967,-79.8527,9568.6732
NSE:INFY-EQ,short,2023-03-16T12:18:00+05:30,1406.65,2023-03-16T13:48:00+05:30,1401.0234,6,target,33.7596,59.6966,-25.937,9807.2371
NSE:ICICIBANK-EQ,long,2023-03-16T13:36:00+05:30,824.35,2023-03-16T13:48:00+05:30,822.7013,11,stoploss,-18.1357,60.6371,-78.7728,9571.8656
NSE:AXISBANK-EQ,long,2023-03-16T13:45:00+05:30,827.9,2023-03-16T13:48:00+05:30,826.2442,11,stoploss,-18.2138,60.6949,-78.9087,9489.7645
NSE:SBIN-EQ,long,2023-03-16T13:48:00+05:30,520.15,2023-03-16T14:00:00+05:30,522.2306,18,target,37.4508,61.1185,-23.6677,9466.0968
NSE:AXISBANK-EQ,long,2023-03-16T14:06:00+05:30,830.65,2023-03-16T14:12:00+05:30,833.9726,11,target,36.5486,60.7832,-24.2346,9441.8622
NSE:RELIANCE-EQ,long,2023-03-16T14:09:00+05:30,1120.93,2023-03-16T14:33:00+05:30,1118.6881,8,stoploss,-17.9349,60.4883,-78.4232,9387.6736
NSE:SUNPHARMA-EQ,long,2023-03-16T13:09:00+05:30,966.1,2023-03-16T14:42:00+05:30,969.9644,10,target,38.644,61.5619,-22.9179,9651.0574
NSE:WIPRO-EQ,long,2023-03-16T14:33:00+05:30,186.75,2023-03-16T14:48:00+05:30,186.3765,50,stoploss,-18.675,61.0366,-79.7116,9307.962
NSE:TCS-EQ,long,2023-03-16T14:48:00+05:30,3198.15,2023-03-16T14:51:00+05:30,3191.7537,3,stoploss,-19.1889,61.4174,-80.6063,9227.3557
NSE:TITAN-EQ,short,2023-03-16T15:06:00+05:30,2450.05,2023-03-16T15:15:00+05:30,2451.45,3,time_exit,-4.2,58.1063,-62.3063,9165.0494
NSE:RELIANCE-EQ,short,2023-03-16T15:12:00+05:30,1112.7,2023-03-16T15:15:00+05:30,1112.85,8,time_exit,-1.2,60.4056,-61.6056,9165.7501
NSE:MARUTI-EQ,short,2023-03-16T15:12:00+05:30,8436.5,2023-03-16T15:15:00+05:30,8435.9,1,time_exit,0.6,59.7145,-59.1145,9168.2412
NSE:WIPRO-EQ,short,2023-03-16T15:15:00+05:30,186.1,2023-03-16T15:18:00+05:30,186.4722,49,stoploss,-18.2378,60.7398,-78.9776,9089.2637
NSE:TITAN-EQ,short,2023-03-16T15:18:00+05:30,2451.05,2023-03-16T15:21:00+05:30,2449.65,3,time_exit,4.2,58.1049,-53.9049,9035.3588
NSE:ASIANPAINT-EQ,long,2023-03-17T10:30:00+05:30,2909.1,2023-03-17T10:39:00+05:30,2903.2818,3,stoploss,-17.4546,60.1324,-77.587,8957.7717
NSE:WIPRO-EQ,long,2023-03-17T10:33:00+05:30,188.83,2023-03-17T10:39:00+05:30,188.4523,47,stoploss,-17.75,60.3513,-78.1013,8957.2574
NSE:KOTAKBANK-EQ,long,2023-03-17T10:21:00+05:30,336.66,2023-03-17T10:42:00+05:30,338.0066,26,target,35.0126,60.2123,-25.1997,9010.1591
NSE:ASIANPAINT-EQ,long,2023-03-17T10:42:00+05:30,2906.8,2023-03-17T10:45:00+05:30,2900.9864,3,stoploss,-17.4408,60.1222,-77.563,8932.5961
NSE:WIPRO-EQ,long,2023-03-17T10:42:00+05:30,188.5,2023-03-17T11:12:00+05:30,188.123,47,stoploss,-17.719,60.3283,-78.0473,8932.1117
NSE:SBIN-EQ,short,2023-03-17T10:54:00+05:30,523.1,2023-03-17T11:15:00+05:30,521.0076,17,target,35.5708,60.367,-24.7962,8907.7999
NSE:AXISBANK-EQ,short,2023-03-17T10:51:00+05:30,830.0,2023-03-17T11:18:00+05:30,826.68,10,target,33.2,59.4894,-26.2894,8906.3066
NSE:MARUTI-EQ,short,2023-03-17T11:00:00+05:30,8452.8,2023-03-17T11:18:00+05:30,8418.9888,1,target,33.8112,59.7157,-25.9045,8906.6916
NSE:RELIANCE-EQ,short,2023-03-17T10:51:00+05:30,1115.53,2023-03-17T11:42:00+05:30,1111.0679,8,target,35.697,60.4137,-24.7167,8907.8793
NSE:SBIN-EQ,short,2023-03-17T11:18:00+05:30,522.0,2023-03-17T11:45:00+05:30,523.044,17,stoploss,-17.748,60.3761,-78.1241,8828.5674
NSE:ICICIBANK-EQ,short,2023-03-17T11:00:00+05:30,824.0,2023-03-17T11:48:00+05:30,825.648,10,stoploss,-16.48,59.4348,-75.9148,8856.6813
NSE:TCS-EQ,short,2023-03-17T11:51:00+05:30,3171.05,2023-03-17T11:54:00+05:30,3177.3921,2,stoploss,-12.6842,56.6168,-69.301,8787.3803
NSE:HDFCBANK-EQ,short,2023-03-17T11:27:00+05:30,774.35,2023-03-17T12:00:00+05:30,775.8987,11,stoploss,-17.0357,59.8473,-76.883,8829.8086
NSE:SBIN-EQ,short,2023-03-17T11:48:00+05:30,523.7,2023-03-17T12:06:00+05:30,521.6052,16,target,33.5168,59.6067,-26.0899,8830.5914
NSE:SUNPHARMA-EQ,short,2023-03-17T11:45:00+05:30,962.05,2023-03-17T12:09:00+05:30,958.2018,9,target,34.6338,60.0202,-25.3864,8803.1811
NSE:MARUTI-EQ,short,2023-03-17T11:48:00+05:30,8435.4,2023-03-17T12:09:00+05:30,8401.6584,1,target,33.7416,59.6899,-25.9483,8830.733
NSE:AXISBANK-EQ,short,2023-03-17T11:48:00+05:30,827.5,2023-03-17T12:12:00+05:30,824.19,10,target,33.1,59.4524,-26.3524,8830.3289
NSE:RELIANCE-EQ,short,2023-03-17T12:06:00+05:30,1112.53,2023-03-17T12:18:00+05:30,1108.0799,7,target,31.1508,58.7309,-27.5801,8803.0113
NSE:BAJFINANCE-EQ,short,2023-03-17T12:15:00+05:30,572.65,2023-03-17T12:33:00+05:30,570.3594,15,target,34.359,59.9184,-25.5594,8804.7694
NSE:ICICIBANK-EQ,short,2023-03-17T12:24:00+05:30,820.8,2023-03-17T12:39:00+05:30,822.4416,10,stoploss,-16.416,59.3873,-75.8033,8727.2081
NSE:AXISBANK-EQ,short,2023-03-17T12:42:00+05:30,824.35,2023-03-17T12:45:00+05:30,825.9987,10,stoploss,-16.487,59.44,-75.927,8651.2811
NSE:LT-EQ,short,2023-03-17T12:48:00+05:30,2201.95,2023-03-17T12:51:00+05:30,2206.3539,3,stoploss,-13.2117,57.0084,-70.2201,8581.061
NSE:ICICIBANK-EQ,short,2023-03-17T12:51:00+05:30,822.05,2023-03-17T13:12:00+05:30,823.6941,10,stoploss,-16.441,59.4058,-75.8468,8505.2142
NSE:BAJFINANCE-EQ,short,2023-03-17T12:42:00+05:30,571.0,2023-03-17T13:30:00+05:30,572.142,15,stoploss,-17.13,59.9173,-77.0473,8650.1607
NSE:LT-EQ,short,2023-03-17T13:24:00+05:30,2199.3,2023-03-17T13:30:00+05:30,2203.6986,3,stoploss,-13.1958,56.9966,-70.1924,8435.0218
NSE:RELIANCE-EQ,short,2023-03-17T12:39:00+05:30,1109.75,2023-03-17T13:42:00+05:30,1111.9695,7,stoploss,-15.5365,58.7343,-74.2708,8652.9372
NSE:ASIANPAINT-EQ,short,2023-03-17T11:57:00+05:30,2875.05,2023-03-17T13:51:00+05:30,2880.8001,3,stoploss,-17.2503,60.0067,-77.257,8710.1234
NSE:HDFCBANK-EQ,short,2023-03-17T12:48:00+05:30,772.73,2023-03-17T13:51:00+05:30,774.2755,11,stoploss,-17.0001,59.8209,-76.8209,8574.4602
NSE:WIPRO-EQ,short,2023-03-17T12:48:00+05:30,187.23,2023-03-17T13:51:00+05:30,187.6045,46,stoploss,-17.2252,59.988,-77.2131,8574.0679
NSE:INFY-EQ,long,2023-03-17T13:36:00+05:30,1435.75,2023-03-17T13:54:00+05:30,1441.493,5,target,28.715,57.8718,-29.1568,8405.865
NSE:KOTAKBANK-EQ,short,2023-03-17T12:24:00+05:30,335.33,2023-03-17T14:15:00+05:30,336.0007,26,stoploss,-17.4372,60.1454,-77.5825,8725.4288
NSE:TCS-EQ,long,2023-03-17T14:24:00+05:30,3205.65,2023-03-17T14:54:00+05:30,3218.4726,2,target,25.6452,56.731,-31.0858,8694.343
NSE:TITAN-EQ,long,2023-03-17T13:33:00+05:30,2465.45,2023-03-17T15:00:00+05:30,2460.5191,3,stoploss,-14.7927,58.1602,-72.9529,8362.0689
NSE:TCS-EQ,long,2023-03-17T15:00:00+05:30,3218.1,2023-03-17T15:03:00+05:30,3211.6638,2,stoploss,-12.8724,56.7374,-69.6098,8292.4591
NSE:AXISBANK-EQ,short,2023-03-20T10:06:00+05:30,827.65,2023-03-20T10:12:00+05:30,829.3053,10,stoploss,-16.553,59.489,-76.042,8216.4171
NSE:TITAN-EQ,short,2023-03-20T10:18:00+05:30,2445.0,2023-03-20T10:30:00+05:30,2449.89,3,stoploss,-14.67,58.091,-72.761,8143.6561
NSE:AXISBANK-EQ,short,2023-03-20T10:21:00+05:30,827.75,2023-03-20T10:33:00+05:30,829.4055,9,stoploss,-14.8995,58.2614,-73.1609,8143.2562
NSE:INFY-EQ,short,2023-03-20T10:30:00+05:30,1395.25,2023-03-20T10:33:00+05:30,1398.0405,5,stoploss,-13.9525,57.5584,-71.5109,8072.1452
NSE:HDFCBANK-EQ,short,2023-03-20T10:33:00+05:30,776.7,2023-03-20T10:36:00+05:30,778.2534,10,stoploss,-15.534,58.7325,-74.2665,7997.8788
NSE:ICICIBANK-EQ,short,2023-03-20T10:33:00+05:30,826.3,2023-03-20T10:45:00+05:30,827.9526,9,stoploss,-14.8734,58.242,-73.1154,7999.0298
NSE:INFY-EQ,short,2023-03-20T10:36:00+05:30,1397.5,2023-03-20T10:51:00+05:30,1400.295,5,stoploss,-13.975,57.5751,-71.5501,7926.3287
NSE:ICICIBANK-EQ,short,2023-03-20T10:51:00+05:30,829.75,2023-03-20T10:54:00+05:30,831.4095,9,stoploss,-14.9355,58.2881,-73.2236,7853.1051
NSE:LT-EQ,short,2023-03-20T10:24:00+05:30,2184.9,2023-03-20T10:57:00+05:30,2176.1604,3,target,26.2188,56.9052,-30.6864,8185.7307
NSE:SBIN-EQ,short,2023-03-20T10:51:00+05:30,519.95,2023-03-20T10:57:00+05:30,520.9899,15,stoploss,-15.5985,58.7804,-74.3789,7851.9499
NSE:RELIANCE-EQ,short,2023-03-20T10:54:00+05:30,1095.6,2023-03-20T11:03:00+05:30,1097.7912,7,stoploss,-15.3384,58.5873,-73.9257,7779.1794
NSE:SUNPHARMA-EQ,short,2023-03-20T10:24:00+05:30,950.0,2023-03-20T11:18:00+05:30,951.9,8,stoploss,-15.2,58.4845,-73.6845,8142.7326
NSE:ICICIBANK-EQ,long,2023-03-20T11:09:00+05:30,830.6,2023-03-20T11:27:00+05:30,828.9388,9,stoploss,-14.9508,58.2773,-73.2281,7705.9513
NSE:WIPRO-EQ,short,2023-03-20T10:54:00+05:30,185.85,2023-03-20T11:39:00+05:30,185.1066,42,target,31.2228,58.7575,-27.5347,7825.5703
NSE:BAJFINANCE-EQ,short,2023-03-20T11:39:00+05:30,560.59,2023-03-20T11:54:00+05:30,558.3476,13,target,29.1507,57.9905,-28.8398,7796.7305
NSE:HDFCBANK-EQ,long,2023-03-20T11:09:00+05:30,779.98,2023-03-20T11:57:00+05:30,778.42,9,stoploss,-14.0396,57.6022,-71.6419,7707.5375
NSE:LT-EQ,short,2023-03-20T11:36:00+05:30,2175.8,2023-03-20T11:57:00+05:30,2167.0968,3,target,26.1096,56.8648,-30.7552,7675.1961
NSE:KOTAKBANK-EQ,long,2023-03-20T11:09:00+05:30,339.17,2023-03-20T12:06:00+05:30,338.4917,22,stoploss,-14.9235,58.2571,-73.1806,7705.9989
NSE:TCS-EQ,short,2023-03-20T11:00:00+05:30,3129.0,2023-03-20T12:15:00+05:30,3116.484,2,target,25.032,56.4659,-31.4339,7820.5159
NSE:ASIANPAINT-EQ,short,2023-03-20T10:33:00+05:30,2846.0,2023-03-20T12:24:00+05:30,2851.692,2,stoploss,-11.384,55.6515,-67.0355,8005.1097
NSE:SBIN-EQ,short,2023-03-20T11:42:00+05:30,518.7,2023-03-20T12:27:00+05:30,516.6252,15,target,31.122,58.7202,-27.5982,7797.9721
NSE:KOTAKBANK-EQ,short,2023-03-20T12:42:00+05:30,338.24,2023-03-20T12:57:00+05:30,336.887,23,target,31.1181,58.7188,-27.6007,7770.3714
NSE:SBIN-EQ,short,2023-03-20T12:45:00+05:30,518.2,2023-03-20T12:57:00+05:30,516.1272,15,target,31.092,58.7091,-27.6171,7770.355
NSE:RELIANCE-EQ,short,2023-03-20T12:03:00+05:30,1096.28,2023-03-20T13:00:00+05:30,1091.8949,7,target,30.6958,58.5625,-27.8666,7647.3294
NSE:ASIANPAINT-EQ,short,2023-03-20T12:57:00+05:30,2839.0,2023-03-20T13:12:00+05:30,2844.678,2,stoploss,-11.356,55.6307,-66.9867,7703.3683
NSE:HDFCBANK-EQ,short,2023-03-20T12:15:00+05:30,776.48,2023-03-20T13:15:00+05:30,773.3741,9,target,27.9533,57.5473,-29.594,7790.9219
NSE:AXISBANK-EQ,short,2023-03-20T12:15:00+05:30,829.25,2023-03-20T13:30:00+05:30,830.9085,9,stoploss,-14.9265,58.2815,-73.208,7747.308
NSE:KOTAKBANK-EQ,short,2023-03-20T13:27:00+05:30,337.6,2023-03-20T13:30:00+05:30,338.2752,23,stoploss,-15.5296,58.7292,-74.2588,7716.6631
NSE:RELIANCE-EQ,short,2023-03-20T13:06:00+05:30,1092.25,2023-03-20T13:33:00+05:30,1094.4345,7,stoploss,-15.2915,58.5524,-73.8439,7573.4855
NSE:BAJFINANCE-EQ,short,2023-03-20T13:15:00+05:30,554.29,2023-03-20T13:45:00+05:30,552.0728,13,target,28.8231,57.8692,-29.0462,7761.8758
NSE:TCS-EQ,short,2023-03-20T13:24:00+05:30,3103.95,2023-03-20T14:03:00+05:30,3110.1579,2,stoploss,-12.4158,56.4175,-68.8333,7722.0886
NSE:TITAN-EQ,short,2023-03-20T10:39:00+05:30,2451.75,2023-03-20T14:06:00+05:30,2456.6535,3,stoploss,-14.7105,58.1211,-72.8316,7925.0472
NSE:INFY-EQ,short,2023-03-20T13:15:00+05:30,1397.4,2023-03-20T14:09:00+05:30,1400.1948,5,stoploss,-13.974,57.5743,-71.5483,7719.3736
NSE:LT-EQ,short,2023-03-20T13:57:00+05:30,2160.0,2023-03-20T14:09:00+05:30,2164.32,3,stoploss,-12.96,56.8215,-69.7815,7692.0942
NSE:ASIANPAINT-EQ,short,2023-03-20T13:15:00+05:30,2842.55,2023-03-20T14:36:00+05:30,2848.2351,2,stoploss,-11.3702,55.6413,-67.0115,7723.9105
NSE:LT-EQ,long,2023-03-21T10:09:00+05:30,2199.65,2023-03-21T10:12:00+05:30,2208.4486,3,target,26.3958,57.0099,-30.6141,7693.2964
NSE:HDFCBANK-EQ,long,2023-03-21T10:33:00+05:30,782.25,2023-03-21T10:36:00+05:30,780.6855,9,stoploss,-14.0805,57.6325,-71.713,7621.5834
NSE:KOTAKBANK-EQ,long,2023-03-21T10:33:00+05:30,340.96,2023-03-21T10:39:00+05:30,340.2781,22,stoploss,-15.0022,58.3154,-73.3177,7619.9787
NSE:AXISBANK-EQ,long,2023-03-21T10:33:00+05:30,845.25,2023-03-21T11:27:00+05:30,843.5595,9,stoploss,-15.2145,58.4727,-73.6872,7619.6092
NSE:LT-EQ,long,2023-03-21T11:03:00+05:30,2222.0,2023-03-21T11:27:00+05:30,2217.556,3,stoploss,-13.332,57.0779,-70.4099,7549.5688
NSE:BAJFINANCE-EQ,long,2023-03-21T11:12:00+05:30,567.7,2023-03-21T11:27:00+05:30,566.5646,13,stoploss,-14.7602,58.1361,-72.8963,7547.0824
NSE:ICICIBANK-EQ,long,2023-03-21T10:33:00+05:30,843.5,2023-03-21T11:33:00+05:30,841.813,9,stoploss,-15.183,58.4494,-73.6324,7619.664
NSE:WIPRO-EQ,long,2023-03-21T10:33:00+05:30,183.95,2023-03-21T11:39:00+05:30,183.5821,41,stoploss,-15.0839,58.3759,-73.4598,7619.8365
NSE:LT-EQ,long,2023-03-21T11:30:00+05:30,2217.4,2023-03-21T11:39:00+05:30,2212.9652,3,stoploss,-13.3044,57.0575,-70.3619,7476.7205
NSE:BAJFINANCE-EQ,long,2023-03-21T11:33:00+05:30,566.18,2023-03-21T11:42:00+05:30,565.0476,13,stoploss,-14.7207,58.1068,-72.8275,7546.8365
NSE:HDFCBANK-EQ,long,2023-03-21T11:39:00+05:30,782.55,2023-03-21T11:42:00+05:30,780.9849,9,stoploss,-14.0859,57.6365,-71.7224,7404.9981
NSE:ASIANPAINT-EQ,short,2023-03-21T11:48:00+05:30,2853.45,2023-03-21T11:57:00+05:30,2842.0362,2,target,22.8276,55.6499,-32.8223,7372.1758
NSE:TCS-EQ,short,2023-03-21T11:57:00+05:30,3110.35,2023-03-21T12:18:00+05:30,3116.5707,2,stoploss,-12.4414,56.4365,-68.8779,7303.2979
NSE:SBIN-EQ,short,2023-03-21T12:03:00+05:30,517.85,2023-03-21T12:21:00+05:30,518.8857,14,stoploss,-14.4998,57.9647,-72.4645,7299.7113
NSE:AXISBANK-EQ,short,2023-03-21T12:15:00+05:30,841.9,2023-03-21T12:21:00+05:30,843.5838,8,stoploss,-13.4704,57.2004,-70.6708,7301.5049
NSE:KOTAKBANK-EQ,short,2023-03-21T11:48:00+05:30,339.2,2023-03-21T12:30:00+05:30,339.8784,21,stoploss,-14.2464,57.7766,-72.023,7332.9752
NSE:KOTAKBANK-EQ,short,2023-03-21T12:45:00+05:30,339.45,2023-03-21T12:48:00+05:30,340.1289,21,stoploss,-14.2569,57.7843,-72.0412,7260.9339
NSE:TCS-EQ,short,2023-03-21T12:21:00+05:30,3116.4,2023-03-21T12:57:00+05:30,3122.6328,2,stoploss,-12.4656,56.4545,-68.9201,7232.5848
NSE:HDFCBANK-EQ,long,2023-03-21T12:51:00+05:30,783.25,2023-03-21T13:06:00+05:30,786.383,9,target,28.197,57.6793,-29.4823,7231.4516
NSE:RELIANCE-EQ,long,2023-03-21T12:57:00+05:30,1132.85,2023-03-21T13:18:00+05:30,1130.5843,6,stoploss,-13.5942,57.2722,-70.8664,7161.7184
NSE:SBIN-EQ,long,2023-03-21T13:18:00+05:30,520.6,2023-03-21T13:24:00+05:30,519.5588,13,stoploss,-13.5356,57.2288,-70.7644,7090.9541
NSE:TCS-EQ,long,2023-03-21T13:12:00+05:30,3126.0,2023-03-21T13:30:00+05:30,3119.748,2,stoploss,-12.504,56.4644,-68.9684,7162.4831
NSE:ICICIBANK-EQ,long,2023-03-21T13:18:00+05:30,847.2,2023-03-21T13:39:00+05:30,845.5056,8,stoploss,-13.5552,57.2433,-70.7985,7090.92
NSE:ASIANPAINT-EQ,short,2023-03-21T12:12:00+05:30,2846.5,2023-03-21T13:42:00+05:30,2835.114,2,target,22.772,55.6294,-32.8574,7339.3184
NSE:ICICIBANK-EQ,long,2023-03-21T13:42:00+05:30,847.2,2023-03-21T13:51:00+05:30,850.5888,8,target,27.1104,57.2755,-30.1651,7309.1533
NSE:AXISBANK-EQ,long,2023-03-21T13:27:00+05:30,848.35,2023-03-21T13:57:00+05:30,851.7434,8,target,27.1472,57.2892,-30.142,7060.8121
NSE:BAJFINANCE-EQ,long,2023-03-21T12:48:00+05:30,566.9,2023-03-21T14:30:00+05:30,569.1676,12,target,27.2112,57.313,-30.1018,7230.8322
NSE:TITAN-EQ,long,2023-03-21T12:48:00+05:30,2518.1,2023-03-21T14:54:00+05:30,2513.0638,2,stoploss,-10.0724,54.6628,-64.7352,7196.1987
NSE:SUNPHARMA-EQ,long,2023-03-21T14:27:00+05:30,961.05,2023-03-21T14:57:00+05:30,959.1279,7,stoploss,-13.4547,57.1688,-70.6235,6990.1886
NSE:INFY-EQ,short,2023-03-21T12:03:00+05:30,1394.65,2023-03-21T15:15:00+05:30,1390.95,5,time_exit,18.5,57.5315,-39.0315,7333.1443
NSE:RELIANCE-EQ,long,2023-03-21T13:21:00+05:30,1131.45,2023-03-21T15:15:00+05:30,1135.9758,6,target,27.1548,57.292,-30.1372,7131.5813
NSE:SBIN-EQ,long,2023-03-21T14:39:00+05:30,521.9,2023-03-21T15:15:00+05:30,521.85,13,time_exit,-0.65,57.264,-57.914,7172.9181
NSE:HDFCBANK-EQ,short,2023-03-22T10:33:00+05:30,787.28,2023-03-22T11:03:00+05:30,784.1309,9,target,28.3421,57.6912,-29.3491,7143.569
NSE:INFY-EQ,short,2023-03-22T10:24:00+05:30,1390.9,2023-03-22T11:18:00+05:30,1385.3364,5,target,27.818,57.4972,-29.6792,7143.2389
NSE:AXISBANK-EQ,short,2023-03-22T10:36:00+05:30,851.0,2023-03-22T11:27:00+05:30,852.702,8,stoploss,-13.616,57.3085,-70.9245,7101.9936
NSE:TITAN-EQ,short,2023-03-22T11:24:00+05:30,2505.65,2023-03-22T11:33:00+05:30,2510.6613,2,stoploss,-10.0226,54.6408,-64.6634,7078.5755
NSE:WIPRO-EQ,short,2023-03-22T10:39:00+05:30,183.48,2023-03-22T11:48:00+05:30,183.847,39,stoploss,-14.3114,57.8248,-72.1363,7100.7818
NSE:ASIANPAINT-EQ,long,2023-03-22T11:39:00+05:30,2849.0,2023-03-22T11:48:00+05:30,2843.302,2,stoploss,-11.396,55.6435,-67.0395,7011.536
NSE:TCS-EQ,short,2023-03-22T10:51:00+05:30,3115.25,2023-03-22T11:54:00+05:30,3121.4805,2,stoploss,-12.461,56.4511,-68.9121,7104.006
NSE:INFY-EQ,short,2023-03-22T11:36:00+05:30,1386.05,2023-03-22T11:54:00+05:30,1388.8221,5,stoploss,-13.8605,57.4901,-71.3506,7007.225
NSE:SUNPHARMA-EQ,long,2023-03-22T11:48:00+05:30,960.85,2023-03-22T12:18:00+05:30,964.6934,7,target,26.9038,57.1987,-30.2949,6981.2411
NSE:SBIN-EQ,long,2023-03-22T12:33:00+05:30,525.25,2023-03-22T12:39:00+05:30,524.1995,13,stoploss,-13.6565,57.3184,-70.9749,6910.2663
NSE:RELIANCE-EQ,long,2023-03-22T12:36:00+05:30,1141.3,2023-03-22T12:42:00+05:30,1139.0174,6,stoploss,-13.6956,57.3473,-71.0429,6910.1982
NSE:TITAN-EQ,long,2023-03-22T12:36:00+05:30,2510.2,2023-03-22T12:45:00+05:30,2505.1796,2,stoploss,-10.0408,54.6394,-64.6802,6916.5609
NSE:HDFCBANK-EQ,short,2023-03-22T11:21:00+05:30,785.03,2023-03-22T13:00:00+05:30,786.6001,9,stoploss,-14.1305,57.6905,-71.8211,7071.4178
NSE:BAJFINANCE-EQ,long,2023-03-22T12:06:00+05:30,584.69,2023-03-22T13:15:00+05:30,583.5206,11,stoploss,-12.8632,56.7306,-69.5937,6937.6312
NSE:ICICIBANK-EQ,long,2023-03-22T11:39:00+05:30,855.35,2023-03-22T13:36:00+05:30,858.7714,8,target,27.3712,57.3724,-30.0012,7048.5743
NSE:AXISBANK-EQ,short,2023-03-22T13:03:00+05:30,849.85,2023-03-22T13:39:00+05:30,851.5497,8,stoploss,-13.5976,57.2949,-70.8925,7000.5254
NSE:TITAN-EQ,short,2023-03-22T13:33:00+05:30,2504.5,2023-03-22T13:39:00+05:30,2509.509,2,stoploss,-10.018,54.6374,-64.6554,6872.9758
NSE:LT-EQ,short,2023-03-22T13:15:00+05:30,2219.65,2023-03-22T13:42:00+05:30,2224.0893,3,stoploss,-13.3179,57.0872,-70.4051,6867.2261
NSE:ICICIBANK-EQ,long,2023-03-22T13:45:00+05:30,859.3,2023-03-22T13:48:00+05:30,857.5814,7,stoploss,-12.0302,56.1134,-68.1436,6799.0825
NSE:SBIN-EQ,long,2023-03-22T13:45:00+05:30,525.45,2023-03-22T13:48:00+05:30,524.3991,13,stoploss,-13.6617,57.3222,-70.9839,6796.2422
NSE:ASIANPAINT-EQ,long,2023-03-22T12:06:00+05:30,2840.0,2023-03-22T14:06:00+05:30,2834.32,2,stoploss,-11.36,55.6168,-66.9768,6940.2481
NSE:SUNPHARMA-EQ,long,2023-03-22T14:06:00+05:30,967.8,2023-03-22T14:36:00+05:30,971.6712,7,target,27.0984,57.271,-30.1726,6910.0755
NSE:RELIANCE-EQ,long,2023-03-22T13:48:00+05:30,1141.65,2023-03-22T14:39:00+05:30,1139.3667,6,stoploss,-13.6998,57.3504,-71.0502,6725.1919
NSE:KOTAKBANK-EQ,short,2023-03-22T13:00:00+05:30,339.92,2023-03-22T15:00:00+05:30,340.5998,20,stoploss,-13.5968,57.2943,-70.8911,7000.5267
NSE:ICICIBANK-EQ,short,2023-03-22T14:51:00+05:30,855.1,2023-03-22T15:00:00+05:30,856.8102,7,stoploss,-11.9714,56.0876,-68.059,6657.133
NSE:INFY-EQ,short,2023-03-22T13:18:00+05:30,1386.85,2023-03-22T15:09:00+05:30,1389.6237,5,stoploss,-13.8685,57.496,-71.3645,6866.2667
NSE:WIPRO-EQ,short,2023-03-22T13:21:00+05:30,183.45,2023-03-22T15:15:00+05:30,183.3,37,time_exit,5.55,57.2651,-51.7151,6885.9161
NSE:HDFCBANK-EQ,long,2023-03-22T13:45:00+05:30,787.25,2023-03-22T15:15:00+05:30,788.25,8,time_exit,8.0,56.5489,-48.5489,6818.6772
NSE:TCS-EQ,long,2023-03-22T14:27:00+05:30,3123.05,2023-03-22T15:15:00+05:30,3132.3,2,time_exit,18.5,56.4802,-37.9802,6902.2679
NSE:AXISBANK-EQ,short,2023-03-22T14:33:00+05:30,849.8,2023-03-22T15:15:00+05:30,849.8,8,time_exit,-0.0,57.2849,-57.2849,6882.9632
NSE:LT-EQ,short,2023-03-22T14:42:00+05:30,2219.95,2023-03-22T15:15:00+05:30,2214.3,3,time_exit,16.95,57.0676,-40.1176,6685.0743
NSE:ASIANPAINT-EQ,long,2023-03-22T15:15:00+05:30,2840.0,2023-03-22T15:18:00+05:30,2839.1,2,time_exit,-1.8,55.6244,-57.4244,6627.6499
NSE:TCS-EQ,long,2023-03-22T15:18:00+05:30,3132.3,2023-03-22T15:21:00+05:30,3130.3,2,time_exit,-4.0,56.4899,-60.4899,6567.16
NSE:SUNPHARMA-EQ,long,2023-03-22T15:18:00+05:30,971.95,2023-03-22T15:21:00+05:30,972.2,6,time_exit,1.5,55.852,-54.352,6573.2979
NSE:KOTAKBANK-EQ,long,2023-03-22T15:24:00+05:30,341.0,2023-03-22T15:27:00+05:30,341.27,19,time_exit,5.13,56.8151,-51.6851,6521.6127
NSE:TITAN-EQ,long,2023-03-23T10:39:00+05:30,2510.7,2023-03-23T10:42:00+05:30,2505.6786,2,stoploss,-10.0428,54.6409,-64.6837,6456.929
NSE:AXISBANK-EQ,long,2023-03-23T11:00:00+05:30,858.85,2023-03-23T11:06:00+05:30,857.1323,7,stoploss,-12.0239,56.1087,-68.1326,6388.7964
NSE:HDFCBANK-EQ,long,2023-03-23T11:03:00+05:30,788.25,2023-03-23T11:06:00+05:30,786.6735,8,stoploss,-12.612,56.5445,-69.1565,6387.7726
NSE:LT-EQ,long,2023-03-23T10:57:00+05:30,2233.3,2023-03-23T11:12:00+05:30,2228.8334,2,stoploss,-8.9332,53.8188,-62.752,6394.1771
NSE:ICICIBANK-EQ,long,2023-03-23T10:57:00+05:30,863.3,2023-03-23T11:18:00+05:30,861.5734,7,stoploss,-12.0862,56.1549,-68.2411,6388.6879
NSE:TCS-EQ,long,2023-03-23T10:54:00+05:30,3132.9,2023-03-23T11:33:00+05:30,3145.4316,2,target,25.0632,56.5147,-31.4515,6425.4776
NSE:RELIANCE-EQ,short,2023-03-23T11:18:00+05:30,1126.55,2023-03-23T11:33:00+05:30,1128.8031,5,stoploss,-11.2655,55.5635,-66.829,6321.8589
NSE:BAJFINANCE-EQ,long,2023-03-23T11:30:00+05:30,588.5,2023-03-23T11:45:00+05:30,587.323,10,stoploss,-11.77,55.9206,-67.6906,6320.9973
NSE:ICICIBANK-EQ,long,2023-03-23T11:39:00+05:30,864.1,2023-03-23T11:54:00+05:30,862.3718,7,stoploss,-12.0974,56.1632,-68.2606,6253.5983
NSE:SBIN-EQ,short,2023-03-23T11:27:00+05:30,517.1,2023-03-23T12:00:00+05:30,518.1342,12,stoploss,-12.4104,56.4135,-68.8239,6319.864
NSE:KOTAKBANK-EQ,short,2023-03-23T11:09:00+05:30,338.03,2023-03-23T12:15:00+05:30,338.7061,18,stoploss,-12.1691,56.2343,-68.4034,6319.3691
NSE:HDFCBANK-EQ,long,2023-03-23T11:30:00+05:30,787.2,2023-03-23T12:15:00+05:30,790.3488,8,target,25.1904,56.5619,-31.3715,6357.3164
NSE:BAJFINANCE-EQ,long,2023-03-23T12:12:00+05:30,587.42,2023-03-23T12:18:00+05:30,586.2452,10,stoploss,-11.7484,55.9046,-67.653,6252.211
NSE:SUNPHARMA-EQ,long,2023-03-23T11:33:00+05:30,977.95,2023-03-23T12:21:00+05:30,981.8618,6,target,23.4708,55.9228,-32.452,6289.4069
NSE:ICICIBANK-EQ,long,2023-03-23T12:00:00+05:30,863.85,2023-03-23T12:45:00+05:30,867.3054,7,target,24.1878,56.1893,-32.0015,6287.8625
NSE:AXISBANK-EQ,long,2023-03-23T11:45:00+05:30,858.45,2023-03-23T13:12:00+05:30,856.7331,7,stoploss,-12.0183,56.1046,-68.1229,6252.8745
NSE:TITAN-EQ,long,2023-03-23T12:48:00+05:30,2511.95,2023-03-23T13:12:00+05:30,2506.9261,2,stoploss,-10.0478,54.6446,-64.6924,6223.1701
NSE:KOTAKBANK-EQ,long,2023-03-23T13:03:00+05:30,340.0,2023-03-23T13:12:00+05:30,339.32,18,stoploss,-12.24,56.2688,-68.5088,6219.3537
NSE:KOTAKBANK-EQ,long,2023-03-23T13:15:00+05:30,339.49,2023-03-23T13:36:00+05:30,338.811,18,stoploss,-12.2216,56.2552,-68.4769,6150.8768
NSE:WIPRO-EQ,long,2023-03-23T13:12:00+05:30,182.05,2023-03-23T13:48:00+05:30,181.6859,34,stoploss,-12.3794,56.3721,-68.7515,6150.6022
NSE:BAJFINANCE-EQ,long,2023-03-23T13:12:00+05:30,587.67,2023-03-23T13:48:00+05:30,586.4947,10,stoploss,-11.7534,55.9083,-67.6617,6151.692
NSE:RELIANCE-EQ,long,2023-03-23T13:33:00+05:30,1130.0,2023-03-23T13:48:00+05:30,1127.74,5,stoploss,-11.3,55.5724,-66.8724,6152.4813
NSE:HDFCBANK-EQ,long,2023-03-23T13:36:00+05:30,793.45,2023-03-23T13:48:00+05:30,791.8631,7,stoploss,-11.1083,55.4303,-66.5386,6084.3382
NSE:TCS-EQ,long,2023-03-23T12:36:00+05:30,3140.8,2023-03-23T14:00:00+05:30,3134.5184,2,stoploss,-12.5632,56.5083,-69.0715,6220.3354
NSE:LT-EQ,short,2023-03-23T14:00:00+05:30,2220.95,2023-03-23T14:15:00+05:30,2212.0662,2,target,17.7676,53.7769,-36.0093,6184.3261
NSE:SBIN-EQ,short,2023-03-23T14:00:00+05:30,518.0,2023-03-23T14:30:00+05:30,515.928,11,target,22.792,55.6368,-32.8448,6187.4906
NSE:RELIANCE-EQ,short,2023-03-23T14:06:00+05:30,1127.47,2023-03-23T14:51:00+05:30,1122.9601,5,target,22.5494,55.547,-32.9976,6187.3378
NSE:INFY-EQ,short,2023-03-23T14:06:00+05:30,1375.0,2023-03-23T15:15:00+05:30,1375.5,4,time_exit,-2.0,55.3602,-57.3602,6162.9752
NSE:SUNPHARMA-EQ,short,2023-03-23T15:00:00+05:30,977.9,2023-03-23T15:15:00+05:30,977.6,6,time_exit,1.8,55.9026,-54.1026,6133.2352
NSE:WIPRO-EQ,short,2023-03-23T15:18:00+05:30,180.73,2023-03-23T15:21:00+05:30,180.73,33,time_exit,-0.0,56.0473,-56.0473,6077.188
NSE:WIPRO-EQ,short,2023-03-23T15:24:00+05:30,180.73,2023-03-23T15:27:00+05:30,180.98,33,time_exit,-8.25,56.053,-64.303,6012.885
NSE:LT-EQ,short,2023-03-23T15:24:00+05:30,2207.0,2023-03-23T15:27:00+05:30,2206.8,2,time_exit,0.4,53.7475,-53.3475,6023.8404
NSE:SUNPHARMA-EQ,short,2023-03-23T15:24:00+05:30,977.05,2023-03-23T15:27:00+05:30,977.95,6,time_exit,-5.4,55.9,-61.3,6015.888
NSE:LT-EQ,short,2023-03-24T10:33:00+05:30,2204.45,2023-03-24T10:42:00+05:30,2195.6322,2,target,17.6356,53.7281,-36.0925,5979.7955
NSE:ASIANPAINT-EQ,short,2023-03-24T10:39:00+05:30,2781.05,2023-03-24T10:45:00+05:30,2786.6121,2,stoploss,-11.1242,55.4586,-66.5828,5949.3052
NSE:ICICIBANK-EQ,short,2023-03-24T10:42:00+05:30,852.45,2023-03-24T10:54:00+05:30,854.1549,7,stoploss,-11.9343,56.06,-67.9943,5911.8012
NSE:HDFCBANK-EQ,short,2023-03-24T11:00:00+05:30,781.15,2023-03-24T11:03:00+05:30,782.7123,7,stoploss,-10.9361,55.319,-66.2551,5845.5461
NSE:SBIN-EQ,short,2023-03-24T10:33:00+05:30,511.25,2023-03-24T11:09:00+05:30,512.2725,11,stoploss,-11.2475,55.5502,-66.7977,5949.0903
NSE:BAJFINANCE-EQ,short,2023-03-24T11:03:00+05:30,571.17,2023-03-24T11:09:00+05:30,572.3123,10,stoploss,-11.4234,55.6808,-67.1042,5778.442
NSE:SUNPHARMA-EQ,short,2023-03-24T10:42:00+05:30,971.15,2023-03-24T11:12:00+05:30,973.0923,6,stoploss,-11.6538,55.8518,-67.5056,5912.2899
NSE:AXISBANK-EQ,short,2023-03-24T10:57:00+05:30,845.3,2023-03-24T11:12:00+05:30,846.9906,6,stoploss,-10.1436,54.7306,-64.8742,5846.927
NSE:WIPRO-EQ,short,2023-03-24T11:09:00+05:30,181.5,2023-03-24T11:12:00+05:30,181.863,32,stoploss,-11.616,55.8237,-67.4397,5711.0022
NSE:TITAN-EQ,short,2023-03-24T11:09:00+05:30,2501.15,2023-03-24T11:12:00+05:30,2506.1523,2,stoploss,-10.0046,54.6274,-64.632,5713.8099
NSE:KOTAKBANK-EQ,short,2023-03-24T11:09:00+05:30,336.9,2023-03-24T11:21:00+05:30,337.5738,17,stoploss,-11.4546,55.7039,-67.1585,5711.2835
NSE:TCS-EQ,long,2023-03-24T11:15:00+05:30,3162.0,2023-03-24T11:27:00+05:30,3155.676,1,stoploss,-6.324,51.8856,-58.2096,5655.6004
NSE:AXISBANK-EQ,long,2023-03-24T11:54:00+05:30,851.0,2023-03-24T12:09:00+05:30,849.298,6,stoploss,-10.212,54.7663,-64.9783,5590.6221
NSE:BAJFINANCE-EQ,short,2023-03-24T11:12:00+05:30,571.6,2023-03-24T12:12:00+05:30,572.7432,10,stoploss,-11.432,55.6871,-67.1191,5646.6908
NSE:RELIANCE-EQ,short,2023-03-24T10:51:00+05:30,1112.85,2023-03-24T12:18:00+05:30,1115.0757,5,stoploss,-11.1285,55.4618,-66.5903,5882.7149
NSE:TCS-EQ,long,2023-03-24T12:09:00+05:30,3159.45,2023-03-24T12:30:00+05:30,3153.1311,1,stoploss,-6.3189,51.8818,-58.2007,5532.4214
NSE:KOTAKBANK-EQ,long,2023-03-24T12:24:00+05:30,338.88,2023-03-24T12:30:00+05:30,340.2355,17,target,23.0438,55.7642,-32.7203,5849.9945
NSE:ICICIBANK-EQ,long,2023-03-24T11:51:00+05:30,857.7,2023-03-24T12:33:00+05:30,855.9846,6,stoploss,-10.2924,54.8258,-65.1182,5590.4821
NSE:ASIANPAINT-EQ,long,2023-03-24T12:03:00+05:30,2810.8,2023-03-24T12:36:00+05:30,2805.1784,2,stoploss,-11.2432,55.5303,-66.7735,5588.8269
NSE:SUNPHARMA-EQ,long,2023-03-24T12:15:00+05:30,974.95,2023-03-24T12:36:00+05:30,973.0001,5,stoploss,-9.7495,54.4236,-64.1731,5582.5177
NSE:INFY-EQ,long,2023-03-24T11:45:00+05:30,1392.1,2023-03-24T12:39:00+05:30,1389.3158,4,stoploss,-11.1368,55.4515,-66.5883,5589.0121
NSE:AXISBANK-EQ,long,2023-03-24T12:24:00+05:30,849.1,2023-03-24T12:39:00+05:30,847.4018,6,stoploss,-10.1892,54.7494,-64.9386,5817.7763
NSE:ICICIBANK-EQ,long,2023-03-24T12:36:00+05:30,855.65,2023-03-24T12:39:00+05:30,853.9387,6,stoploss,-10.2678,54.8076,-65.0754,5517.4423
NSE:HDFCBANK-EQ,long,2023-03-24T11:51:00+05:30,784.23,2023-03-24T12:45:00+05:30,782.6615,7,stoploss,-10.9792,55.3347,-66.3139,5589.2864
NSE:BAJFINANCE-EQ,short,2023-03-24T12:45:00+05:30,569.75,2023-03-24T12:48:00+05:30,570.8895,9,stoploss,-10.2555,54.8137,-65.0692,5524.2172
NSE:TITAN-EQ,short,2023-03-24T12:45:00+05:30,2499.85,2023-03-24T12:57:00+05:30,2489.8506,2,target,19.9988,54.6028,-34.604,5554.6824
NSE:HDFCBANK-EQ,short,2023-03-24T13:00:00+05:30,782.0,2023-03-24T13:03:00+05:30,783.564,7,stoploss,-10.948,55.3278,-66.2758,5488.4066
NSE:KOTAKBANK-EQ,long,2023-03-24T12:36:00+05:30,339.67,2023-03-24T13:09:00+05:30,341.0287,16,target,21.7389,55.2792,-33.5403,5548.9774
NSE:TCS-EQ,short,2023-03-24T12:45:00+05:30,3149.9,2023-03-24T13:21:00+05:30,3137.3004,1,target,12.5996,51.8639,-39.2643,5550.0221
NSE:ASIANPAINT-EQ,long,2023-03-24T12:39:00+05:30,2803.3,2023-03-24T13:30:00+05:30,2797.6934,1,stoploss,-5.6066,51.354,-56.9606,5460.4817
NSE:SBIN-EQ,long,2023-03-24T13:21:00+05:30,512.95,2023-03-24T13:36:00+05:30,511.9241,10,stoploss,-10.259,54.8011,-65.0601,5484.9621
NSE:INFY-EQ,long,2023-03-24T13:27:00+05:30,1392.4,2023-03-24T13:36:00+05:30,1389.6152,3,stoploss,-8.3544,53.3899,-61.7443,5488.2778
NSE:WIPRO-EQ,short,2023-03-24T12:45:00+05:30,181.48,2023-03-24T13:48:00+05:30,180.7541,30,target,21.7776,55.2613,-33.4837,5555.8028
NSE:LT-EQ,short,2023-03-24T12:51:00+05:30,2184.35,2023-03-24T13:48:00+05:30,2188.7187,2,stoploss,-8.7374,53.6867,-62.4241,5461.7932
NSE:SBIN-EQ,short,2023-03-24T13:39:00+05:30,511.75,2023-03-24T14:03:00+05:30,509.703,10,target,20.47,54.7772,-34.3072,5453.9706
NSE:SUNPHARMA-EQ,long,2023-03-24T12:39:00+05:30,973.65,2023-03-24T14:39:00+05:30,977.5446,5,target,19.473,54.4371,-34.9641,5482.4782
NSE:HDFCBANK-EQ,long,2023-03-27T10:12:00+05:30,785.63,2023-03-27T10:24:00+05:30,784.0587,6,stoploss,-9.4276,54.1851,-63.6126,5418.8656
NSE:LT-EQ,long,2023-03-27T10:18:00+05:30,2186.5,2023-03-27T10:24:00+05:30,2182.127,2,stoploss,-8.746,53.6801,-62.4261,5420.0522
NSE:KOTAKBANK-EQ,long,2023-03-27T10:09:00+05:30,341.0,2023-03-27T10:45:00+05:30,340.318,16,stoploss,-10.912,55.2849,-66.1969,5416.2813
NSE:SUNPHARMA-EQ,long,2023-03-27T10:27:00+05:30,978.85,2023-03-27T10:48:00+05:30,982.7654,5,target,19.577,54.4757,-34.8987,5385.1534
NSE:ASIANPAINT-EQ,short,2023-03-27T10:48:00+05:30,2789.2,2023-03-27T10:51:00+05:30,2794.7784,1,stoploss,-5.5784,51.3414,-56.9198,5328.2336
NSE:AXISBANK-EQ,short,2023-03-27T10:48:00+05:30,832.9,2023-03-27T10:54:00+05:30,834.5658,6,stoploss,-9.9948,54.6202,-64.615,5320.5385
NSE:HDFCBANK-EQ,long,2023-03-27T10:30:00+05:30,785.5,2023-03-27T10:57:00+05:30,783.929,6,stoploss,-9.426,54.1839,-63.6099,5356.4423
NSE:SBIN-EQ,short,2023-03-27T10:45:00+05:30,506.85,2023-03-27T11:00:00+05:30,507.8637,10,stoploss,-10.137,54.7257,-64.8627,5351.4186
NSE:BAJFINANCE-EQ,short,2023-03-27T10:57:00+05:30,564.58,2023-03-27T11:12:00+05:30,562.3217,9,target,20.3249,54.7235,-34.3986,5322.0436
NSE:ICICIBANK-EQ,short,2023-03-27T10:48:00+05:30,847.0,2023-03-27T11:36:00+05:30,848.694,6,stoploss,-10.164,54.7458,-64.9098,5320.2437
NSE:LT-EQ,short,2023-03-27T11:03:00+05:30,2172.95,2023-03-27T11:36:00+05:30,2177.2959,2,stoploss,-8.6918,53.6528,-62.3446,5289.074
NSE:HDFCBANK-EQ,short,2023-03-27T11:33:00+05:30,781.03,2023-03-27T11:36:00+05:30,782.5921,6,stoploss,-9.3724,54.1581,-63.5304,5258.5132
NSE:TITAN-EQ,long,2023-03-27T10:27:00+05:30,2492.75,2023-03-27T11:39:00+05:30,2502.721,2,target,19.942,54.6114,-34.6694,5385.3828
NSE:KOTAKBANK-EQ,short,2023-03-27T11:27:00+05:30,339.75,2023-03-27T11:39:00+05:30,340.4295,15,stoploss,-10.1925,54.7669,-64.9594,5257.0842
NSE:AXISBANK-EQ,short,2023-03-27T11:03:00+05:30,835.4,2023-03-27T11:42:00+05:30,837.0708,6,stoploss,-10.0248,54.6424,-64.6672,5286.7514
NSE:ICICIBANK-EQ,short,2023-03-27T11:39:00+05:30,847.85,2023-03-27T11:42:00+05:30,849.5457,6,stoploss,-10.1742,54.7533,-64.9275,5192.1567
NSE:INFY-EQ,short,2023-03-27T10:51:00+05:30,1383.85,2023-03-27T11:48:00+05:30,1386.6177,3,stoploss,-8.3031,53.3642,-61.6673,5266.5663
NSE:TCS-EQ,short,2023-03-27T11:36:00+05:30,3130.0,2023-03-27T11:51:00+05:30,3136.26,1,stoploss,-6.26,51.8474,-58.1074,5200.4058
NSE:TITAN-EQ,long,2023-03-27T11:42:00+05:30,2503.7,2023-03-27T12:00:00+05:30,2498.6926,2,stoploss,-10.0148,54.6201,-64.6349,5127.5217
NSE:SUNPHARMA-EQ,long,2023-03-27T11:57:00+05:30,988.35,2023-03-27T12:30:00+05:30,986.3733,5,stoploss,-9.8835,54.5229,-64.4064,5135.9994
NSE:SBIN-EQ,long,2023-03-27T12:12:00+05:30,509.65,2023-03-27T12:36:00+05:30,511.6886,10,target,20.386,54.7764,-34.3904,5093.1313
NSE:RELIANCE-EQ,long,2023-03-27T11:57:00+05:30,1122.1,2023-03-27T12:51:00+05:30,1119.8558,4,stoploss,-8.9768,53.8511,-62.8279,5137.5779
NSE:ICICIBANK-EQ,long,2023-03-27T12:45:00+05:30,851.75,2023-03-27T12:51:00+05:30,850.0465,5,stoploss,-8.5175,53.5108,-62.0283,5031.103
NSE:LT-EQ,short,2023-03-27T11:39:00+05:30,2173.2,2023-03-27T13:00:00+05:30,2164.5072,2,target,17.3856,53.6355,-36.2499,5220.8343
NSE:INFY-EQ,long,2023-03-27T12:45:00+05:30,1394.0,2023-03-27T13:03:00+05:30,1391.212,3,stoploss,-8.364,53.397,-61.761,5031.3703
NSE:SBIN-EQ,long,2023-03-27T12:54:00+05:30,510.35,2023-03-27T13:06:00+05:30,509.3293,9,stoploss,-9.1863,54.0063,-63.1926,4967.9104
NSE:ASIANPAINT-EQ,long,2023-03-27T11:42:00+05:30,2802.45,2023-03-27T13:09:00+05:30,2796.8451,1,stoploss,-5.6049,51.3528,-56.9577,5135.199
NSE:TCS-EQ,long,2023-03-27T11:54:00+05:30,3139.05,2023-03-27T13:27:00+05:30,3132.7719,1,stoploss,-6.2781,51.8516,-58.1297,5142.2761
NSE:RELIANCE-EQ,long,2023-03-27T12:54:00+05:30,1119.43,2023-03-27T13:36:00+05:30,1123.9077,4,target,17.9109,53.8565,-35.9456,4995.1574
NSE:BAJFINANCE-EQ,short,2023-03-27T13:18:00+05:30,560.42,2023-03-27T14:27:00+05:30,561.5408,9,stoploss,-10.0876,54.689,-64.7766,5070.4224
NSE:SUNPHARMA-EQ,long,2023-03-27T14:12:00+05:30,989.85,2023-03-27T14:30:00+05:30,987.8703,5,stoploss,-9.8985,54.534,-64.4325,4930.7249
NSE:TITAN-EQ,long,2023-03-27T14:33:00+05:30,2508.2,2023-03-27T14:54:00+05:30,2503.1836,1,stoploss,-5.0164,50.9167,-55.9331,4874.7918
NSE:WIPRO-EQ,long,2023-03-27T11:54:00+05:30,181.38,2023-03-27T15:00:00+05:30,181.0172,28,stoploss,-10.1573,54.7257,-64.883,5135.5228
NSE:KOTAKBANK-EQ,long,2023-03-27T12:21:00+05:30,341.19,2023-03-27T15:00:00+05:30,342.5548,15,target,20.4714,54.8081,-34.3367,5093.185
NSE:AXISBANK-EQ,long,2023-03-27T14:36:00+05:30,837.05,2023-03-27T15:00:00+05:30,835.3759,5,stoploss,-8.3705,53.4019,-61.7724,4868.9526
NSE:INFY-EQ,long,2023-03-27T15:00:00+05:30,1392.0,2023-03-27T15:03:00+05:30,1389.216,3,stoploss,-8.352,53.3881,-61.7401,4807.2124
NSE:BAJFINANCE-EQ,short,2023-03-27T15:06:00+05:30,559.18,2023-03-27T15:15:00+05:30,559.4,8,time_exit,-1.76,53.8372,-55.5972,4751.6152
NSE:TCS-EQ,short,2023-03-27T15:27:00+05:30,3125.0,2023-03-28T09:15:00+05:30,3131.25,1,stoploss,-6.25,51.84,-58.09,4693.5252
NSE:TITAN-EQ,short,2023-03-28T10:00:00+05:30,2496.8,2023-03-28T10:12:00+05:30,2501.7936,1,stoploss,-4.9936,50.9073,-55.9009,4637.6243
NSE:ASIANPAINT-EQ,short,2023-03-28T10:18:00+05:30,2782.55,2023-03-28T10:30:00+05:30,2771.4198,1,target,11.1302,51.32,-40.1898,4597.4346
NSE:WIPRO-EQ,short,2023-03-28T10:03:00+05:30,181.0,2023-03-28T10:33:00+05:30,180.276,25,target,18.1,53.9,-35.8,4657.7252
NSE:SBIN-EQ,short,2023-03-28T10:33:00+05:30,508.45,2023-03-28T10:42:00+05:30,509.4669,9,stoploss,-9.1521,53.9945,-63.1466,4594.5786
NSE:LT-EQ,short,2023-03-28T10:33:00+05:30,2136.7,2023-03-28T10:48:00+05:30,2140.9734,2,stoploss,-8.5468,53.5452,-62.092,4595.6333
NSE:HDFCBANK-EQ,short,2023-03-28T10:48:00+05:30,783.9,2023-03-28T10:51:00+05:30,785.4678,5,stoploss,-7.839,53.0197,-60.8587,4534.7746
NSE:KOTAKBANK-EQ,short,2023-03-28T10:48:00+05:30,340.68,2023-03-28T10:57:00+05:30,339.3173,13,target,17.7154,53.7576,-36.0422,4559.5911
NSE:LT-EQ,short,2023-03-28T10:51:00+05:30,2141.05,2023-03-28T11:00:00+05:30,2132.4858,2,target,17.1284,53.5403,-36.4119,4498.3627
NSE:AXISBANK-EQ,short,2023-03-28T10:51:00+05:30,830.1,2023-03-28T11:03:00+05:30,831.7602,5,stoploss,-8.301,53.3627,-61.6637,4473.1109
NSE:SBIN-EQ,short,2023-03-28T10:57:00+05:30,507.9,2023-03-28T11:06:00+05:30,508.9158,8,stoploss,-8.1264,53.2331,-61.3595,4498.2316
NSE:BAJFINANCE-EQ,short,2023-03-28T10:51:00+05:30,558.22,2023-03-28T11:15:00+05:30,559.3364,8,stoploss,-8.9315,53.8308,-62.7623,4472.0123
NSE:HDFCBANK-EQ,short,2023-03-28T11:00:00+05:30,784.35,2023-03-28T11:15:00+05:30,785.9187,5,stoploss,-7.8435,53.023,-60.8665,4437.4962
NSE:RELIANCE-EQ,short,2023-03-28T10:21:00+05:30,1122.85,2023-03-28T11:18:00+05:30,1125.0957,4,stoploss,-8.9828,53.8688,-62.8516,4574.7727
NSE:ASIANPAINT-EQ,short,2023-03-28T11:15:00+05:30,2773.05,2023-03-28T11:18:00+05:30,2778.5961,1,stoploss,-5.5461,51.3174,-56.8635,4380.6326
NSE:LT-EQ,short,2023-03-28T11:09:00+05:30,2133.2,2023-03-28T11:24:00+05:30,2137.4664,2,stoploss,-8.5328,53.5348,-62.0676,4436.1641
NSE:SUNPHARMA-EQ,short,2023-03-28T10:15:00+05:30,980.0,2023-03-28T11:33:00+05:30,981.96,4,stoploss,-7.84,53.0204,-60.8604,4576.7639
NSE:TCS-EQ,short,2023-03-28T11:30:00+05:30,3131.2,2023-03-28T11:39:00+05:30,3137.4624,1,stoploss,-6.2624,51.8492,-58.1116,4378.0524
NSE:TITAN-EQ,long,2023-03-28T11:42:00+05:30,2505.65,2023-03-28T11:45:00+05:30,2500.6387,1,stoploss,-5.0113,50.913,-55.9243,4322.1282
NSE:SUNPHARMA-EQ,long,2023-03-28T11:57:00+05:30,983.2,2023-03-28T12:06:00+05:30,981.2336,4,stoploss,-7.8656,53.0278,-60.8934,4261.2348
NSE:INFY-EQ,short,2023-03-28T10:18:00+05:30,1386.0,2023-03-28T12:12:00+05:30,1380.456,3,target,16.632,53.3566,-36.7246,4600.8998
NSE:BAJFINANCE-EQ,long,2023-03-28T11:51:00+05:30,560.09,2023-03-28T12:12:00+05:30,558.9698,7,stoploss,-7.8413,53.0097,-60.851,4261.2772
NSE:SUNPHARMA-EQ,long,2023-03-28T12:09:00+05:30,982.6,2023-03-28T12:15:00+05:30,980.6348,4,stoploss,-7.8608,53.0242,-60.885,4200.3498
NSE:TCS-EQ,long,2023-03-28T12:12:00+05:30,3135.7,2023-03-28T12:18:00+05:30,3129.4286,1,stoploss,-6.2714,51.8466,-58.118,4203.1592
NSE:SBIN-EQ,short,2023-03-28T11:09:00+05:30,508.25,2023-03-28T12:27:00+05:30,506.217,8,target,16.264,53.2203,-36.9563,4461.2753
NSE:AXISBANK-EQ,short,2023-03-28T12:27:00+05:30,829.75,2023-03-28T12:57:00+05:30,831.4095,5,stoploss,-8.2975,53.3601,-61.6576,4399.6177
NSE:KOTAKBANK-EQ,short,2023-03-28T11:03:00+05:30,339.46,2023-03-28T13:12:00+05:30,340.1389,13,stoploss,-8.826,53.7524,-62.5784,4410.5326
NSE:BAJFINANCE-EQ,short,2023-03-28T12:21:00+05:30,558.62,2023-03-28T13:21:00+05:30,556.3855,7,target,15.6414,52.9899,-37.3485,4165.8107
NSE:AXISBANK-EQ,long,2023-03-28T13:12:00+05:30,833.0,2023-03-28T13:24:00+05:30,831.334,5,stoploss,-8.33,53.3718,-61.7018,4348.8307
NSE:RELIANCE-EQ,long,2023-03-28T13:27:00+05:30,1125.0,2023-03-28T13:48:00+05:30,1122.75,3,stoploss,-6.75,52.2012,-58.9512,4289.8795
NSE:KOTAKBANK-EQ,short,2023-03-28T13:42:00+05:30,338.68,2023-03-28T14:18:00+05:30,337.3253,12,target,16.2566,53.2176,-36.961,4311.8697
NSE:INFY-EQ,short,2023-03-28T12:24:00+05:30,1383.1,2023-03-28T15:03:00+05:30,1377.5676,3,target,16.5972,53.3437,-36.7465,4166.4127
NSE:WIPRO-EQ,short,2023-03-28T13:57:00+05:30,178.85,2023-03-28T15:03:00+05:30,178.1346,23,target,16.4542,53.2907,-36.8365,4253.043
NSE:TITAN-EQ,long,2023-03-28T11:48:00+05:30,2500.7,2023-03-28T15:15:00+05:30,2500.0,1,time_exit,-0.7,50.909,-51.609,4270.5191
NSE:HDFCBANK-EQ,long,2023-03-28T14:57:00+05:30,789.9,2023-03-28T15:15:00+05:30,789.88,5,time_exit,-0.1,53.0587,-53.1587,4258.711
NSE:ASIANPAINT-EQ,long,2023-03-28T15:03:00+05:30,2785.2,2023-03-28T15:15:00+05:30,2781.85,1,time_exit,-3.35,51.329,-54.679,4198.364
NSE:RELIANCE-EQ,long,2023-03-28T15:24:00+05:30,1124.1,2023-03-28T15:27:00+05:30,1123.78,3,time_exit,-0.96,52.2018,-53.1618,4145.2022
NSE:ICICIBANK-EQ,long,2023-03-29T10:33:00+05:30,859.5,2023-03-29T10:42:00+05:30,857.781,4,stoploss,-6.876,52.2946,-59.1706,4086.0317
NSE:AXISBANK-EQ,long,2023-03-29T10:33:00+05:30,838.1,2023-03-29T10:51:00+05:30,836.4238,4,stoploss,-6.7048,52.1677,-58.8725,4086.3297
NSE:ICICIBANK-EQ,long,2023-03-29T10:51:00+05:30,860.2,2023-03-29T10:54:00+05:30,858.4796,4,stoploss,-6.8816,52.2987,-59.1803,4027.1494
NSE:SBIN-EQ,long,2023-03-29T10:33:00+05:30,510.7,2023-03-29T10:57:00+05:30,509.6786,8,stoploss,-8.1712,53.2542,-61.4254,4083.7768
NSE:LT-EQ,long,2023-03-29T10:45:00+05:30,2154.15,2023-03-29T10:57:00+05:30,2149.8417,1,stoploss,-4.3083,50.3921,-54.7004,4031.3313
NSE:AXISBANK-EQ,long,2023-03-29T10:54:00+05:30,836.25,2023-03-29T10:57:00+05:30,834.5775,4,stoploss,-6.69,52.1567,-58.8467,3968.3027
NSE:HDFCBANK-EQ,long,2023-03-29T10:57:00+05:30,798.45,2023-03-29T11:06:00+05:30,796.8531,5,stoploss,-7.9845,53.1159,-61.1004,3907.2023
NSE:ICICIBANK-EQ,long,2023-03-29T11:00:00+05:30,858.05,2023-03-29T11:06:00+05:30,856.3339,4,stoploss,-6.8644,52.286,-59.1504,3909.1523
NSE:AXISBANK-EQ,long,2023-03-29T11:00:00+05:30,834.95,2023-03-29T11:15:00+05:30,833.2801,4,stoploss,-6.6796,52.149,-58.8286,3909.474
NSE:ASIANPAINT-EQ,short,2023-03-29T11:09:00+05:30,2773.7,2023-03-29T11:36:00+05:30,2762.6052,1,target,11.0948,51.3069,-40.2121,3868.9402
NSE:SBIN-EQ,long,2023-03-29T11:00:00+05:30,509.85,2023-03-29T11:45:00+05:30,508.8303,7,stoploss,-7.1379,52.4886,-59.6265,3908.6762
NSE:INFY-EQ,short,2023-03-29T11:30:00+05:30,1371.55,2023-03-29T11:51:00+05:30,1366.0638,2,target,10.9724,51.2616,-40.2892,3869.1848
NSE:SUNPHARMA-EQ,short,2023-03-29T11:42:00+05:30,988.0,2023-03-29T12:21:00+05:30,984.048,3,target,11.856,51.5887,-39.7327,3829.2076
NSE:SBIN-EQ,short,2023-03-29T12:24:00+05:30,507.75,2023-03-29T12:27:00+05:30,508.7655,7,stoploss,-7.1085,52.4774,-59.5859,3769.6217
NSE:KOTAKBANK-EQ,long,2023-03-29T10:27:00+05:30,341.09,2023-03-29T12:33:00+05:30,340.4078,12,stoploss,-8.1862,53.2653,-61.4514,4083.7508
NSE:ASIANPAINT-EQ,short,2023-03-29T12:03:00+05:30,2764.4,2023-03-29T12:36:00+05:30,2769.9288,1,stoploss,-5.5288,51.3046,-56.8334,3812.3515
NSE:TITAN-EQ,short,2023-03-29T12:12:00+05:30,2504.35,2023-03-29T12:36:00+05:30,2509.3587,1,stoploss,-5.0087,50.9185,-55.9272,3813.2577
NSE:TCS-EQ,short,2023-03-29T11:09:00+05:30,3116.1,2023-03-29T12:45:00+05:30,3122.3322,1,stoploss,-6.2322,51.8268,-58.059,3851.0933
NSE:INFY-EQ,short,2023-03-29T12:15:00+05:30,1367.1,2023-03-29T12:45:00+05:30,1369.8342,2,stoploss,-5.4684,51.2597,-56.7281,3812.4567
NSE:RELIANCE-EQ,short,2023-03-29T12:30:00+05:30,1108.78,2023-03-29T12:45:00+05:30,1110.9976,3,stoploss,-6.6527,52.139,-58.7916,3710.8301
NSE:KOTAKBANK-EQ,short,2023-03-29T12:39:00+05:30,340.5,2023-03-29T12:48:00+05:30,341.181,11,stoploss,-7.491,52.7613,-60.2523,3753.0053
NSE:LT-EQ,short,2023-03-29T11:48:00+05:30,2131.25,2023-03-29T13:15:00+05:30,2135.5125,1,stoploss,-4.2625,50.3645,-54.627,3854.0492
NSE:TITAN-EQ,short,2023-03-29T12:57:00+05:30,2504.3,2023-03-29T13:15:00+05:30,2509.3086,1,stoploss,-5.0086,50.9184,-55.927,3697.0784
NSE:HDFCBANK-EQ,short,2023-03-29T12:36:00+05:30,795.08,2023-03-29T13:18:00+05:30,796.6702,5,stoploss,-7.9508,53.1027,-61.0535,3752.2042
NSE:KOTAKBANK-EQ,long,2023-03-29T13:00:00+05:30,341.43,2023-03-29T13:48:00+05:30,342.7957,10,target,13.6572,52.2757,-38.6185,3714.3869
NSE:TCS-EQ,long,2023-03-29T13:33:00+05:30,3121.65,2023-03-29T13:51:00+05:30,3115.4067,1,stoploss,-6.2433,51.8258,-58.0691,3694.1351
NSE:ASIANPAINT-EQ,long,2023-03-29T13:42:00+05:30,2774.0,2023-03-29T13:51:00+05:30,2768.452,1,stoploss,-5.548,51.3106,-56.8586,3695.3456
NSE:HDFCBANK-EQ,long,2023-03-29T13:33:00+05:30,796.33,2023-03-29T14:03:00+05:30,799.5153,4,target,12.7413,51.9353,-39.194,3713.0102
NSE:INFY-EQ,long,2023-03-29T13:51:00+05:30,1373.2,2023-03-29T14:03:00+05:30,1378.6928,2,target,10.9856,51.2828,-40.2972,3655.0484
NSE:BAJFINANCE-EQ,long,2023-03-29T13:33:00+05:30,560.89,2023-03-29T14:09:00+05:30,563.1336,6,target,13.4614,52.2029,-38.7415,3713.4627
NSE:TITAN-EQ,long,2023-03-29T13:27:00+05:30,2511.05,2023-03-29T14:21:00+05:30,2506.0279,1,stoploss,-5.0221,50.921,-55.9431,3696.2611
NSE:TCS-EQ,long,2023-03-29T14:03:00+05:30,3124.85,2023-03-29T14:33:00+05:30,3118.6003,1,stoploss,-6.2497,51.8305,-58.0802,3596.9682
NSE:RELIANCE-EQ,long,2023-03-29T13:57:00+05:30,1114.0,2023-03-29T15:00:00+05:30,1118.456,3,target,13.368,52.1682,-38.8002,3656.5454
NSE:WIPRO-EQ,long,2023-03-29T13:57:00+05:30,178.38,2023-03-29T15:03:00+05:30,179.0935,20,target,14.2704,52.5035,-38.2331,3657.1124
NSE:LT-EQ,short,2023-03-29T15:00:00+05:30,2130.1,2023-03-29T15:03:00+05:30,2134.3602,1,stoploss,-4.2602,50.3628,-54.623,3601.9224
NSE:RELIANCE-EQ,long,2023-03-29T15:06:00+05:30,1116.45,2023-03-29T15:15:00+05:30,1117.2,3,time_exit,2.25,52.1703,-49.9203,3552.0022
NSE:INFY-EQ,long,2023-03-31T10:51:00+05:30,1403.15,2023-03-31T10:57:00+05:30,1400.3437,2,stoploss,-5.6126,51.3585,-56.9711,3495.0311
NSE:ICICIBANK-EQ,long,2023-03-31T10:45:00+05:30,874.0,2023-03-31T11:42:00+05:30,877.496,4,target,13.984,52.3971,-38.4131,3513.589
NSE:HDFCBANK-EQ,long,2023-03-31T11:54:00+05:30,800.9,2023-03-31T11:57:00+05:30,799.2982,4,stoploss,-6.4072,51.9472,-58.3544,3455.2346
NSE:ICICIBANK-EQ,long,2023-03-31T11:54:00+05:30,877.15,2023-03-31T12:00:00+05:30,875.3957,4,stoploss,-7.0172,52.3992,-59.4164,3454.1727
NSE:SBIN-EQ,long,2023-03-31T11:00:00+05:30,521.7,2023-03-31T12:06:00+05:30,520.6566,6,stoploss,-6.2604,51.8384,-58.0988,3436.9322
NSE:INFY-EQ,long,2023-03-31T11:33:00+05:30,1405.8,2023-03-31T12:15:00+05:30,1411.4232,2,target,11.2464,51.3797,-40.1333,3454.8978
NSE:KOTAKBANK-EQ,long,2023-03-31T11:21:00+05:30,345.81,2023-03-31T12:27:00+05:30,347.1932,10,target,13.8324,52.3408,-38.5084,3456.5227
NSE:INFY-EQ,long,2023-03-31T12:18:00+05:30,1409.95,2023-03-31T12:30:00+05:30,1415.5898,2,target,11.2796,51.392,-40.1124,3414.7854
NSE:WIPRO-EQ,long,2023-03-31T12:15:00+05:30,181.8,2023-03-31T12:36:00+05:30,182.5272,18,target,13.0896,52.0647,-38.9751,3415.9227
NSE:SUNPHARMA-EQ,long,2023-03-31T11:36:00+05:30,986.2,2023-03-31T12:39:00+05:30,990.1448,3,target,11.8344,51.5982,-39.7638,3455.2673
NSE:ICICIBANK-EQ,long,2023-03-31T12:33:00+05:30,876.05,2023-03-31T13:00:00+05:30,874.2979,3,stoploss,-5.2563,51.0945,-56.3508,3358.4346
NSE:RELIANCE-EQ,long,2023-03-31T12:18:00+05:30,1157.88,2023-03-31T13:12:00+05:30,1162.5115,2,target,9.263,50.6426,-41.3795,3413.5182
NSE:SBIN-EQ,long,2023-03-31T12:36:00+05:30,522.0,2023-03-31T13:15:00+05:30,520.956,6,stoploss,-6.264,51.8411,-58.1051,3357.8176
NSE:SUNPHARMA-EQ,long,2023-03-31T12:48:00+05:30,989.25,2023-03-31T13:21:00+05:30,987.2715,3,stoploss,-5.9355,51.5977,-57.5332,3397.734
NSE:ASIANPAINT-EQ,long,2023-03-31T13:09:00+05:30,2766.25,2023-03-31T13:30:00+05:30,2760.7175,1,stoploss,-5.5325,51.2991,-56.8316,3301.6029
NSE:LT-EQ,long,2023-03-31T11:27:00+05:30,2160.45,2023-03-31T13:33:00+05:30,2169.0918,1,target,8.6418,50.4117,-41.7699,3453.2612
NSE:HDFCBANK-EQ,long,2023-03-31T13:06:00+05:30,800.7,2023-03-31T13:54:00+05:30,803.9028,4,target,12.8112,51.9612,-39.15,3319.2845
NSE:SUNPHARMA-EQ,long,2023-03-31T14:15:00+05:30,990.0,2023-03-31T14:24:00+05:30,988.02,3,stoploss,-5.94,51.6011,-57.5411,3261.7435
NSE:KOTAKBANK-EQ,long,2023-03-31T13:15:00+05:30,347.73,2023-03-31T14:30:00+05:30,347.0345,9,stoploss,-6.2591,51.8375,-58.0967,3299.7209
NSE:SBIN-EQ,long,2023-03-31T13:42:00+05:30,522.3,2023-03-31T14:33:00+05:30,521.2554,6,stoploss,-6.2676,51.8438,-58.1114,3395.1498
NSE:BAJFINANCE-EQ,long,2023-03-31T14:30:00+05:30,562.99,2023-03-31T14:33:00+05:30,561.864,5,stoploss,-5.6299,51.3713,-57.0012,3242.7197
NSE:TCS-EQ,long,2023-03-31T13:39:00+05:30,3192.25,2023-03-31T15:00:00+05:30,3205.019,1,target,12.769,51.9456,-39.1766,3414.0846
NSE:AXISBANK-EQ,long,2023-03-31T14:12:00+05:30,853.35,2023-03-31T15:00:00+05:30,856.7634,3,target,10.2402,51.0057,-40.7655,3278.519
NSE:TITAN-EQ,long,2023-03-31T14:27:00+05:30,2517.05,2023-03-31T15:09:00+05:30,2512.0159,1,stoploss,-5.0341,50.9299,-55.964,3205.7795
NSE:WIPRO-EQ,long,2023-03-31T13:45:00+05:30,182.35,2023-03-31T15:15:00+05:30,182.55,18,time_exit,3.6,52.0719,-48.4719,3404.7893
NSE:HDFCBANK-EQ,long,2023-03-31T15:12:00+05:30,805.0,2023-03-31T15:15:00+05:30,803.7,3,time_exit,-3.9,50.7794,-54.6794,3151.1001
NSE:WIPRO-EQ,long,2023-03-31T15:18:00+05:30,182.53,2023-03-31T15:21:00+05:30,182.73,17,time_exit,3.4,51.8058,-48.4058,3102.6944
NSE:HDFCBANK-EQ,long,2023-04-03T10:18:00+05:30,805.03,2023-04-03T10:45:00+05:30,803.4199,3,stoploss,-4.8302,50.7788,-55.6089,3047.0854
NSE:ICICIBANK-EQ,short,2023-04-03T10:39:00+05:30,873.2,2023-04-03T11:12:00+05:30,869.7072,3,target,10.4784,51.0787,-40.6003,3062.0941
NSE:INFY-EQ,short,2023-04-03T10:42:00+05:30,1415.95,2023-04-03T11:15:00+05:30,1410.2862,2,target,11.3276,51.3931,-40.0655,3062.6289
NSE:RELIANCE-EQ,short,2023-04-03T10:39:00+05:30,1160.2,2023-04-03T11:36:00+05:30,1162.5204,2,stoploss,-4.6408,50.6453,-55.2861,3047.4083
NSE:ICICIBANK-EQ,short,2023-04-03T11:15:00+05:30,869.7,2023-04-03T11:39:00+05:30,871.4394,3,stoploss,-5.2182,51.074,-56.2922,3006.3367
NSE:HDFCBANK-EQ,short,2023-04-03T11:33:00+05:30,801.73,2023-04-03T11:51:00+05:30,803.3335,3,stoploss,-4.8104,50.7712,-55.5816,3007.0473
NSE:AXISBANK-EQ,short,2023-04-03T11:45:00+05:30,858.0,2023-04-03T11:57:00+05:30,859.716,3,stoploss,-5.148,51.0219,-56.1699,2950.1668
NSE:AXISBANK-EQ,long,2023-04-03T12:12:00+05:30,862.4,2023-04-03T12:15:00+05:30,860.6752,3,stoploss,-5.1744,51.0338,-56.2082,2893.9586
NSE:KOTAKBANK-EQ,long,2023-04-03T12:00:00+05:30,348.93,2023-04-03T12:18:00+05:30,350.3257,8,target,11.1658,51.3497,-40.184,2909.9829
NSE:ICICIBANK-EQ,long,2023-04-03T12:21:00+05:30,874.85,2023-04-03T12:27:00+05:30,873.1003,3,stoploss,-5.2491,51.0892,-56.3383,2853.6446
NSE:AXISBANK-EQ,long,2023-04-03T12:18:00+05:30,860.95,2023-04-03T12:39:00+05:30,859.2281,3,stoploss,-5.1657,51.0274,-56.1931,2853.7898
NSE:SBIN-EQ,long,2023-04-03T12:00:00+05:30,525.8,2023-04-03T12:42:00+05:30,527.9032,5,target,10.516,51.1082,-40.5922,2909.5746
NSE:ASIANPAINT-EQ,long,2023-04-03T12:18:00+05:30,2750.0,2023-04-03T12:42:00+05:30,2761.0,1,target,11.0,51.2881,-40.2881,2869.6948
NSE:SBIN-EQ,long,2023-04-03T12:45:00+05:30,527.95,2023-04-03T12:48:00+05:30,526.8941,5,stoploss,-5.2795,51.1117,-56.3912,2813.3036
NSE:BAJFINANCE-EQ,long,2023-04-03T12:24:00+05:30,566.47,2023-04-03T12:57:00+05:30,565.3371,5,stoploss,-5.6647,51.3971,-57.0618,2852.9211
NSE:HDFCBANK-EQ,long,2023-04-03T12:54:00+05:30,806.03,2023-04-03T12:57:00+05:30,804.4179,3,stoploss,-4.8362,50.7832,-55.6194,2757.6842
NSE:SUNPHARMA-EQ,short,2023-04-03T11:03:00+05:30,978.45,2023-04-03T13:00:00+05:30,980.4069,3,stoploss,-5.8707,51.5584,-57.4291,2989.6563
NSE:KOTAKBANK-EQ,long,2023-04-03T12:48:00+05:30,350.2,2023-04-03T13:00:00+05:30,349.4996,8,stoploss,-5.6032,51.3515,-56.9547,2756.3489
NSE:INFY-EQ,short,2023-04-03T11:36:00+05:30,1410.35,2023-04-03T13:03:00+05:30,1413.1707,2,stoploss,-5.6414,51.3882,-57.0296,2990.3787
NSE:TITAN-EQ,long,2023-04-03T12:12:00+05:30,2532.9,2023-04-03T13:03:00+05:30,2543.0316,1,target,10.1316,50.9654,-40.8338,2909.3331
NSE:LT-EQ,long,2023-04-03T12:51:00+05:30,2171.4,2023-04-03T13:45:00+05:30,2167.0572,1,stoploss,-4.3428,50.4177,-54.7605,2758.5431
NSE:SBIN-EQ,long,2023-04-03T12:51:00+05:30,526.85,2023-04-03T14:00:00+05:30,525.7963,5,stoploss,-5.2685,51.1035,-56.372,2756.9316
NSE:KOTAKBANK-EQ,short,2023-04-03T13:48:00+05:30,348.68,2023-04-03T14:09:00+05:30,349.3774,7,stoploss,-4.8815,50.824,-55.7056,2702.8376
NSE:RELIANCE-EQ,short,2023-04-03T13:39:00+05:30,1161.78,2023-04-03T14:42:00+05:30,1164.1036,2,stoploss,-4.6471,50.65,-55.2971,2854.0359
NSE:BAJFINANCE-EQ,long,2023-04-03T14:33:00+05:30,566.4,2023-04-03T14:51:00+05:30,568.6656,4,target,9.0624,50.568,-41.5056,2661.332
NSE:LT-EQ,long,2023-04-03T14:06:00+05:30,2174.0,2023-04-03T14:57:00+05:30,2169.652,1,stoploss,-4.348,50.4215,-54.7695,2702.1621
NSE:WIPRO-EQ,long,2023-04-03T12:06:00+05:30,183.55,2023-04-03T15:15:00+05:30,184.1,16,time_exit,8.8,51.5635,-42.7635,2907.4034
NSE:RELIANCE-EQ,long,2023-04-03T14:45:00+05:30,1163.97,2023-04-03T15:15:00+05:30,1166.65,2,time_exit,5.36,50.6576,-45.2976,2808.7384
NSE:WIPRO-EQ,long,2023-04-03T15:24:00+05:30,183.98,2023-04-03T15:27:00+05:30,184.1,15,time_exit,1.8,51.2952,-49.4952,2759.2431
NSE:ASIANPAINT-EQ,long,2023-04-03T15:24:00+05:30,2779.1,2023-04-03T15:27:00+05:30,2778.5,1,time_exit,-0.6,51.3221,-51.9221,2756.8163
NSE:HDFCBANK-EQ,long,2023-04-05T10:54:00+05:30,823.55,2023-04-05T10:57:00+05:30,821.9029,3,stoploss,-4.9413,50.8611,-55.8024,2701.0139
NSE:TITAN-EQ,long,2023-04-05T10:51:00+05:30,2571.3,2023-04-05T11:06:00+05:30,2566.1574,1,stoploss,-5.1426,51.0102,-56.1528,2700.6634
NSE:TITAN-EQ,long,2023-04-05T11:24:00+05:30,2572.4,2023-04-05T11:30:00+05:30,2567.2552,1,stoploss,-5.1448,51.0119,-56.1567,2644.5067
NSE:INFY-EQ,long,2023-04-05T11:27:00+05:30,1422.0,2023-04-05T11:30:00+05:30,1419.156,1,stoploss,-2.844,49.3072,-52.1512,2648.5122
NSE:HDFCBANK-EQ,long,2023-04-05T11:24:00+05:30,823.33,2023-04-05T11:42:00+05:30,821.6833,3,stoploss,-4.94,50.8601,-55.8001,2644.8633
NSE:WIPRO-EQ,long,2023-04-05T11:54:00+05:30,185.3,2023-04-05T11:57:00+05:30,184.9294,14,stoploss,-5.1884,51.0442,-56.2326,2588.6307
NSE:INFY-EQ,long,2023-04-05T11:57:00+05:30,1423.4,2023-04-05T12:00:00+05:30,1420.5532,1,stoploss,-2.8468,49.3092,-52.156,2536.4747
NSE:INFY-EQ,long,2023-04-05T12:06:00+05:30,1422.0,2023-04-05T12:12:00+05:30,1419.156,1,stoploss,-2.844,49.3072,-52.1512,2484.3235
NSE:ICICIBANK-EQ,long,2023-04-05T11:45:00+05:30,879.0,2023-04-05T12:39:00+05:30,882.516,3,target,10.548,51.1201,-40.5721,2604.2912
NSE:HDFCBANK-EQ,long,2023-04-05T12:27:00+05:30,824.33,2023-04-05T13:09:00+05:30,827.6273,3,target,9.892,50.8763,-40.9844,2443.3392
NSE:SUNPHARMA-EQ,long,2023-04-05T11:48:00+05:30,986.0,2023-04-05T13:12:00+05:30,989.944,2,target,7.888,50.1315,-42.2435,2602.6198
NSE:SBIN-EQ,long,2023-04-05T12:51:00+05:30,522.85,2023-04-05T13:27:00+05:30,521.8043,4,stoploss,-4.1828,50.2991,-54.4819,2549.8093
NSE:LT-EQ,long,2023-04-05T12:45:00+05:30,2238.45,2023-04-05T13:33:00+05:30,2247.4038,1,target,8.9538,50.5277,-41.5739,2562.7173
NSE:WIPRO-EQ,long,2023-04-05T12:27:00+05:30,185.4,2023-04-05T13:42:00+05:30,185.0292,13,stoploss,-4.8204,50.7715,-55.5919,2428.7316
NSE:KOTAKBANK-EQ,long,2023-04-05T10:30:00+05:30,350.94,2023-04-05T13:51:00+05:30,350.2381,7,stoploss,-4.9132,50.8403,-55.7534,2701.0629
NSE:AXISBANK-EQ,long,2023-04-05T13:06:00+05:30,861.4,2023-04-05T13:51:00+05:30,859.6772,3,stoploss,-5.1684,51.0294,-56.1978,2548.0934
NSE:LT-EQ,long,2023-04-05T13:45:00+05:30,2244.0,2023-04-05T14:12:00+05:30,2239.512,1,stoploss,-4.488,50.5252,-55.0132,2373.7184
NSE:SUNPHARMA-EQ,long,2023-04-05T14:12:00+05:30,992.7,2023-04-05T15:06:00+05:30,996.6708,2,target,7.9416,50.1515,-42.2099,2331.5085
NSE:LT-EQ,long,2023-04-05T14:27:00+05:30,2247.35,2023-04-05T15:06:00+05:30,2256.3394,1,target,8.9894,50.5409,-41.5515,2332.1669
NSE:SBIN-EQ,long,2023-04-05T15:00:00+05:30,523.0,2023-04-05T15:12:00+05:30,521.954,4,stoploss,-4.184,50.3,-54.484,2319.2344
NSE:AXISBANK-EQ,long,2023-04-05T15:09:00+05:30,861.2,2023-04-05T15:12:00+05:30,859.4776,2,stoploss,-3.4448,49.7523,-53.1971,2278.9698
NSE:TITAN-EQ,long,2023-04-05T13:27:00+05:30,2573.1,2023-04-05T15:15:00+05:30,2573.7,1,time_exit,0.6,51.0175,-50.4175,2499.3918
NSE:ICICIBANK-EQ,long,2023-04-05T13:51:00+05:30,883.55,2023-04-05T15:15:00+05:30,884.45,2,time_exit,1.8,49.8228,-48.0228,2500.0706
NSE:RELIANCE-EQ,long,2023-04-05T15:03:00+05:30,1162.43,2023-04-05T15:15:00+05:30,1163.05,2,time_exit,1.24,50.6497,-49.4097,2324.3086
NSE:RELIANCE-EQ,long,2023-04-05T15:18:00+05:30,1163.0,2023-04-05T15:21:00+05:30,1163.28,1,time_exit,0.28,48.9254,-48.6454,2275.6632
NSE:RELIANCE-EQ,long,2023-04-05T15:24:00+05:30,1163.25,2023-04-05T15:27:00+05:30,1162.5,1,time_exit,-0.75,48.925,-49.675,2225.9882
NSE:HDFCBANK-EQ,long,2023-04-06T10:36:00+05:30,828.6,2023-04-06T10:45:00+05:30,826.9428,2,stoploss,-3.3144,49.6557,-52.9701,2173.0181
NSE:SUNPHARMA-EQ,long,2023-04-06T10:36:00+05:30,998.95,2023-04-06T10:57:00+05:30,1002.9458,2,target,7.9916,50.1701,-42.1785,2183.8097
NSE:KOTAKBANK-EQ,long,2023-04-06T10:39:00+05:30,350.31,2023-04-06T11:09:00+05:30,351.7112,6,target,8.4074,50.3246,-41.9172,2184.071
NSE:ICICIBANK-EQ,long,2023-04-06T10:51:00+05:30,886.2,2023-04-06T11:12:00+05:30,889.7448,2,target,7.0896,49.8348,-42.7452,2130.2729
NSE:WIPRO-EQ,long,2023-04-06T10:54:00+05:30,184.9,2023-04-06T11:15:00+05:30,184.5302,11,stoploss,-4.0678,50.2139,-54.2817,2118.7364
NSE:INFY-EQ,long,2023-04-06T11:18:00+05:30,1422.25,2023-04-06T11:21:00+05:30,1419.4055,1,stoploss,-2.8445,49.3075,-52.152,2066.5843
NSE:RELIANCE-EQ,long,2023-04-06T11:24:00+05:30,1170.58,2023-04-06T11:27:00+05:30,1168.2388,1,stoploss,-2.3412,48.9346,-51.2758,2015.3086
NSE:ICICIBANK-EQ,long,2023-04-06T11:21:00+05:30,888.15,2023-04-06T11:30:00+05:30,886.3737,2,stoploss,-3.5526,49.8322,-53.3848,2013.1996
NSE:RELIANCE-EQ,long,2023-04-06T11:33:00+05:30,1170.45,2023-04-06T11:36:00+05:30,1168.1091,1,stoploss,-2.3409,48.9344,-51.2753,1961.9242
NSE:ICICIBANK-EQ,long,2023-04-06T11:33:00+05:30,886.15,2023-04-06T11:39:00+05:30,884.3777,2,stoploss,-3.5446,49.8263,-53.3709,1959.8287
NSE:KOTAKBANK-EQ,long,2023-04-06T11:15:00+05:30,351.3,2023-04-06T11:48:00+05:30,350.5974,6,stoploss,-4.2156,50.3234,-54.539,2064.1974
NSE:RELIANCE-EQ,long,2023-04-06T12:24:00+05:30,1171.95,2023-04-06T12:30:00+05:30,1169.6061,1,stoploss,-2.3439,48.9366,-51.2805,2012.9168
NSE:SUNPHARMA-EQ,long,2023-04-06T11:51:00+05:30,1004.9,2023-04-06T12:42:00+05:30,1008.9196,2,target,8.0392,50.1877,-42.1485,2022.0488
NSE:HDFCBANK-EQ,long,2023-04-06T11:18:00+05:30,829.25,2023-04-06T12:48:00+05:30,827.5915,2,stoploss,-3.317,49.6576,-52.9746,2065.7618
NSE:BAJFINANCE-EQ,long,2023-04-06T12:33:00+05:30,590.36,2023-04-06T13:03:00+05:30,592.7214,3,target,7.0843,49.8329,-42.7485,1970.1683
NSE:INFY-EQ,short,2023-04-06T13:27:00+05:30,1416.15,2023-04-06T13:30:00+05:30,1418.9823,1,stoploss,-2.8323,49.3027,-52.135,1918.0333
NSE:KOTAKBANK-EQ,long,2023-04-06T11:51:00+05:30,350.88,2023-04-06T13:36:00+05:30,352.2835,5,target,7.0176,49.8081,-42.7905,2021.4069
NSE:BAJFINANCE-EQ,long,2023-04-06T13:09:00+05:30,591.54,2023-04-06T13:39:00+05:30,590.3569,3,stoploss,-3.5492,49.8297,-53.3789,1916.7894
NSE:AXISBANK-EQ,long,2023-04-06T13:12:00+05:30,857.85,2023-04-06T13:39:00+05:30,856.1343,2,stoploss,-3.4314,49.7424,-53.1738,1916.9945
NSE:SBIN-EQ,short,2023-04-06T13:51:00+05:30,527.85,2023-04-06T13:54:00+05:30,525.7386,3,target,6.3342,49.5447,-43.2105,1873.784
NSE:HDFCBANK-EQ,long,2023-04-06T13:12:00+05:30,828.95,2023-04-06T14:24:00+05:30,832.2658,2,target,6.6316,49.6646,-43.033,1927.1353
NSE:SUNPHARMA-EQ,long,2023-04-06T14:39:00+05:30,1013.05,2023-04-06T14:45:00+05:30,1011.0239,1,stoploss,-2.0261,48.7012,-50.7273,1876.408
NSE:WIPRO-EQ,short,2023-04-06T14:03:00+05:30,183.35,2023-04-06T15:15:00+05:30,183.23,10,time_exit,1.2,49.919,-48.719,1825.065
NSE:INFY-EQ,short,2023-04-06T14:33:00+05:30,1419.65,2023-04-06T15:15:00+05:30,1422.4893,1,stoploss,-2.8393,49.3079,-52.1472,1874.9881
NSE:BAJFINANCE-EQ,long,2023-04-06T14:54:00+05:30,592.29,2023-04-06T15:15:00+05:30,592.06,3,time_exit,-0.69,49.8353,-50.5253,1825.8827
NSE:BAJFINANCE-EQ,short,2023-04-10T10:51:00+05:30,584.0,2023-04-10T11:06:00+05:30,581.664,3,target,7.008,49.7941,-42.7861,1783.0966
NSE:ICICIBANK-EQ,short,2023-04-10T11:09:00+05:30,870.1,2023-04-10T11:12:00+05:30,871.8402,2,stoploss,-3.4804,49.7839,-53.2643,1729.8323
NSE:SBIN-EQ,short,2023-04-10T11:09:00+05:30,525.8,2023-04-10T11:12:00+05:30,526.8516,3,stoploss,-3.1548,49.5421,-52.6969,1730.3997
NSE:SUNPHARMA-EQ,long,2023-04-10T11:21:00+05:30,1013.1,2023-04-10T11:30:00+05:30,1011.0738,1,stoploss,-2.0262,48.7012,-50.7274,1679.6722
NSE:HDFCBANK-EQ,short,2023-04-10T10:48:00+05:30,830.18,2023-04-10T11:51:00+05:30,831.8404,2,stoploss,-3.3207,49.6653,-52.986,1772.8967
NSE:RELIANCE-EQ,short,2023-04-10T10:36:00+05:30,1169.58,2023-04-10T11:57:00+05:30,1171.9192,1,stoploss,-2.3392,48.9366,-51.2758,1774.6069
NSE:INFY-EQ,long,2023-04-10T11:24:00+05:30,1427.75,2023-04-10T12:03:00+05:30,1433.461,1,target,5.711,49.3225,-43.6115,1686.7882
NSE:KOTAKBANK-EQ,long,2023-04-10T11:15:00+05:30,351.63,2023-04-10T12:21:00+05:30,353.0365,4,target,5.6261,49.2909,-43.6648,1686.7348
NSE:AXISBANK-EQ,short,2023-04-10T10:54:00+05:30,847.9,2023-04-10T12:24:00+05:30,849.5958,2,stoploss,-3.3916,49.7179,-53.1095,1772.7732
NSE:RELIANCE-EQ,long,2023-04-10T12:24:00+05:30,1172.22,2023-04-10T12:42:00+05:30,1169.8756,1,stoploss,-2.3444,48.937,-51.2815,1721.4917
NSE:SBIN-EQ,long,2023-04-10T12:39:00+05:30,528.8,2023-04-10T12:42:00+05:30,527.7424,3,stoploss,-3.1728,49.5508,-52.7236,1720.0496
NSE:INFY-EQ,long,2023-04-10T12:33:00+05:30,1432.6,2023-04-10T12:45:00+05:30,1429.7348,1,stoploss,-2.8652,49.3229,-52.1881,1720.5851
NSE:WIPRO-EQ,long,2023-04-10T11:36:00+05:30,184.85,2023-04-10T12:48:00+05:30,185.5894,9,target,6.6546,49.6732,-43.0186,1636.6537
NSE:ICICIBANK-EQ,long,2023-04-10T12:15:00+05:30,873.7,2023-04-10T13:03:00+05:30,871.9526,1,stoploss,-1.7474,48.4947,-50.2421,1636.5461
NSE:INFY-EQ,long,2023-04-10T12:48:00+05:30,1430.95,2023-04-10T13:18:00+05:30,1428.0881,1,stoploss,-2.8619,49.3204,-52.1823,1584.4713
NSE:AXISBANK-EQ,long,2023-04-10T12:42:00+05:30,849.5,2023-04-10T13:33:00+05:30,847.801,2,stoploss,-3.398,49.7176,-53.1156,1666.9339
NSE:SBIN-EQ,long,2023-04-10T12:45:00+05:30,528.55,2023-04-10T13:33:00+05:30,527.4929,3,stoploss,-3.1713,49.5497,-52.721,1667.8641
NSE:HDFCBANK-EQ,long,2023-04-10T12:42:00+05:30,834.5,2023-04-10T13:42:00+05:30,832.831,2,stoploss,-3.338,49.6732,-53.0112,1667.0384
NSE:RELIANCE-EQ,short,2023-04-10T13:21:00+05:30,1170.63,2023-04-10T13:57:00+05:30,1165.9475,1,target,4.6825,48.9333,-44.2508,1540.2206
NSE:BAJFINANCE-EQ,short,2023-04-10T14:00:00+05:30,583.46,2023-04-10T14:09:00+05:30,584.6269,2,stoploss,-2.3338,48.9326,-51.2665,1488.9541
NSE:KOTAKBANK-EQ,long,2023-04-10T12:42:00+05:30,352.82,2023-04-10T14:12:00+05:30,352.1144,5,stoploss,-3.5282,49.8141,-53.3423,1666.7073
NSE:ICICIBANK-EQ,short,2023-04-10T13:24:00+05:30,869.85,2023-04-10T14:15:00+05:30,866.3706,1,target,3.4794,48.4879,-45.0085,1539.4628
NSE:AXISBANK-EQ,short,2023-04-10T15:00:00+05:30,846.3,2023-04-10T15:03:00+05:30,847.9926,1,stoploss,-1.6926,48.4566,-50.1492,1489.3136
NSE:SUNPHARMA-EQ,short,2023-04-10T13:33:00+05:30,1010.3,2023-04-10T15:15:00+05:30,1009.2,1,time_exit,1.1,48.6979,-47.5979,1620.2662
NSE:BAJFINANCE-EQ,short,2023-04-10T14:15:00+05:30,583.8,2023-04-10T15:15:00+05:30,582.9,2,time_exit,1.8,48.9308,-47.1308,1492.332
NSE:HDFCBANK-EQ,short,2023-04-10T15:03:00+05:30,829.7,2023-04-10T15:15:00+05:30,829.45,1,time_exit,0.25,48.4306,-48.1806,1441.133
NSE:BAJFINANCE-EQ,long,2023-04-11T10:15:00+05:30,586.02,2023-04-11T10:21:00+05:30,584.848,2,stoploss,-2.3441,48.9368,-51.2809,1389.8521
NSE:INFY-EQ,long,2023-04-11T10:21:00+05:30,1432.8,2023-04-11T10:24:00+05:30,1429.9344,1,stoploss,-2.8656,49.3232,-52.1888,1337.6633
NSE:AXISBANK-EQ,long,2023-04-11T10:24:00+05:30,849.6,2023-04-11T10:27:00+05:30,847.9008,1,stoploss,-1.6992,48.459,-50.1582,1287.5052
NSE:SUNPHARMA-EQ,long,2023-04-11T10:39:00+05:30,1020.45,2023-04-11T10:51:00+05:30,1018.4091,1,stoploss,-2.0409,48.7121,-50.753,1236.7521
NSE:HDFCBANK-EQ,long,2023-04-11T11:03:00+05:30,832.53,2023-04-11T11:39:00+05:30,830.8649,1,stoploss,-1.6651,48.4337,-50.0987,1186.6534
NSE:WIPRO-EQ,short,2023-04-11T11:36:00+05:30,185.4,2023-04-11T11:51:00+05:30,185.7708,6,stoploss,-2.2248,48.8517,-51.0765,1185.6756
NSE:AXISBANK-EQ,short,2023-04-11T11:18:00+05:30,847.6,2023-04-11T12:30:00+05:30,849.2952,1,stoploss,-1.6952,48.4585,-50.1537,1186.5984
NSE:BAJFINANCE-EQ,short,2023-04-11T12:15:00+05:30,581.83,2023-04-11T12:48:00+05:30,582.9937,2,stoploss,-2.3273,48.9278,-51.2551,1134.4205
NSE:WIPRO-EQ,short,2023-04-11T13:09:00+05:30,184.53,2023-04-11T13:21:00+05:30,184.8991,6,stoploss,-2.2144,48.8439,-51.0583,1083.3622
NSE:AXISBANK-EQ,long,2023-04-11T13:48:00+05:30,849.9,2023-04-11T14:42:00+05:30,853.2996,1,target,3.3996,48.4635,-45.0639,1038.2984
NSE:HDFCBANK-EQ,short,2023-04-11T12:18:00+05:30,831.1,2023-04-11T15:15:00+05:30,831.78,1,time_exit,-0.68,48.4333,-49.1133,1136.5623
NSE:SUNPHARMA-EQ,short,2023-04-11T13:27:00+05:30,1011.25,2023-04-11T15:15:00+05:30,1009.7,1,time_exit,1.55,48.699,-47.149,1036.2132
NSE:KOTAKBANK-EQ,long,2023-04-11T13:39:00+05:30,368.79,2023-04-11T15:15:00+05:30,369.33,2,time_exit,1.08,48.295,-47.215,1036.1472
NSE:KOTAKBANK-EQ,long,2023-04-11T15:21:00+05:30,369.45,2023-04-11T15:24:00+05:30,368.8,2,time_exit,-1.3,48.2951,-49.5951,986.5521
NSE:WIPRO-EQ,long,2023-04-12T10:12:00+05:30,185.63,2023-04-12T10:24:00+05:30,185.2587,5,stoploss,-1.8563,48.5754,-50.4317,936.1205
NSE:ICICIBANK-EQ,long,2023-04-12T10:21:00+05:30,886.05,2023-04-12T10:36:00+05:30,884.2779,1,stoploss,-1.7721,48.513,-50.2851,936.2671
NSE:WIPRO-EQ,long,2023-04-12T10:57:00+05:30,185.85,2023-04-12T12:18:00+05:30,186.5934,5,target,3.717,48.5814,-44.8644,891.4027
NSE:HDFCBANK-EQ,long,2023-04-12T10:54:00+05:30,838.48,2023-04-12T12:30:00+05:30,841.8339,1,target,3.3539,48.4465,-45.0926,891.1745
NSE:KOTAKBANK-EQ,long,2023-04-12T11:18:00+05:30,369.73,2023-04-12T12:33:00+05:30,368.9905,2,stoploss,-1.4789,48.2958,-49.7747,886.4924
NSE:AXISBANK-EQ,short,2023-04-12T10:39:00+05:30,851.05,2023-04-12T13:03:00+05:30,847.6458,1,target,3.4042,48.4601,-45.0559,891.2112
NSE:ICICIBANK-EQ,long,2023-04-12T11:12:00+05:30,885.35,2023-04-12T13:30:00+05:30,888.8914,1,target,3.5414,48.5161,-44.9747,891.2923
NSE:HDFCBANK-EQ,long,2023-04-12T12:39:00+05:30,840.1,2023-04-12T13:36:00+05:30,843.4604,1,target,3.3604,48.4489,-45.0885,841.4039
NSE:BAJFINANCE-EQ,long,2023-04-12T12:48:00+05:30,582.51,2023-04-12T13:36:00+05:30,584.84,1,target,2.33,48.066,-45.7359,840.7565
NSE:SBIN-EQ,short,2023-04-12T10:39:00+05:30,529.95,2023-04-12T14:09:00+05:30,527.8302,1,target,2.1198,47.9847,-45.8649,890.4022
NSE:WIPRO-EQ,long,2023-04-12T12:36:00+05:30,186.35,2023-04-12T14:33:00+05:30,185.9773,4,stoploss,-1.4908,48.3046,-49.7954,836.697
NSE:HDFCBANK-EQ,long,2023-04-12T14:18:00+05:30,843.0,2023-04-12T14:33:00+05:30,841.314,1,stoploss,-1.686,48.4492,-50.1352,840.267
NSE:SBIN-EQ,short,2023-04-12T15:03:00+05:30,526.95,2023-04-12T15:15:00+05:30,528.0039,1,stoploss,-1.0539,47.9824,-49.0363,791.2307
NSE:BAJFINANCE-EQ,long,2023-04-12T15:18:00+05:30,585.1,2023-04-12T15:21:00+05:30,586.89,1,time_exit,1.79,48.0694,-46.2794,744.9513
NSE:WIPRO-EQ,short,2023-04-13T10:39:00+05:30,183.93,2023-04-13T10:51:00+05:30,183.1943,4,target,2.9429,48.2893,-45.3465,699.6049
NSE:KOTAKBANK-EQ,short,2023-04-13T11:03:00+05:30,367.63,2023-04-13T11:45:00+05:30,368.3653,1,stoploss,-0.7353,47.7459,-48.4811,651.1237
NSE:SBIN-EQ,short,2023-04-13T12:12:00+05:30,528.5,2023-04-13T12:51:00+05:30,529.557,1,stoploss,-1.057,47.9847,-49.0417,602.082
NSE:KOTAKBANK-EQ,short,2023-04-13T12:54:00+05:30,367.52,2023-04-13T13:15:00+05:30,368.255,1,stoploss,-0.735,47.7457,-48.4807,553.6013
NSE:WIPRO-EQ,short,2023-04-13T12:06:00+05:30,183.35,2023-04-13T13:48:00+05:30,183.7167,3,stoploss,-1.1001,48.0167,-49.1168,602.0069
NSE:SBIN-EQ,long,2023-04-13T13:15:00+05:30,530.0,2023-04-13T14:51:00+05:30,532.12,1,target,2.12,47.9879,-45.8679,507.7334
NSE:BAJFINANCE-EQ,long,2023-04-13T14:09:00+05:30,591.3,2023-04-13T15:15:00+05:30,590.1174,1,stoploss,-1.1826,48.0762,-49.2588,552.7481
NSE:WIPRO-EQ,long,2023-04-13T14:48:00+05:30,184.03,2023-04-13T15:15:00+05:30,184.3,3,time_exit,0.81,48.0196,-47.2096,554.7973
NSE:KOTAKBANK-EQ,long,2023-04-13T15:21:00+05:30,373.75,2023-04-13T15:24:00+05:30,374.06,1,time_exit,0.31,47.7547,-47.4447,507.3526
NSE:WIPRO-EQ,long,2023-04-17T13:45:00+05:30,179.95,2023-04-17T14:21:00+05:30,180.6698,2,target,1.4396,47.735,-46.2954,461.0572
NSE:KOTAKBANK-EQ,long,2023-04-17T13:48:00+05:30,379.58,2023-04-17T15:06:00+05:30,378.8208,1,stoploss,-0.7592,47.7625,-48.5216,458.831
NSE:WIPRO-EQ,long,2023-04-17T15:18:00+05:30,180.68,2023-04-17T15:21:00+05:30,180.7,2,time_exit,0.04,47.7361,-47.6961,411.1349
NSE:WIPRO-EQ,long,2023-04-17T15:24:00+05:30,180.7,2023-04-17T15:27:00+05:30,180.85,2,time_exit,0.3,47.7363,-47.4363,363.6986
NSE:WIPRO-EQ,long,2023-04-18T12:21:00+05:30,181.35,2023-04-18T12:36:00+05:30,182.0754,2,target,1.4508,47.7392,-46.2884,317.4102
NSE:WIPRO-EQ,long,2023-04-19T12:36:00+05:30,182.9,2023-04-19T13:03:00+05:30,182.5342,1,stoploss,-0.3658,47.471,-47.8368,269.5733
NSE:WIPRO-EQ,short,2023-04-19T13:36:00+05:30,182.1,2023-04-19T14:15:00+05:30,181.3716,1,target,0.7284,47.4696,-46.7412,222.8321
NSE:WIPRO-EQ,long,2023-04-20T12:33:00+05:30,181.68,2023-04-20T12:39:00+05:30,181.3166,1,stoploss,-0.3634,47.4692,-47.8326,174.9995
NSE:WIPRO-EQ,short,2026-06-23T13:51:00+05:30,174.99,2026-06-23T15:15:00+05:30,174.56,1,time_exit,0.43,47.4593,-47.0293,127.9703
